Unity Editor version:    2022.3.56f1 (dd0c98481d00)
Branch:                  2022.3/staging
Build type:              Release
Batch mode:              YES
macOS version:           Version 15.0.1 (Build 24A348)
Darwin version:          24.0.0
Architecture:            arm64
Running under Rosetta:   NO
Available memory:        8192 MB
Using pre-set license
Pro License: YES

COMMAND LINE ARGUMENTS:
/Applications/Unity/Hub/Editor/2022.3.56f1/Unity.app/Contents/MacOS/Unity
-adb2
-batchMode
-noUpm
-name
AssetImportWorker0
-projectPath
/Users/yohann/Hades_environnement
-logFile
Logs/AssetImportWorker0.log
-srvPort
53008
Successfully changed project path to: /Users/yohann/Hades_environnement
/Users/yohann/Hades_environnement
[UnityMemory] Configuration Parameters - Can be set up in boot.config
    "memorysetup-bucket-allocator-granularity=16"
    "memorysetup-bucket-allocator-bucket-count=8"
    "memorysetup-bucket-allocator-block-size=33554432"
    "memorysetup-bucket-allocator-block-count=8"
    "memorysetup-main-allocator-block-size=16777216"
    "memorysetup-thread-allocator-block-size=16777216"
    "memorysetup-gfx-main-allocator-block-size=16777216"
    "memorysetup-gfx-thread-allocator-block-size=16777216"
    "memorysetup-cache-allocator-block-size=4194304"
    "memorysetup-typetree-allocator-block-size=2097152"
    "memorysetup-profiler-bucket-allocator-granularity=16"
    "memorysetup-profiler-bucket-allocator-bucket-count=8"
    "memorysetup-profiler-bucket-allocator-block-size=33554432"
    "memorysetup-profiler-bucket-allocator-block-count=8"
    "memorysetup-profiler-allocator-block-size=16777216"
    "memorysetup-profiler-editor-allocator-block-size=1048576"
    "memorysetup-temp-allocator-size-main=16777216"
    "memorysetup-job-temp-allocator-block-size=2097152"
    "memorysetup-job-temp-allocator-block-size-background=1048576"
    "memorysetup-job-temp-allocator-reduction-small-platforms=262144"
    "memorysetup-allocator-temp-initial-block-size-main=262144"
    "memorysetup-allocator-temp-initial-block-size-worker=262144"
    "memorysetup-temp-allocator-size-background-worker=32768"
    "memorysetup-temp-allocator-size-job-worker=262144"
    "memorysetup-temp-allocator-size-preload-manager=33554432"
    "memorysetup-temp-allocator-size-nav-mesh-worker=65536"
    "memorysetup-temp-allocator-size-audio-worker=65536"
    "memorysetup-temp-allocator-size-cloud-worker=32768"
    "memorysetup-temp-allocator-size-gi-baking-worker=262144"
    "memorysetup-temp-allocator-size-gfx=262144"
Player connection [8444146240]  Target information:

Player connection [8444146240]  * "[IP] 192.168.3.1 [Port] 0 [Flags] 2 [Guid] 524303077 [EditorId] 524303077 [Version] 1048832 [Id] OSXEditor(0,MacBook-Pro-de-yohann.local) [Debug] 1 [PackageName] OSXEditor [ProjectName] Editor" 

Player connection [8444146240]  * "[IP] 172.20.10.10 [Port] 0 [Flags] 2 [Guid] 524303077 [EditorId] 524303077 [Version] 1048832 [Id] OSXEditor(0,MacBook-Pro-de-yohann.local) [Debug] 1 [PackageName] OSXEditor [ProjectName] Editor" 

Player connection [8444146240]  * "[IP] 192.168.2.1 [Port] 0 [Flags] 2 [Guid] 524303077 [EditorId] 524303077 [Version] 1048832 [Id] OSXEditor(0,MacBook-Pro-de-yohann.local) [Debug] 1 [PackageName] OSXEditor [ProjectName] Editor" 

Player connection [8444146240] Host joined multi-casting on [225.0.0.222:54997]...
Player connection [8444146240] Host joined alternative multi-casting on [225.0.0.222:34997]...
Input System module state changed to: Initialized.
[PhysX] Initialized MultithreadedTaskDispatcher with 8 workers.
Refreshing native plugins compatible for Editor in 9.97 ms, found 2 plugins.
Preloading 0 native plugins for Editor in 0.00 ms.
Initialize engine version: 2022.3.56f1 (dd0c98481d00)
[Subsystems] Discovering subsystems at path /Applications/Unity/Hub/Editor/2022.3.56f1/Unity.app/Contents/Resources/UnitySubsystems
[Subsystems] Discovering subsystems at path /Users/yohann/Hades_environnement/Assets
GfxDevice: creating device client; threaded=0; jobified=0
 preferred device: Apple M1 (high power)
Metal devices available: 1
0: Apple M1 (high power)
Using device Apple M1 (high power)
Initializing Metal device caps: Apple M1
Initialize mono
Mono path[0] = '/Applications/Unity/Hub/Editor/2022.3.56f1/Unity.app/Contents/Managed'
Mono path[1] = '/Applications/Unity/Hub/Editor/2022.3.56f1/Unity.app/Contents/MonoBleedingEdge/lib/mono/unityjit-macos'
Mono config path = '/Applications/Unity/Hub/Editor/2022.3.56f1/Unity.app/Contents/MonoBleedingEdge/etc'
Using monoOptions --debugger-agent=transport=dt_socket,embedding=1,server=y,suspend=n,address=127.0.0.1:56083
Begin MonoManager ReloadAssembly
Registering precompiled unity dll's ...
Register platform support module: /Applications/Unity/Hub/Editor/2022.3.56f1/Unity.app/Contents/PlaybackEngines/MacStandaloneSupport/UnityEditor.OSXStandalone.Extensions.dll
Register platform support module: /Applications/Unity/Hub/Editor/2022.3.56f1/PlaybackEngines/AndroidPlayer/UnityEditor.Android.Extensions.dll
Registered in 0.002762 seconds.
- Loaded All Assemblies, in  0.769 seconds
Native extension for Android target not found
Android Extension - Scanning For ADB Devices 348 ms
Native extension for OSXStandalone target not found
Mono: successfully reloaded assembly
- Finished resetting the current domain, in  0.986 seconds
Domain Reload Profiling: 1755ms
	BeginReloadAssembly (170ms)
		ExecutionOrderSort (0ms)
		DisableScriptedObjects (0ms)
		BackupInstance (0ms)
		ReleaseScriptingObjects (0ms)
		CreateAndSetChildDomain (1ms)
	RebuildCommonClasses (98ms)
	RebuildNativeTypeToScriptingClass (29ms)
	initialDomainReloadingComplete (106ms)
	LoadAllAssembliesAndSetupDomain (365ms)
		LoadAssemblies (169ms)
		RebuildTransferFunctionScriptingTraits (0ms)
		AnalyzeDomain (363ms)
			TypeCache.Refresh (361ms)
				TypeCache.ScanAssembly (332ms)
			ScanForSourceGeneratedMonoScriptInfo (1ms)
			ResolveRequiredComponents (1ms)
	FinalizeReload (987ms)
		ReleaseScriptCaches (0ms)
		RebuildScriptCaches (0ms)
		SetupLoadedEditorAssemblies (873ms)
			LogAssemblyErrors (0ms)
			InitializePlatformSupportModulesInManaged (530ms)
			SetLoadedEditorAssemblies (7ms)
			RefreshPlugins (0ms)
			BeforeProcessingInitializeOnLoad (3ms)
			ProcessInitializeOnLoadAttributes (233ms)
			ProcessInitializeOnLoadMethodAttributes (99ms)
			AfterProcessingInitializeOnLoad (0ms)
			EditorAssembliesLoaded (0ms)
		ExecutionOrderSort2 (0ms)
		AwakeInstancesAfterBackupRestoration (0ms)
========================================================================
Worker process is ready to serve import requests
Caller must complete domain reload
Begin MonoManager ReloadAssembly
- Loaded All Assemblies, in  1.418 seconds
Native extension for Android target not found
Native extension for OSXStandalone target not found
Mono: successfully reloaded assembly
- Finished resetting the current domain, in  1.544 seconds
Domain Reload Profiling: 2970ms
	BeginReloadAssembly (278ms)
		ExecutionOrderSort (0ms)
		DisableScriptedObjects (10ms)
		BackupInstance (0ms)
		ReleaseScriptingObjects (0ms)
		CreateAndSetChildDomain (61ms)
	RebuildCommonClasses (92ms)
	RebuildNativeTypeToScriptingClass (28ms)
	initialDomainReloadingComplete (84ms)
	LoadAllAssembliesAndSetupDomain (943ms)
		LoadAssemblies (489ms)
		RebuildTransferFunctionScriptingTraits (0ms)
		AnalyzeDomain (566ms)
			TypeCache.Refresh (497ms)
				TypeCache.ScanAssembly (447ms)
			ScanForSourceGeneratedMonoScriptInfo (41ms)
			ResolveRequiredComponents (26ms)
	FinalizeReload (1545ms)
		ReleaseScriptCaches (0ms)
		RebuildScriptCaches (0ms)
		SetupLoadedEditorAssemblies (1125ms)
			LogAssemblyErrors (0ms)
			InitializePlatformSupportModulesInManaged (28ms)
			SetLoadedEditorAssemblies (8ms)
			RefreshPlugins (0ms)
			BeforeProcessingInitializeOnLoad (149ms)
			ProcessInitializeOnLoadAttributes (788ms)
			ProcessInitializeOnLoadMethodAttributes (150ms)
			AfterProcessingInitializeOnLoad (2ms)
			EditorAssembliesLoaded (0ms)
		ExecutionOrderSort2 (0ms)
		AwakeInstancesAfterBackupRestoration (8ms)
Launching external process: /Applications/Unity/Hub/Editor/2022.3.56f1/Unity.app/Contents/Tools/UnityShaderCompiler
Launched and connected shader compiler UnityShaderCompiler after 0.08 seconds
Refreshing native plugins compatible for Editor in 7.33 ms, found 2 plugins.
Preloading 0 native plugins for Editor in 0.00 ms.
Unloading 5572 Unused Serialized files (Serialized files now loaded: 0)
Unloading 39 unused Assets / (2.1 MB). Loaded Objects now: 6031.
Memory consumption went from 233.9 MB to 231.9 MB.
Total: 11.104875 ms (FindLiveObjects: 0.522167 ms CreateObjectMapping: 0.348000 ms MarkObjects: 8.180625 ms  DeleteObjects: 2.050334 ms)

AssetImportParameters requested are different than current active one (requested -> active):
  custom:container-demuxer-ogg: 62fdf1f143b41e24485cea50d1cbac27 -> 
  custom:video-decoder-ogg-theora: a1e56fd34408186e4bbccfd4996cb3dc -> 
  custom:CustomObjectIndexerAttribute: 3ead1caaecf1c488f20bcfeb224b6af5 -> 
  custom:container-demuxer-webm: 4f35f7cbe854078d1ac9338744f61a02 -> 
  custom:container-muxer-webm: aa71ff27fc2769a1b78a27578f13a17b -> 
  custom:video-decoder-webm-vp8: 9c59270c3fd7afecdb556c50c9e8de78 -> 
  custom:SearchIndexIgnoredProperties: e643bd26f0fe6173181afceb89e7c659 -> 
  custom:AudioImporter_EditorPlatform: 3918e3fc78b5a79bad01e8451be0beb8 -> 
  custom:framework-osx-AVFoundation: e770b220cccbd017edd2c1fefb359320 -> 
  custom:video-encoder-webm-vp8: eb34c28f22e8b96e1ab97ce403110664 -> 
  custom:audio-decoder-ogg-vorbis: bf7c407c2cedff20999df2af8eb42d56 -> 
  custom:audio-encoder-webm-vorbis: bf7c407c2cedff20999df2af8eb42d56 -> 
========================================================================
Received Import Request.
  Time since last request: 420623.046181 seconds.
  path: Assets/Scenes/Animations_TD/Boxing.fbx
  artifactKey: Guid(aad12820f6daa4801aea553573892019) Importer(815301076,1909f56bfc062723c751e8b465ee728b)
Start importing Assets/Scenes/Animations_TD/Boxing.fbx using Guid(aad12820f6daa4801aea553573892019) Importer(815301076,1909f56bfc062723c751e8b465ee728b) [PhysX] Initialized MultithreadedTaskDispatcher with 8 workers.
[PhysX] Initialized MultithreadedTaskDispatcher with 8 workers.
[PhysX] Initialized MultithreadedTaskDispatcher with 8 workers.
[PhysX] Initialized MultithreadedTaskDispatcher with 8 workers.
[PhysX] Initialized MultithreadedTaskDispatcher with 8 workers.
 -> (artifact id: '7ca26e81c9b2265ecf0a0e95775d0281') in 1.242592 seconds
Number of updated asset objects reloaded before import = 0
Number of asset objects unloaded after import = 105
========================================================================
Received Prepare
Caller must complete domain reload
Begin MonoManager ReloadAssembly
Thread 0x33cc87000 may have been prematurely finalized
- Loaded All Assemblies, in  0.739 seconds
Native extension for Android target not found
Native extension for OSXStandalone target not found
Mono: successfully reloaded assembly
- Finished resetting the current domain, in  1.896 seconds
Domain Reload Profiling: 2636ms
	BeginReloadAssembly (292ms)
		ExecutionOrderSort (0ms)
		DisableScriptedObjects (19ms)
		BackupInstance (0ms)
		ReleaseScriptingObjects (0ms)
		CreateAndSetChildDomain (90ms)
	RebuildCommonClasses (45ms)
	RebuildNativeTypeToScriptingClass (14ms)
	initialDomainReloadingComplete (42ms)
	LoadAllAssembliesAndSetupDomain (347ms)
		LoadAssemblies (404ms)
		RebuildTransferFunctionScriptingTraits (0ms)
		AnalyzeDomain (84ms)
			TypeCache.Refresh (21ms)
				TypeCache.ScanAssembly (1ms)
			ScanForSourceGeneratedMonoScriptInfo (49ms)
			ResolveRequiredComponents (14ms)
	FinalizeReload (1896ms)
		ReleaseScriptCaches (0ms)
		RebuildScriptCaches (0ms)
		SetupLoadedEditorAssemblies (778ms)
			LogAssemblyErrors (0ms)
			InitializePlatformSupportModulesInManaged (19ms)
			SetLoadedEditorAssemblies (6ms)
			RefreshPlugins (0ms)
			BeforeProcessingInitializeOnLoad (84ms)
			ProcessInitializeOnLoadAttributes (604ms)
			ProcessInitializeOnLoadMethodAttributes (65ms)
			AfterProcessingInitializeOnLoad (1ms)
			EditorAssembliesLoaded (0ms)
		ExecutionOrderSort2 (0ms)
		AwakeInstancesAfterBackupRestoration (14ms)
Refreshing native plugins compatible for Editor in 1.08 ms, found 2 plugins.
Preloading 0 native plugins for Editor in 0.00 ms.
Unloading 5392 Unused Serialized files (Serialized files now loaded: 0)
Unloading 32 unused Assets / (2.1 MB). Loaded Objects now: 6119.
Memory consumption went from 212.6 MB to 210.6 MB.
Total: 4.377500 ms (FindLiveObjects: 0.273750 ms CreateObjectMapping: 0.111125 ms MarkObjects: 3.647584 ms  DeleteObjects: 0.344209 ms)

Prepare: number of updated asset objects reloaded= 0
AssetImportParameters requested are different than current active one (requested -> active):
  custom:container-demuxer-ogg: 62fdf1f143b41e24485cea50d1cbac27 -> 
  custom:video-decoder-ogg-theora: a1e56fd34408186e4bbccfd4996cb3dc -> 
  custom:CustomObjectIndexerAttribute: 3ead1caaecf1c488f20bcfeb224b6af5 -> 
  custom:container-demuxer-webm: 4f35f7cbe854078d1ac9338744f61a02 -> 
  custom:container-muxer-webm: aa71ff27fc2769a1b78a27578f13a17b -> 
  custom:video-decoder-webm-vp8: 9c59270c3fd7afecdb556c50c9e8de78 -> 
  custom:SearchIndexIgnoredProperties: e643bd26f0fe6173181afceb89e7c659 -> 
  custom:AudioImporter_EditorPlatform: 3918e3fc78b5a79bad01e8451be0beb8 -> 
  custom:framework-osx-AVFoundation: e770b220cccbd017edd2c1fefb359320 -> 
  custom:video-encoder-webm-vp8: eb34c28f22e8b96e1ab97ce403110664 -> 
  custom:audio-decoder-ogg-vorbis: bf7c407c2cedff20999df2af8eb42d56 -> 
  custom:audio-encoder-webm-vorbis: bf7c407c2cedff20999df2af8eb42d56 -> 
========================================================================
Received Prepare
Caller must complete domain reload
Begin MonoManager ReloadAssembly
Thread 0x16d54b000 may have been prematurely finalized
- Loaded All Assemblies, in  0.602 seconds
Native extension for Android target not found
Native extension for OSXStandalone target not found
Mono: successfully reloaded assembly
- Finished resetting the current domain, in  2.635 seconds
Domain Reload Profiling: 3238ms
	BeginReloadAssembly (203ms)
		ExecutionOrderSort (0ms)
		DisableScriptedObjects (6ms)
		BackupInstance (0ms)
		ReleaseScriptingObjects (0ms)
		CreateAndSetChildDomain (69ms)
	RebuildCommonClasses (66ms)
	RebuildNativeTypeToScriptingClass (21ms)
	initialDomainReloadingComplete (31ms)
	LoadAllAssembliesAndSetupDomain (281ms)
		LoadAssemblies (328ms)
		RebuildTransferFunctionScriptingTraits (0ms)
		AnalyzeDomain (32ms)
			TypeCache.Refresh (15ms)
				TypeCache.ScanAssembly (0ms)
			ScanForSourceGeneratedMonoScriptInfo (0ms)
			ResolveRequiredComponents (17ms)
	FinalizeReload (2636ms)
		ReleaseScriptCaches (0ms)
		RebuildScriptCaches (0ms)
		SetupLoadedEditorAssemblies (1404ms)
			LogAssemblyErrors (0ms)
			InitializePlatformSupportModulesInManaged (28ms)
			SetLoadedEditorAssemblies (20ms)
			RefreshPlugins (0ms)
			BeforeProcessingInitializeOnLoad (195ms)
			ProcessInitializeOnLoadAttributes (1011ms)
			ProcessInitializeOnLoadMethodAttributes (147ms)
			AfterProcessingInitializeOnLoad (3ms)
			EditorAssembliesLoaded (1ms)
		ExecutionOrderSort2 (0ms)
		AwakeInstancesAfterBackupRestoration (39ms)
Refreshing native plugins compatible for Editor in 3.07 ms, found 2 plugins.
Preloading 0 native plugins for Editor in 0.00 ms.
Unloading 5392 Unused Serialized files (Serialized files now loaded: 0)
Unloading 32 unused Assets / (2.1 MB). Loaded Objects now: 6124.
Memory consumption went from 216.4 MB to 214.4 MB.
Total: 9.233792 ms (FindLiveObjects: 0.463250 ms CreateObjectMapping: 0.236833 ms MarkObjects: 7.844416 ms  DeleteObjects: 0.688333 ms)

Prepare: number of updated asset objects reloaded= 0
AssetImportParameters requested are different than current active one (requested -> active):
  custom:container-demuxer-ogg: 62fdf1f143b41e24485cea50d1cbac27 -> 
  custom:video-decoder-ogg-theora: a1e56fd34408186e4bbccfd4996cb3dc -> 
  custom:CustomObjectIndexerAttribute: 3ead1caaecf1c488f20bcfeb224b6af5 -> 
  custom:container-demuxer-webm: 4f35f7cbe854078d1ac9338744f61a02 -> 
  custom:container-muxer-webm: aa71ff27fc2769a1b78a27578f13a17b -> 
  custom:video-decoder-webm-vp8: 9c59270c3fd7afecdb556c50c9e8de78 -> 
  custom:SearchIndexIgnoredProperties: e643bd26f0fe6173181afceb89e7c659 -> 
  custom:AudioImporter_EditorPlatform: 3918e3fc78b5a79bad01e8451be0beb8 -> 
  custom:framework-osx-AVFoundation: e770b220cccbd017edd2c1fefb359320 -> 
  custom:video-encoder-webm-vp8: eb34c28f22e8b96e1ab97ce403110664 -> 
  custom:audio-decoder-ogg-vorbis: bf7c407c2cedff20999df2af8eb42d56 -> 
  custom:audio-encoder-webm-vorbis: bf7c407c2cedff20999df2af8eb42d56 -> 
========================================================================
Received Prepare
Caller must complete domain reload
Begin MonoManager ReloadAssembly
Thread 0x16d54b000 may have been prematurely finalized
- Loaded All Assemblies, in  0.505 seconds
Native extension for Android target not found
Native extension for OSXStandalone target not found
Mono: successfully reloaded assembly
- Finished resetting the current domain, in  2.217 seconds
Domain Reload Profiling: 2723ms
	BeginReloadAssembly (187ms)
		ExecutionOrderSort (0ms)
		DisableScriptedObjects (7ms)
		BackupInstance (0ms)
		ReleaseScriptingObjects (0ms)
		CreateAndSetChildDomain (70ms)
	RebuildCommonClasses (55ms)
	RebuildNativeTypeToScriptingClass (18ms)
	initialDomainReloadingComplete (29ms)
	LoadAllAssembliesAndSetupDomain (215ms)
		LoadAssemblies (257ms)
		RebuildTransferFunctionScriptingTraits (0ms)
		AnalyzeDomain (25ms)
			TypeCache.Refresh (10ms)
				TypeCache.ScanAssembly (0ms)
			ScanForSourceGeneratedMonoScriptInfo (0ms)
			ResolveRequiredComponents (14ms)
	FinalizeReload (2218ms)
		ReleaseScriptCaches (0ms)
		RebuildScriptCaches (0ms)
		SetupLoadedEditorAssemblies (1220ms)
			LogAssemblyErrors (0ms)
			InitializePlatformSupportModulesInManaged (26ms)
			SetLoadedEditorAssemblies (13ms)
			RefreshPlugins (0ms)
			BeforeProcessingInitializeOnLoad (156ms)
			ProcessInitializeOnLoadAttributes (888ms)
			ProcessInitializeOnLoadMethodAttributes (134ms)
			AfterProcessingInitializeOnLoad (2ms)
			EditorAssembliesLoaded (0ms)
		ExecutionOrderSort2 (0ms)
		AwakeInstancesAfterBackupRestoration (31ms)
Refreshing native plugins compatible for Editor in 2.76 ms, found 2 plugins.
Preloading 0 native plugins for Editor in 0.00 ms.
Unloading 5392 Unused Serialized files (Serialized files now loaded: 0)
Unloading 32 unused Assets / (2.1 MB). Loaded Objects now: 6129.
Memory consumption went from 220.3 MB to 218.2 MB.
Total: 9.109375 ms (FindLiveObjects: 0.475250 ms CreateObjectMapping: 0.241375 ms MarkObjects: 7.783959 ms  DeleteObjects: 0.607584 ms)

Prepare: number of updated asset objects reloaded= 0
AssetImportParameters requested are different than current active one (requested -> active):
  custom:container-demuxer-ogg: 62fdf1f143b41e24485cea50d1cbac27 -> 
  custom:video-decoder-ogg-theora: a1e56fd34408186e4bbccfd4996cb3dc -> 
  custom:CustomObjectIndexerAttribute: 3ead1caaecf1c488f20bcfeb224b6af5 -> 
  custom:container-demuxer-webm: 4f35f7cbe854078d1ac9338744f61a02 -> 
  custom:container-muxer-webm: aa71ff27fc2769a1b78a27578f13a17b -> 
  custom:video-decoder-webm-vp8: 9c59270c3fd7afecdb556c50c9e8de78 -> 
  custom:SearchIndexIgnoredProperties: e643bd26f0fe6173181afceb89e7c659 -> 
  custom:AudioImporter_EditorPlatform: 3918e3fc78b5a79bad01e8451be0beb8 -> 
  custom:framework-osx-AVFoundation: e770b220cccbd017edd2c1fefb359320 -> 
  custom:video-encoder-webm-vp8: eb34c28f22e8b96e1ab97ce403110664 -> 
  custom:audio-decoder-ogg-vorbis: bf7c407c2cedff20999df2af8eb42d56 -> 
  custom:audio-encoder-webm-vorbis: bf7c407c2cedff20999df2af8eb42d56 -> 
========================================================================
Received Prepare
Caller must complete domain reload
Begin MonoManager ReloadAssembly
Thread 0x16d54b000 may have been prematurely finalized
- Loaded All Assemblies, in  0.528 seconds
Native extension for Android target not found
Native extension for OSXStandalone target not found
Mono: successfully reloaded assembly
- Finished resetting the current domain, in  1.508 seconds
Domain Reload Profiling: 2037ms
	BeginReloadAssembly (213ms)
		ExecutionOrderSort (0ms)
		DisableScriptedObjects (6ms)
		BackupInstance (0ms)
		ReleaseScriptingObjects (0ms)
		CreateAndSetChildDomain (78ms)
	RebuildCommonClasses (46ms)
	RebuildNativeTypeToScriptingClass (14ms)
	initialDomainReloadingComplete (28ms)
	LoadAllAssembliesAndSetupDomain (227ms)
		LoadAssemblies (256ms)
		RebuildTransferFunctionScriptingTraits (0ms)
		AnalyzeDomain (62ms)
			TypeCache.Refresh (15ms)
				TypeCache.ScanAssembly (1ms)
			ScanForSourceGeneratedMonoScriptInfo (33ms)
			ResolveRequiredComponents (13ms)
	FinalizeReload (1509ms)
		ReleaseScriptCaches (0ms)
		RebuildScriptCaches (0ms)
		SetupLoadedEditorAssemblies (512ms)
			LogAssemblyErrors (0ms)
			InitializePlatformSupportModulesInManaged (15ms)
			SetLoadedEditorAssemblies (6ms)
			RefreshPlugins (0ms)
			BeforeProcessingInitializeOnLoad (77ms)
			ProcessInitializeOnLoadAttributes (357ms)
			ProcessInitializeOnLoadMethodAttributes (54ms)
			AfterProcessingInitializeOnLoad (2ms)
			EditorAssembliesLoaded (0ms)
		ExecutionOrderSort2 (0ms)
		AwakeInstancesAfterBackupRestoration (14ms)
Refreshing native plugins compatible for Editor in 1.30 ms, found 2 plugins.
Preloading 0 native plugins for Editor in 0.00 ms.
Unloading 5406 Unused Serialized files (Serialized files now loaded: 0)
Unloading 45 unused Assets / (2.7 MB). Loaded Objects now: 6135.
Memory consumption went from 228.0 MB to 225.3 MB.
Total: 4.207791 ms (FindLiveObjects: 0.230583 ms CreateObjectMapping: 0.105833 ms MarkObjects: 3.275125 ms  DeleteObjects: 0.595375 ms)

Prepare: number of updated asset objects reloaded= 0
AssetImportParameters requested are different than current active one (requested -> active):
  custom:container-demuxer-ogg: 62fdf1f143b41e24485cea50d1cbac27 -> 
  custom:video-decoder-ogg-theora: a1e56fd34408186e4bbccfd4996cb3dc -> 
  custom:scripting/monoscript/fileName/DamageText.cs: aaefcd28d501d1d3134b3d2b8b0e09a3 -> 
  custom:CustomObjectIndexerAttribute: 3ead1caaecf1c488f20bcfeb224b6af5 -> 
  custom:container-demuxer-webm: 4f35f7cbe854078d1ac9338744f61a02 -> 
  custom:container-muxer-webm: aa71ff27fc2769a1b78a27578f13a17b -> 
  custom:video-decoder-webm-vp8: 9c59270c3fd7afecdb556c50c9e8de78 -> 
  custom:SearchIndexIgnoredProperties: e643bd26f0fe6173181afceb89e7c659 -> 
  custom:AudioImporter_EditorPlatform: 3918e3fc78b5a79bad01e8451be0beb8 -> 
  custom:framework-osx-AVFoundation: e770b220cccbd017edd2c1fefb359320 -> 
  custom:video-encoder-webm-vp8: eb34c28f22e8b96e1ab97ce403110664 -> 
  custom:audio-decoder-ogg-vorbis: bf7c407c2cedff20999df2af8eb42d56 -> 
  custom:audio-encoder-webm-vorbis: bf7c407c2cedff20999df2af8eb42d56 -> 
  custom:scripting/precompiled-assembly-types:Assembly-CSharp: eacb0aa3260bee51a27910321ba8510c -> 6f568ef1cfb45685900e534eb7cdc9ec
========================================================================
Received Import Request.
  Time since last request: 1079.452998 seconds.
  path: Assets/Input Actions.inputactions
  artifactKey: Guid(8ca96a2fd126c8e459295a97b89f8f67) Importer(815301076,1909f56bfc062723c751e8b465ee728b)
Start importing Assets/Input Actions.inputactions using Guid(8ca96a2fd126c8e459295a97b89f8f67) Importer(815301076,1909f56bfc062723c751e8b465ee728b) [PhysX] Initialized MultithreadedTaskDispatcher with 8 workers.
 -> (artifact id: '40dc6205505e5d60282f8c0c562c9a8e') in 0.098216 seconds
Number of updated asset objects reloaded before import = 0
Number of asset objects unloaded after import = 5
========================================================================
Received Prepare
Caller must complete domain reload
Begin MonoManager ReloadAssembly
Thread 0x16d54b000 may have been prematurely finalized
- Loaded All Assemblies, in  0.713 seconds
Native extension for Android target not found
Native extension for OSXStandalone target not found
Mono: successfully reloaded assembly
- Finished resetting the current domain, in  1.492 seconds
Domain Reload Profiling: 2204ms
	BeginReloadAssembly (196ms)
		ExecutionOrderSort (0ms)
		DisableScriptedObjects (5ms)
		BackupInstance (0ms)
		ReleaseScriptingObjects (0ms)
		CreateAndSetChildDomain (90ms)
	RebuildCommonClasses (87ms)
	RebuildNativeTypeToScriptingClass (33ms)
	initialDomainReloadingComplete (48ms)
	LoadAllAssembliesAndSetupDomain (349ms)
		LoadAssemblies (335ms)
		RebuildTransferFunctionScriptingTraits (0ms)
		AnalyzeDomain (79ms)
			TypeCache.Refresh (27ms)
				TypeCache.ScanAssembly (1ms)
			ScanForSourceGeneratedMonoScriptInfo (37ms)
			ResolveRequiredComponents (15ms)
	FinalizeReload (1492ms)
		ReleaseScriptCaches (0ms)
		RebuildScriptCaches (0ms)
		SetupLoadedEditorAssemblies (507ms)
			LogAssemblyErrors (0ms)
			InitializePlatformSupportModulesInManaged (14ms)
			SetLoadedEditorAssemblies (5ms)
			RefreshPlugins (0ms)
			BeforeProcessingInitializeOnLoad (78ms)
			ProcessInitializeOnLoadAttributes (348ms)
			ProcessInitializeOnLoadMethodAttributes (60ms)
			AfterProcessingInitializeOnLoad (1ms)
			EditorAssembliesLoaded (0ms)
		ExecutionOrderSort2 (0ms)
		AwakeInstancesAfterBackupRestoration (14ms)
Refreshing native plugins compatible for Editor in 1.34 ms, found 2 plugins.
Preloading 0 native plugins for Editor in 0.00 ms.
Unloading 5406 Unused Serialized files (Serialized files now loaded: 0)
Unloading 45 unused Assets / (2.7 MB). Loaded Objects now: 6140.
Memory consumption went from 232.0 MB to 229.4 MB.
Total: 4.253916 ms (FindLiveObjects: 0.232458 ms CreateObjectMapping: 0.100916 ms MarkObjects: 3.355000 ms  DeleteObjects: 0.564834 ms)

Prepare: number of updated asset objects reloaded= 0
AssetImportParameters requested are different than current active one (requested -> active):
  custom:container-demuxer-ogg: 62fdf1f143b41e24485cea50d1cbac27 -> 
  custom:video-decoder-ogg-theora: a1e56fd34408186e4bbccfd4996cb3dc -> 
  custom:scripting/monoscript/fileName/DamageText.cs: aaefcd28d501d1d3134b3d2b8b0e09a3 -> 
  custom:CustomObjectIndexerAttribute: 3ead1caaecf1c488f20bcfeb224b6af5 -> 
  custom:container-demuxer-webm: 4f35f7cbe854078d1ac9338744f61a02 -> 
  custom:container-muxer-webm: aa71ff27fc2769a1b78a27578f13a17b -> 
  custom:video-decoder-webm-vp8: 9c59270c3fd7afecdb556c50c9e8de78 -> 
  custom:SearchIndexIgnoredProperties: e643bd26f0fe6173181afceb89e7c659 -> 
  custom:AudioImporter_EditorPlatform: 3918e3fc78b5a79bad01e8451be0beb8 -> 
  custom:framework-osx-AVFoundation: e770b220cccbd017edd2c1fefb359320 -> 
  custom:video-encoder-webm-vp8: eb34c28f22e8b96e1ab97ce403110664 -> 
  custom:audio-decoder-ogg-vorbis: bf7c407c2cedff20999df2af8eb42d56 -> 
  custom:audio-encoder-webm-vorbis: bf7c407c2cedff20999df2af8eb42d56 -> 
  custom:scripting/precompiled-assembly-types:Assembly-CSharp: eacb0aa3260bee51a27910321ba8510c -> 6f568ef1cfb45685900e534eb7cdc9ec
========================================================================
Received Import Request.
  Time since last request: 64.247145 seconds.
  path: Assets/DamagePopup.prefab
  artifactKey: Guid(e236952e5054a4c988db6b45b759d262) Importer(815301076,1909f56bfc062723c751e8b465ee728b)
Start importing Assets/DamagePopup.prefab using Guid(e236952e5054a4c988db6b45b759d262) Importer(815301076,1909f56bfc062723c751e8b465ee728b) [PhysX] Initialized MultithreadedTaskDispatcher with 8 workers.
 -> (artifact id: '0826cfec6d731926625a7cb873d95eba') in 0.155414 seconds
Number of updated asset objects reloaded before import = 0
Number of asset objects unloaded after import = 16
========================================================================
Received Prepare
Caller must complete domain reload
Begin MonoManager ReloadAssembly
Thread 0x16d54b000 may have been prematurely finalized
- Loaded All Assemblies, in  0.810 seconds
Native extension for Android target not found
Native extension for OSXStandalone target not found
Mono: successfully reloaded assembly
- Finished resetting the current domain, in  1.743 seconds
Domain Reload Profiling: 2553ms
	BeginReloadAssembly (171ms)
		ExecutionOrderSort (0ms)
		DisableScriptedObjects (9ms)
		BackupInstance (0ms)
		ReleaseScriptingObjects (0ms)
		CreateAndSetChildDomain (67ms)
	RebuildCommonClasses (62ms)
	RebuildNativeTypeToScriptingClass (29ms)
	initialDomainReloadingComplete (71ms)
	LoadAllAssembliesAndSetupDomain (476ms)
		LoadAssemblies (451ms)
		RebuildTransferFunctionScriptingTraits (0ms)
		AnalyzeDomain (82ms)
			TypeCache.Refresh (30ms)
				TypeCache.ScanAssembly (1ms)
			ScanForSourceGeneratedMonoScriptInfo (37ms)
			ResolveRequiredComponents (15ms)
	FinalizeReload (1744ms)
		ReleaseScriptCaches (0ms)
		RebuildScriptCaches (0ms)
		SetupLoadedEditorAssemblies (524ms)
			LogAssemblyErrors (1ms)
			InitializePlatformSupportModulesInManaged (16ms)
			SetLoadedEditorAssemblies (6ms)
			RefreshPlugins (0ms)
			BeforeProcessingInitializeOnLoad (80ms)
			ProcessInitializeOnLoadAttributes (365ms)
			ProcessInitializeOnLoadMethodAttributes (56ms)
			AfterProcessingInitializeOnLoad (1ms)
			EditorAssembliesLoaded (0ms)
		ExecutionOrderSort2 (0ms)
		AwakeInstancesAfterBackupRestoration (16ms)
Refreshing native plugins compatible for Editor in 1.29 ms, found 2 plugins.
Preloading 0 native plugins for Editor in 0.00 ms.
Unloading 5406 Unused Serialized files (Serialized files now loaded: 0)
Unloading 45 unused Assets / (2.7 MB). Loaded Objects now: 6145.
Memory consumption went from 236.4 MB to 233.7 MB.
Total: 4.180875 ms (FindLiveObjects: 0.248541 ms CreateObjectMapping: 0.108250 ms MarkObjects: 3.250709 ms  DeleteObjects: 0.572541 ms)

Prepare: number of updated asset objects reloaded= 0
AssetImportParameters requested are different than current active one (requested -> active):
  custom:container-demuxer-ogg: 62fdf1f143b41e24485cea50d1cbac27 -> 
  custom:video-decoder-ogg-theora: a1e56fd34408186e4bbccfd4996cb3dc -> 
  custom:scripting/monoscript/fileName/DamageText.cs: aaefcd28d501d1d3134b3d2b8b0e09a3 -> 
  custom:CustomObjectIndexerAttribute: 3ead1caaecf1c488f20bcfeb224b6af5 -> 
  custom:container-demuxer-webm: 4f35f7cbe854078d1ac9338744f61a02 -> 
  custom:container-muxer-webm: aa71ff27fc2769a1b78a27578f13a17b -> 
  custom:video-decoder-webm-vp8: 9c59270c3fd7afecdb556c50c9e8de78 -> 
  custom:SearchIndexIgnoredProperties: e643bd26f0fe6173181afceb89e7c659 -> 
  custom:AudioImporter_EditorPlatform: 3918e3fc78b5a79bad01e8451be0beb8 -> 
  custom:framework-osx-AVFoundation: e770b220cccbd017edd2c1fefb359320 -> 
  custom:video-encoder-webm-vp8: eb34c28f22e8b96e1ab97ce403110664 -> 
  custom:audio-decoder-ogg-vorbis: bf7c407c2cedff20999df2af8eb42d56 -> 
  custom:audio-encoder-webm-vorbis: bf7c407c2cedff20999df2af8eb42d56 -> 
  custom:scripting/precompiled-assembly-types:Assembly-CSharp: eacb0aa3260bee51a27910321ba8510c -> 6f568ef1cfb45685900e534eb7cdc9ec
========================================================================
Received Prepare
Caller must complete domain reload
Begin MonoManager ReloadAssembly
Thread 0x16d54b000 may have been prematurely finalized
- Loaded All Assemblies, in  0.568 seconds
Native extension for Android target not found
Native extension for OSXStandalone target not found
Mono: successfully reloaded assembly
- Finished resetting the current domain, in  1.406 seconds
Domain Reload Profiling: 1975ms
	BeginReloadAssembly (190ms)
		ExecutionOrderSort (0ms)
		DisableScriptedObjects (6ms)
		BackupInstance (0ms)
		ReleaseScriptingObjects (0ms)
		CreateAndSetChildDomain (72ms)
	RebuildCommonClasses (55ms)
	RebuildNativeTypeToScriptingClass (18ms)
	initialDomainReloadingComplete (34ms)
	LoadAllAssembliesAndSetupDomain (271ms)
		LoadAssemblies (317ms)
		RebuildTransferFunctionScriptingTraits (0ms)
		AnalyzeDomain (26ms)
			TypeCache.Refresh (11ms)
				TypeCache.ScanAssembly (0ms)
			ScanForSourceGeneratedMonoScriptInfo (0ms)
			ResolveRequiredComponents (15ms)
	FinalizeReload (1407ms)
		ReleaseScriptCaches (0ms)
		RebuildScriptCaches (0ms)
		SetupLoadedEditorAssemblies (776ms)
			LogAssemblyErrors (0ms)
			InitializePlatformSupportModulesInManaged (18ms)
			SetLoadedEditorAssemblies (6ms)
			RefreshPlugins (0ms)
			BeforeProcessingInitializeOnLoad (89ms)
			ProcessInitializeOnLoadAttributes (532ms)
			ProcessInitializeOnLoadMethodAttributes (128ms)
			AfterProcessingInitializeOnLoad (2ms)
			EditorAssembliesLoaded (0ms)
		ExecutionOrderSort2 (0ms)
		AwakeInstancesAfterBackupRestoration (37ms)
Refreshing native plugins compatible for Editor in 2.64 ms, found 2 plugins.
Preloading 0 native plugins for Editor in 0.00 ms.
Unloading 5406 Unused Serialized files (Serialized files now loaded: 0)
Unloading 45 unused Assets / (2.7 MB). Loaded Objects now: 6150.
Memory consumption went from 240.2 MB to 237.6 MB.
Total: 14.767583 ms (FindLiveObjects: 0.528708 ms CreateObjectMapping: 0.239292 ms MarkObjects: 12.586250 ms  DeleteObjects: 1.412250 ms)

Prepare: number of updated asset objects reloaded= 0
AssetImportParameters requested are different than current active one (requested -> active):
  custom:container-demuxer-ogg: 62fdf1f143b41e24485cea50d1cbac27 -> 
  custom:video-decoder-ogg-theora: a1e56fd34408186e4bbccfd4996cb3dc -> 
  custom:scripting/monoscript/fileName/DamageText.cs: aaefcd28d501d1d3134b3d2b8b0e09a3 -> 
  custom:CustomObjectIndexerAttribute: 3ead1caaecf1c488f20bcfeb224b6af5 -> 
  custom:container-demuxer-webm: 4f35f7cbe854078d1ac9338744f61a02 -> 
  custom:container-muxer-webm: aa71ff27fc2769a1b78a27578f13a17b -> 
  custom:video-decoder-webm-vp8: 9c59270c3fd7afecdb556c50c9e8de78 -> 
  custom:SearchIndexIgnoredProperties: e643bd26f0fe6173181afceb89e7c659 -> 
  custom:AudioImporter_EditorPlatform: 3918e3fc78b5a79bad01e8451be0beb8 -> 
  custom:framework-osx-AVFoundation: e770b220cccbd017edd2c1fefb359320 -> 
  custom:video-encoder-webm-vp8: eb34c28f22e8b96e1ab97ce403110664 -> 
  custom:audio-decoder-ogg-vorbis: bf7c407c2cedff20999df2af8eb42d56 -> 
  custom:audio-encoder-webm-vorbis: bf7c407c2cedff20999df2af8eb42d56 -> 
  custom:scripting/precompiled-assembly-types:Assembly-CSharp: eacb0aa3260bee51a27910321ba8510c -> 6f568ef1cfb45685900e534eb7cdc9ec
========================================================================
Received Prepare
Caller must complete domain reload
Begin MonoManager ReloadAssembly
Thread 0x16d54b000 may have been prematurely finalized
- Loaded All Assemblies, in  0.742 seconds
Native extension for Android target not found
Native extension for OSXStandalone target not found
Mono: successfully reloaded assembly
- Finished resetting the current domain, in  1.435 seconds
Domain Reload Profiling: 2177ms
	BeginReloadAssembly (188ms)
		ExecutionOrderSort (0ms)
		DisableScriptedObjects (5ms)
		BackupInstance (0ms)
		ReleaseScriptingObjects (0ms)
		CreateAndSetChildDomain (72ms)
	RebuildCommonClasses (95ms)
	RebuildNativeTypeToScriptingClass (35ms)
	initialDomainReloadingComplete (59ms)
	LoadAllAssembliesAndSetupDomain (366ms)
		LoadAssemblies (365ms)
		RebuildTransferFunctionScriptingTraits (0ms)
		AnalyzeDomain (73ms)
			TypeCache.Refresh (15ms)
				TypeCache.ScanAssembly (1ms)
			ScanForSourceGeneratedMonoScriptInfo (42ms)
			ResolveRequiredComponents (14ms)
	FinalizeReload (1436ms)
		ReleaseScriptCaches (0ms)
		RebuildScriptCaches (0ms)
		SetupLoadedEditorAssemblies (507ms)
			LogAssemblyErrors (0ms)
			InitializePlatformSupportModulesInManaged (15ms)
			SetLoadedEditorAssemblies (5ms)
			RefreshPlugins (0ms)
			BeforeProcessingInitializeOnLoad (80ms)
			ProcessInitializeOnLoadAttributes (346ms)
			ProcessInitializeOnLoadMethodAttributes (61ms)
			AfterProcessingInitializeOnLoad (1ms)
			EditorAssembliesLoaded (0ms)
		ExecutionOrderSort2 (0ms)
		AwakeInstancesAfterBackupRestoration (14ms)
Refreshing native plugins compatible for Editor in 1.46 ms, found 2 plugins.
Preloading 0 native plugins for Editor in 0.00 ms.
Unloading 5406 Unused Serialized files (Serialized files now loaded: 0)
Unloading 45 unused Assets / (2.7 MB). Loaded Objects now: 6155.
Memory consumption went from 244.1 MB to 241.4 MB.
Total: 19.267334 ms (FindLiveObjects: 0.361750 ms CreateObjectMapping: 0.123667 ms MarkObjects: 17.242416 ms  DeleteObjects: 1.537333 ms)

Prepare: number of updated asset objects reloaded= 0
AssetImportParameters requested are different than current active one (requested -> active):
  custom:container-demuxer-ogg: 62fdf1f143b41e24485cea50d1cbac27 -> 
  custom:video-decoder-ogg-theora: a1e56fd34408186e4bbccfd4996cb3dc -> 
  custom:scripting/monoscript/fileName/DamageText.cs: aaefcd28d501d1d3134b3d2b8b0e09a3 -> 
  custom:CustomObjectIndexerAttribute: 3ead1caaecf1c488f20bcfeb224b6af5 -> 
  custom:container-demuxer-webm: 4f35f7cbe854078d1ac9338744f61a02 -> 
  custom:container-muxer-webm: aa71ff27fc2769a1b78a27578f13a17b -> 
  custom:video-decoder-webm-vp8: 9c59270c3fd7afecdb556c50c9e8de78 -> 
  custom:SearchIndexIgnoredProperties: e643bd26f0fe6173181afceb89e7c659 -> 
  custom:AudioImporter_EditorPlatform: 3918e3fc78b5a79bad01e8451be0beb8 -> 
  custom:framework-osx-AVFoundation: e770b220cccbd017edd2c1fefb359320 -> 
  custom:video-encoder-webm-vp8: eb34c28f22e8b96e1ab97ce403110664 -> 
  custom:audio-decoder-ogg-vorbis: bf7c407c2cedff20999df2af8eb42d56 -> 
  custom:audio-encoder-webm-vorbis: bf7c407c2cedff20999df2af8eb42d56 -> 
  custom:scripting/precompiled-assembly-types:Assembly-CSharp: eacb0aa3260bee51a27910321ba8510c -> 6f568ef1cfb45685900e534eb7cdc9ec
========================================================================
Received Prepare
Caller must complete domain reload
Begin MonoManager ReloadAssembly
Thread 0x16d54b000 may have been prematurely finalized
- Loaded All Assemblies, in  0.508 seconds
Native extension for Android target not found
Native extension for OSXStandalone target not found
Mono: successfully reloaded assembly
- Finished resetting the current domain, in  1.498 seconds
Domain Reload Profiling: 2007ms
	BeginReloadAssembly (198ms)
		ExecutionOrderSort (0ms)
		DisableScriptedObjects (5ms)
		BackupInstance (0ms)
		ReleaseScriptingObjects (0ms)
		CreateAndSetChildDomain (78ms)
	RebuildCommonClasses (45ms)
	RebuildNativeTypeToScriptingClass (14ms)
	initialDomainReloadingComplete (24ms)
	LoadAllAssembliesAndSetupDomain (227ms)
		LoadAssemblies (279ms)
		RebuildTransferFunctionScriptingTraits (0ms)
		AnalyzeDomain (27ms)
			TypeCache.Refresh (11ms)
				TypeCache.ScanAssembly (0ms)
			ScanForSourceGeneratedMonoScriptInfo (0ms)
			ResolveRequiredComponents (15ms)
	FinalizeReload (1499ms)
		ReleaseScriptCaches (0ms)
		RebuildScriptCaches (0ms)
		SetupLoadedEditorAssemblies (824ms)
			LogAssemblyErrors (1ms)
			InitializePlatformSupportModulesInManaged (24ms)
			SetLoadedEditorAssemblies (8ms)
			RefreshPlugins (0ms)
			BeforeProcessingInitializeOnLoad (124ms)
			ProcessInitializeOnLoadAttributes (583ms)
			ProcessInitializeOnLoadMethodAttributes (81ms)
			AfterProcessingInitializeOnLoad (1ms)
			EditorAssembliesLoaded (0ms)
		ExecutionOrderSort2 (0ms)
		AwakeInstancesAfterBackupRestoration (24ms)
Refreshing native plugins compatible for Editor in 3.11 ms, found 2 plugins.
Preloading 0 native plugins for Editor in 0.00 ms.
Unloading 5406 Unused Serialized files (Serialized files now loaded: 0)
Unloading 45 unused Assets / (2.7 MB). Loaded Objects now: 6160.
Memory consumption went from 248.0 MB to 245.3 MB.
Total: 12.411375 ms (FindLiveObjects: 0.693000 ms CreateObjectMapping: 0.272667 ms MarkObjects: 10.321916 ms  DeleteObjects: 1.122708 ms)

Prepare: number of updated asset objects reloaded= 0
AssetImportParameters requested are different than current active one (requested -> active):
  custom:container-demuxer-ogg: 62fdf1f143b41e24485cea50d1cbac27 -> 
  custom:video-decoder-ogg-theora: a1e56fd34408186e4bbccfd4996cb3dc -> 
  custom:scripting/monoscript/fileName/DamageText.cs: aaefcd28d501d1d3134b3d2b8b0e09a3 -> 
  custom:CustomObjectIndexerAttribute: 3ead1caaecf1c488f20bcfeb224b6af5 -> 
  custom:container-demuxer-webm: 4f35f7cbe854078d1ac9338744f61a02 -> 
  custom:container-muxer-webm: aa71ff27fc2769a1b78a27578f13a17b -> 
  custom:video-decoder-webm-vp8: 9c59270c3fd7afecdb556c50c9e8de78 -> 
  custom:SearchIndexIgnoredProperties: e643bd26f0fe6173181afceb89e7c659 -> 
  custom:AudioImporter_EditorPlatform: 3918e3fc78b5a79bad01e8451be0beb8 -> 
  custom:framework-osx-AVFoundation: e770b220cccbd017edd2c1fefb359320 -> 
  custom:video-encoder-webm-vp8: eb34c28f22e8b96e1ab97ce403110664 -> 
  custom:audio-decoder-ogg-vorbis: bf7c407c2cedff20999df2af8eb42d56 -> 
  custom:audio-encoder-webm-vorbis: bf7c407c2cedff20999df2af8eb42d56 -> 
  custom:scripting/precompiled-assembly-types:Assembly-CSharp: eacb0aa3260bee51a27910321ba8510c -> 6f568ef1cfb45685900e534eb7cdc9ec
========================================================================
Received Prepare
Caller must complete domain reload
Begin MonoManager ReloadAssembly
Thread 0x16d54b000 may have been prematurely finalized
- Loaded All Assemblies, in  0.730 seconds
Native extension for Android target not found
Native extension for OSXStandalone target not found
Mono: successfully reloaded assembly
- Finished resetting the current domain, in  1.632 seconds
Domain Reload Profiling: 2363ms
	BeginReloadAssembly (171ms)
		ExecutionOrderSort (0ms)
		DisableScriptedObjects (6ms)
		BackupInstance (0ms)
		ReleaseScriptingObjects (0ms)
		CreateAndSetChildDomain (66ms)
	RebuildCommonClasses (54ms)
	RebuildNativeTypeToScriptingClass (24ms)
	initialDomainReloadingComplete (34ms)
	LoadAllAssembliesAndSetupDomain (447ms)
		LoadAssemblies (386ms)
		RebuildTransferFunctionScriptingTraits (0ms)
		AnalyzeDomain (119ms)
			TypeCache.Refresh (41ms)
				TypeCache.ScanAssembly (1ms)
			ScanForSourceGeneratedMonoScriptInfo (59ms)
			ResolveRequiredComponents (19ms)
	FinalizeReload (1633ms)
		ReleaseScriptCaches (0ms)
		RebuildScriptCaches (0ms)
		SetupLoadedEditorAssemblies (530ms)
			LogAssemblyErrors (0ms)
			InitializePlatformSupportModulesInManaged (15ms)
			SetLoadedEditorAssemblies (5ms)
			RefreshPlugins (0ms)
			BeforeProcessingInitializeOnLoad (83ms)
			ProcessInitializeOnLoadAttributes (370ms)
			ProcessInitializeOnLoadMethodAttributes (56ms)
			AfterProcessingInitializeOnLoad (1ms)
			EditorAssembliesLoaded (0ms)
		ExecutionOrderSort2 (0ms)
		AwakeInstancesAfterBackupRestoration (14ms)
Refreshing native plugins compatible for Editor in 1.39 ms, found 2 plugins.
Preloading 0 native plugins for Editor in 0.00 ms.
Unloading 5406 Unused Serialized files (Serialized files now loaded: 0)
Unloading 45 unused Assets / (2.7 MB). Loaded Objects now: 6165.
Memory consumption went from 251.9 MB to 249.2 MB.
Total: 4.145500 ms (FindLiveObjects: 0.248792 ms CreateObjectMapping: 0.101791 ms MarkObjects: 3.200333 ms  DeleteObjects: 0.593792 ms)

Prepare: number of updated asset objects reloaded= 0
AssetImportParameters requested are different than current active one (requested -> active):
  custom:container-demuxer-ogg: 62fdf1f143b41e24485cea50d1cbac27 -> 
  custom:video-decoder-ogg-theora: a1e56fd34408186e4bbccfd4996cb3dc -> 
  custom:scripting/monoscript/fileName/DamageText.cs: aaefcd28d501d1d3134b3d2b8b0e09a3 -> 
  custom:CustomObjectIndexerAttribute: 3ead1caaecf1c488f20bcfeb224b6af5 -> 
  custom:container-demuxer-webm: 4f35f7cbe854078d1ac9338744f61a02 -> 
  custom:container-muxer-webm: aa71ff27fc2769a1b78a27578f13a17b -> 
  custom:video-decoder-webm-vp8: 9c59270c3fd7afecdb556c50c9e8de78 -> 
  custom:SearchIndexIgnoredProperties: e643bd26f0fe6173181afceb89e7c659 -> 
  custom:AudioImporter_EditorPlatform: 3918e3fc78b5a79bad01e8451be0beb8 -> 
  custom:framework-osx-AVFoundation: e770b220cccbd017edd2c1fefb359320 -> 
  custom:video-encoder-webm-vp8: eb34c28f22e8b96e1ab97ce403110664 -> 
  custom:audio-decoder-ogg-vorbis: bf7c407c2cedff20999df2af8eb42d56 -> 
  custom:audio-encoder-webm-vorbis: bf7c407c2cedff20999df2af8eb42d56 -> 
  custom:scripting/precompiled-assembly-types:Assembly-CSharp: eacb0aa3260bee51a27910321ba8510c -> 6f568ef1cfb45685900e534eb7cdc9ec
========================================================================
Received Prepare
Caller must complete domain reload
Begin MonoManager ReloadAssembly
Thread 0x16d54b000 may have been prematurely finalized
- Loaded All Assemblies, in  0.520 seconds
Native extension for Android target not found
Native extension for OSXStandalone target not found
Mono: successfully reloaded assembly
- Finished resetting the current domain, in  2.289 seconds
Domain Reload Profiling: 2810ms
	BeginReloadAssembly (195ms)
		ExecutionOrderSort (0ms)
		DisableScriptedObjects (6ms)
		BackupInstance (0ms)
		ReleaseScriptingObjects (0ms)
		CreateAndSetChildDomain (77ms)
	RebuildCommonClasses (58ms)
	RebuildNativeTypeToScriptingClass (18ms)
	initialDomainReloadingComplete (30ms)
	LoadAllAssembliesAndSetupDomain (219ms)
		LoadAssemblies (263ms)
		RebuildTransferFunctionScriptingTraits (0ms)
		AnalyzeDomain (26ms)
			TypeCache.Refresh (10ms)
				TypeCache.ScanAssembly (0ms)
			ScanForSourceGeneratedMonoScriptInfo (0ms)
			ResolveRequiredComponents (16ms)
	FinalizeReload (2290ms)
		ReleaseScriptCaches (0ms)
		RebuildScriptCaches (0ms)
		SetupLoadedEditorAssemblies (1216ms)
			LogAssemblyErrors (0ms)
			InitializePlatformSupportModulesInManaged (32ms)
			SetLoadedEditorAssemblies (15ms)
			RefreshPlugins (0ms)
			BeforeProcessingInitializeOnLoad (146ms)
			ProcessInitializeOnLoadAttributes (879ms)
			ProcessInitializeOnLoadMethodAttributes (141ms)
			AfterProcessingInitializeOnLoad (4ms)
			EditorAssembliesLoaded (0ms)
		ExecutionOrderSort2 (0ms)
		AwakeInstancesAfterBackupRestoration (32ms)
Refreshing native plugins compatible for Editor in 3.40 ms, found 2 plugins.
Preloading 0 native plugins for Editor in 0.00 ms.
Unloading 5406 Unused Serialized files (Serialized files now loaded: 0)
Unloading 45 unused Assets / (2.7 MB). Loaded Objects now: 6170.
Memory consumption went from 255.7 MB to 253.1 MB.
Total: 13.130916 ms (FindLiveObjects: 0.897833 ms CreateObjectMapping: 0.514333 ms MarkObjects: 9.350625 ms  DeleteObjects: 2.366542 ms)

Prepare: number of updated asset objects reloaded= 0
AssetImportParameters requested are different than current active one (requested -> active):
  custom:container-demuxer-ogg: 62fdf1f143b41e24485cea50d1cbac27 -> 
  custom:video-decoder-ogg-theora: a1e56fd34408186e4bbccfd4996cb3dc -> 
  custom:scripting/monoscript/fileName/DamageText.cs: aaefcd28d501d1d3134b3d2b8b0e09a3 -> 
  custom:CustomObjectIndexerAttribute: 3ead1caaecf1c488f20bcfeb224b6af5 -> 
  custom:container-demuxer-webm: 4f35f7cbe854078d1ac9338744f61a02 -> 
  custom:container-muxer-webm: aa71ff27fc2769a1b78a27578f13a17b -> 
  custom:video-decoder-webm-vp8: 9c59270c3fd7afecdb556c50c9e8de78 -> 
  custom:SearchIndexIgnoredProperties: e643bd26f0fe6173181afceb89e7c659 -> 
  custom:AudioImporter_EditorPlatform: 3918e3fc78b5a79bad01e8451be0beb8 -> 
  custom:framework-osx-AVFoundation: e770b220cccbd017edd2c1fefb359320 -> 
  custom:video-encoder-webm-vp8: eb34c28f22e8b96e1ab97ce403110664 -> 
  custom:audio-decoder-ogg-vorbis: bf7c407c2cedff20999df2af8eb42d56 -> 
  custom:audio-encoder-webm-vorbis: bf7c407c2cedff20999df2af8eb42d56 -> 
  custom:scripting/precompiled-assembly-types:Assembly-CSharp: eacb0aa3260bee51a27910321ba8510c -> 6f568ef1cfb45685900e534eb7cdc9ec
========================================================================
Received Prepare
Caller must complete domain reload
Begin MonoManager ReloadAssembly
Thread 0x31e7bf000 may have been prematurely finalized
- Loaded All Assemblies, in  0.553 seconds
Native extension for Android target not found
Native extension for OSXStandalone target not found
Mono: successfully reloaded assembly
- Finished resetting the current domain, in  2.348 seconds
Domain Reload Profiling: 2903ms
	BeginReloadAssembly (197ms)
		ExecutionOrderSort (0ms)
		DisableScriptedObjects (6ms)
		BackupInstance (0ms)
		ReleaseScriptingObjects (0ms)
		CreateAndSetChildDomain (79ms)
	RebuildCommonClasses (55ms)
	RebuildNativeTypeToScriptingClass (18ms)
	initialDomainReloadingComplete (28ms)
	LoadAllAssembliesAndSetupDomain (256ms)
		LoadAssemblies (288ms)
		RebuildTransferFunctionScriptingTraits (0ms)
		AnalyzeDomain (40ms)
			TypeCache.Refresh (24ms)
				TypeCache.ScanAssembly (0ms)
			ScanForSourceGeneratedMonoScriptInfo (0ms)
			ResolveRequiredComponents (15ms)
	FinalizeReload (2349ms)
		ReleaseScriptCaches (0ms)
		RebuildScriptCaches (0ms)
		SetupLoadedEditorAssemblies (1230ms)
			LogAssemblyErrors (0ms)
			InitializePlatformSupportModulesInManaged (32ms)
			SetLoadedEditorAssemblies (18ms)
			RefreshPlugins (0ms)
			BeforeProcessingInitializeOnLoad (147ms)
			ProcessInitializeOnLoadAttributes (889ms)
			ProcessInitializeOnLoadMethodAttributes (141ms)
			AfterProcessingInitializeOnLoad (2ms)
			EditorAssembliesLoaded (0ms)
		ExecutionOrderSort2 (0ms)
		AwakeInstancesAfterBackupRestoration (35ms)
Refreshing native plugins compatible for Editor in 5.18 ms, found 2 plugins.
Preloading 0 native plugins for Editor in 0.00 ms.
Unloading 5406 Unused Serialized files (Serialized files now loaded: 0)
Unloading 45 unused Assets / (2.7 MB). Loaded Objects now: 6175.
Memory consumption went from 259.6 MB to 257.0 MB.
Total: 8.729333 ms (FindLiveObjects: 0.679750 ms CreateObjectMapping: 0.190084 ms MarkObjects: 6.363208 ms  DeleteObjects: 1.492750 ms)

Prepare: number of updated asset objects reloaded= 0
AssetImportParameters requested are different than current active one (requested -> active):
  custom:container-demuxer-ogg: 62fdf1f143b41e24485cea50d1cbac27 -> 
  custom:video-decoder-ogg-theora: a1e56fd34408186e4bbccfd4996cb3dc -> 
  custom:scripting/monoscript/fileName/DamageText.cs: aaefcd28d501d1d3134b3d2b8b0e09a3 -> 
  custom:CustomObjectIndexerAttribute: 3ead1caaecf1c488f20bcfeb224b6af5 -> 
  custom:container-demuxer-webm: 4f35f7cbe854078d1ac9338744f61a02 -> 
  custom:container-muxer-webm: aa71ff27fc2769a1b78a27578f13a17b -> 
  custom:video-decoder-webm-vp8: 9c59270c3fd7afecdb556c50c9e8de78 -> 
  custom:SearchIndexIgnoredProperties: e643bd26f0fe6173181afceb89e7c659 -> 
  custom:AudioImporter_EditorPlatform: 3918e3fc78b5a79bad01e8451be0beb8 -> 
  custom:framework-osx-AVFoundation: e770b220cccbd017edd2c1fefb359320 -> 
  custom:video-encoder-webm-vp8: eb34c28f22e8b96e1ab97ce403110664 -> 
  custom:audio-decoder-ogg-vorbis: bf7c407c2cedff20999df2af8eb42d56 -> 
  custom:audio-encoder-webm-vorbis: bf7c407c2cedff20999df2af8eb42d56 -> 
  custom:scripting/precompiled-assembly-types:Assembly-CSharp: eacb0aa3260bee51a27910321ba8510c -> 6f568ef1cfb45685900e534eb7cdc9ec
========================================================================
Received Prepare
Caller must complete domain reload
Begin MonoManager ReloadAssembly
Thread 0x17e53f000 may have been prematurely finalized
- Loaded All Assemblies, in  0.519 seconds
Native extension for Android target not found
Native extension for OSXStandalone target not found
Mono: successfully reloaded assembly
- Finished resetting the current domain, in  2.390 seconds
Domain Reload Profiling: 2910ms
	BeginReloadAssembly (177ms)
		ExecutionOrderSort (0ms)
		DisableScriptedObjects (6ms)
		BackupInstance (0ms)
		ReleaseScriptingObjects (0ms)
		CreateAndSetChildDomain (69ms)
	RebuildCommonClasses (63ms)
	RebuildNativeTypeToScriptingClass (19ms)
	initialDomainReloadingComplete (32ms)
	LoadAllAssembliesAndSetupDomain (227ms)
		LoadAssemblies (266ms)
		RebuildTransferFunctionScriptingTraits (0ms)
		AnalyzeDomain (27ms)
			TypeCache.Refresh (11ms)
				TypeCache.ScanAssembly (0ms)
			ScanForSourceGeneratedMonoScriptInfo (0ms)
			ResolveRequiredComponents (15ms)
	FinalizeReload (2391ms)
		ReleaseScriptCaches (0ms)
		RebuildScriptCaches (0ms)
		SetupLoadedEditorAssemblies (1236ms)
			LogAssemblyErrors (0ms)
			InitializePlatformSupportModulesInManaged (32ms)
			SetLoadedEditorAssemblies (15ms)
			RefreshPlugins (0ms)
			BeforeProcessingInitializeOnLoad (185ms)
			ProcessInitializeOnLoadAttributes (869ms)
			ProcessInitializeOnLoadMethodAttributes (133ms)
			AfterProcessingInitializeOnLoad (2ms)
			EditorAssembliesLoaded (0ms)
		ExecutionOrderSort2 (0ms)
		AwakeInstancesAfterBackupRestoration (34ms)
Refreshing native plugins compatible for Editor in 4.28 ms, found 2 plugins.
Preloading 0 native plugins for Editor in 0.00 ms.
Unloading 5406 Unused Serialized files (Serialized files now loaded: 0)
Unloading 45 unused Assets / (2.7 MB). Loaded Objects now: 6180.
Memory consumption went from 263.5 MB to 260.8 MB.
Total: 9.259625 ms (FindLiveObjects: 0.457500 ms CreateObjectMapping: 0.242916 ms MarkObjects: 7.432375 ms  DeleteObjects: 1.125750 ms)

Prepare: number of updated asset objects reloaded= 0
AssetImportParameters requested are different than current active one (requested -> active):
  custom:container-demuxer-ogg: 62fdf1f143b41e24485cea50d1cbac27 -> 
  custom:video-decoder-ogg-theora: a1e56fd34408186e4bbccfd4996cb3dc -> 
  custom:scripting/monoscript/fileName/DamageText.cs: aaefcd28d501d1d3134b3d2b8b0e09a3 -> 
  custom:CustomObjectIndexerAttribute: 3ead1caaecf1c488f20bcfeb224b6af5 -> 
  custom:container-demuxer-webm: 4f35f7cbe854078d1ac9338744f61a02 -> 
  custom:container-muxer-webm: aa71ff27fc2769a1b78a27578f13a17b -> 
  custom:video-decoder-webm-vp8: 9c59270c3fd7afecdb556c50c9e8de78 -> 
  custom:SearchIndexIgnoredProperties: e643bd26f0fe6173181afceb89e7c659 -> 
  custom:AudioImporter_EditorPlatform: 3918e3fc78b5a79bad01e8451be0beb8 -> 
  custom:framework-osx-AVFoundation: e770b220cccbd017edd2c1fefb359320 -> 
  custom:video-encoder-webm-vp8: eb34c28f22e8b96e1ab97ce403110664 -> 
  custom:audio-decoder-ogg-vorbis: bf7c407c2cedff20999df2af8eb42d56 -> 
  custom:audio-encoder-webm-vorbis: bf7c407c2cedff20999df2af8eb42d56 -> 
  custom:scripting/precompiled-assembly-types:Assembly-CSharp: eacb0aa3260bee51a27910321ba8510c -> 6f568ef1cfb45685900e534eb7cdc9ec
========================================================================
Received Import Request.
  Time since last request: 1407.939934 seconds.
  path: Assets/DamagePopup.prefab
  artifactKey: Guid(e236952e5054a4c988db6b45b759d262) Importer(815301076,1909f56bfc062723c751e8b465ee728b)
Start importing Assets/DamagePopup.prefab using Guid(e236952e5054a4c988db6b45b759d262) Importer(815301076,1909f56bfc062723c751e8b465ee728b) [PhysX] Initialized MultithreadedTaskDispatcher with 8 workers.
 -> (artifact id: '4934c3fddb1c644d9c39508b96f1afce') in 0.172975 seconds
Number of updated asset objects reloaded before import = 0
Number of asset objects unloaded after import = 16
========================================================================
Received Import Request.
  Time since last request: 8.357605 seconds.
  path: Assets/DamagePopup.prefab
  artifactKey: Guid(e236952e5054a4c988db6b45b759d262) Importer(815301076,1909f56bfc062723c751e8b465ee728b)
Start importing Assets/DamagePopup.prefab using Guid(e236952e5054a4c988db6b45b759d262) Importer(815301076,1909f56bfc062723c751e8b465ee728b) [PhysX] Initialized MultithreadedTaskDispatcher with 8 workers.
 -> (artifact id: 'fa50ab96a0c98c1f64808db16989a40f') in 0.063037 seconds
Number of updated asset objects reloaded before import = 0
Number of asset objects unloaded after import = 16
========================================================================
Received Import Request.
  Time since last request: 62.494859 seconds.
  path: Assets/DamagePopup.prefab
  artifactKey: Guid(e236952e5054a4c988db6b45b759d262) Importer(815301076,1909f56bfc062723c751e8b465ee728b)
Start importing Assets/DamagePopup.prefab using Guid(e236952e5054a4c988db6b45b759d262) Importer(815301076,1909f56bfc062723c751e8b465ee728b) [PhysX] Initialized MultithreadedTaskDispatcher with 8 workers.
 -> (artifact id: '24ace33efb603f0d831a472757636e54') in 0.081734 seconds
Number of updated asset objects reloaded before import = 0
Number of asset objects unloaded after import = 16
========================================================================
Received Prepare
Caller must complete domain reload
Begin MonoManager ReloadAssembly
Thread 0x17e53f000 may have been prematurely finalized
- Loaded All Assemblies, in  0.556 seconds
Native extension for Android target not found
Native extension for OSXStandalone target not found
Mono: successfully reloaded assembly
- Finished resetting the current domain, in  2.344 seconds
Domain Reload Profiling: 2902ms
	BeginReloadAssembly (193ms)
		ExecutionOrderSort (0ms)
		DisableScriptedObjects (6ms)
		BackupInstance (0ms)
		ReleaseScriptingObjects (0ms)
		CreateAndSetChildDomain (78ms)
	RebuildCommonClasses (51ms)
	RebuildNativeTypeToScriptingClass (17ms)
	initialDomainReloadingComplete (28ms)
	LoadAllAssembliesAndSetupDomain (267ms)
		LoadAssemblies (293ms)
		RebuildTransferFunctionScriptingTraits (0ms)
		AnalyzeDomain (35ms)
			TypeCache.Refresh (13ms)
				TypeCache.ScanAssembly (0ms)
			ScanForSourceGeneratedMonoScriptInfo (0ms)
			ResolveRequiredComponents (21ms)
	FinalizeReload (2345ms)
		ReleaseScriptCaches (0ms)
		RebuildScriptCaches (0ms)
		SetupLoadedEditorAssemblies (1212ms)
			LogAssemblyErrors (0ms)
			InitializePlatformSupportModulesInManaged (26ms)
			SetLoadedEditorAssemblies (8ms)
			RefreshPlugins (0ms)
			BeforeProcessingInitializeOnLoad (101ms)
			ProcessInitializeOnLoadAttributes (928ms)
			ProcessInitializeOnLoadMethodAttributes (146ms)
			AfterProcessingInitializeOnLoad (2ms)
			EditorAssembliesLoaded (0ms)
		ExecutionOrderSort2 (0ms)
		AwakeInstancesAfterBackupRestoration (40ms)
Refreshing native plugins compatible for Editor in 2.21 ms, found 2 plugins.
Preloading 0 native plugins for Editor in 0.00 ms.
Unloading 5406 Unused Serialized files (Serialized files now loaded: 0)
Unloading 45 unused Assets / (2.7 MB). Loaded Objects now: 6185.
Memory consumption went from 267.8 MB to 265.1 MB.
Total: 8.468792 ms (FindLiveObjects: 0.410750 ms CreateObjectMapping: 0.224833 ms MarkObjects: 6.673458 ms  DeleteObjects: 1.158833 ms)

Prepare: number of updated asset objects reloaded= 0
AssetImportParameters requested are different than current active one (requested -> active):
  custom:container-demuxer-ogg: 62fdf1f143b41e24485cea50d1cbac27 -> 
  custom:video-decoder-ogg-theora: a1e56fd34408186e4bbccfd4996cb3dc -> 
  custom:scripting/monoscript/fileName/DamageText.cs: aaefcd28d501d1d3134b3d2b8b0e09a3 -> 
  custom:CustomObjectIndexerAttribute: 3ead1caaecf1c488f20bcfeb224b6af5 -> 
  custom:container-demuxer-webm: 4f35f7cbe854078d1ac9338744f61a02 -> 
  custom:container-muxer-webm: aa71ff27fc2769a1b78a27578f13a17b -> 
  custom:video-decoder-webm-vp8: 9c59270c3fd7afecdb556c50c9e8de78 -> 
  custom:SearchIndexIgnoredProperties: e643bd26f0fe6173181afceb89e7c659 -> 
  custom:AudioImporter_EditorPlatform: 3918e3fc78b5a79bad01e8451be0beb8 -> 
  custom:framework-osx-AVFoundation: e770b220cccbd017edd2c1fefb359320 -> 
  custom:video-encoder-webm-vp8: eb34c28f22e8b96e1ab97ce403110664 -> 
  custom:audio-decoder-ogg-vorbis: bf7c407c2cedff20999df2af8eb42d56 -> 
  custom:audio-encoder-webm-vorbis: bf7c407c2cedff20999df2af8eb42d56 -> 
  custom:scripting/precompiled-assembly-types:Assembly-CSharp: eacb0aa3260bee51a27910321ba8510c -> 6f568ef1cfb45685900e534eb7cdc9ec
========================================================================
Received Prepare
Caller must complete domain reload
Begin MonoManager ReloadAssembly
Thread 0x17e53f000 may have been prematurely finalized
- Loaded All Assemblies, in  0.562 seconds
Native extension for Android target not found
Native extension for OSXStandalone target not found
Mono: successfully reloaded assembly
- Finished resetting the current domain, in  2.063 seconds
Domain Reload Profiling: 2627ms
	BeginReloadAssembly (181ms)
		ExecutionOrderSort (0ms)
		DisableScriptedObjects (6ms)
		BackupInstance (0ms)
		ReleaseScriptingObjects (0ms)
		CreateAndSetChildDomain (66ms)
	RebuildCommonClasses (60ms)
	RebuildNativeTypeToScriptingClass (21ms)
	initialDomainReloadingComplete (37ms)
	LoadAllAssembliesAndSetupDomain (262ms)
		LoadAssemblies (299ms)
		RebuildTransferFunctionScriptingTraits (0ms)
		AnalyzeDomain (30ms)
			TypeCache.Refresh (11ms)
				TypeCache.ScanAssembly (0ms)
			ScanForSourceGeneratedMonoScriptInfo (0ms)
			ResolveRequiredComponents (17ms)
	FinalizeReload (2064ms)
		ReleaseScriptCaches (0ms)
		RebuildScriptCaches (0ms)
		SetupLoadedEditorAssemblies (1037ms)
			LogAssemblyErrors (0ms)
			InitializePlatformSupportModulesInManaged (15ms)
			SetLoadedEditorAssemblies (6ms)
			RefreshPlugins (0ms)
			BeforeProcessingInitializeOnLoad (95ms)
			ProcessInitializeOnLoadAttributes (774ms)
			ProcessInitializeOnLoadMethodAttributes (144ms)
			AfterProcessingInitializeOnLoad (2ms)
			EditorAssembliesLoaded (0ms)
		ExecutionOrderSort2 (0ms)
		AwakeInstancesAfterBackupRestoration (38ms)
Refreshing native plugins compatible for Editor in 5.42 ms, found 2 plugins.
Preloading 0 native plugins for Editor in 0.00 ms.
Unloading 5406 Unused Serialized files (Serialized files now loaded: 0)
Unloading 45 unused Assets / (2.7 MB). Loaded Objects now: 6190.
Memory consumption went from 271.7 MB to 269.0 MB.
Total: 11.577000 ms (FindLiveObjects: 0.583250 ms CreateObjectMapping: 0.248750 ms MarkObjects: 9.118708 ms  DeleteObjects: 1.625125 ms)

Prepare: number of updated asset objects reloaded= 0
AssetImportParameters requested are different than current active one (requested -> active):
  custom:container-demuxer-ogg: 62fdf1f143b41e24485cea50d1cbac27 -> 
  custom:video-decoder-ogg-theora: a1e56fd34408186e4bbccfd4996cb3dc -> 
  custom:scripting/monoscript/fileName/DamageText.cs: aaefcd28d501d1d3134b3d2b8b0e09a3 -> 
  custom:CustomObjectIndexerAttribute: 3ead1caaecf1c488f20bcfeb224b6af5 -> 
  custom:container-demuxer-webm: 4f35f7cbe854078d1ac9338744f61a02 -> 
  custom:container-muxer-webm: aa71ff27fc2769a1b78a27578f13a17b -> 
  custom:video-decoder-webm-vp8: 9c59270c3fd7afecdb556c50c9e8de78 -> 
  custom:SearchIndexIgnoredProperties: e643bd26f0fe6173181afceb89e7c659 -> 
  custom:AudioImporter_EditorPlatform: 3918e3fc78b5a79bad01e8451be0beb8 -> 
  custom:framework-osx-AVFoundation: e770b220cccbd017edd2c1fefb359320 -> 
  custom:video-encoder-webm-vp8: eb34c28f22e8b96e1ab97ce403110664 -> 
  custom:audio-decoder-ogg-vorbis: bf7c407c2cedff20999df2af8eb42d56 -> 
  custom:audio-encoder-webm-vorbis: bf7c407c2cedff20999df2af8eb42d56 -> 
  custom:scripting/precompiled-assembly-types:Assembly-CSharp: eacb0aa3260bee51a27910321ba8510c -> 6f568ef1cfb45685900e534eb7cdc9ec
========================================================================
Received Prepare
Caller must complete domain reload
Begin MonoManager ReloadAssembly
Thread 0x17e53f000 may have been prematurely finalized
- Loaded All Assemblies, in  0.845 seconds
Native extension for Android target not found
Native extension for OSXStandalone target not found
Mono: successfully reloaded assembly
- Finished resetting the current domain, in  2.096 seconds
Domain Reload Profiling: 2943ms
	BeginReloadAssembly (281ms)
		ExecutionOrderSort (0ms)
		DisableScriptedObjects (16ms)
		BackupInstance (0ms)
		ReleaseScriptingObjects (0ms)
		CreateAndSetChildDomain (114ms)
	RebuildCommonClasses (70ms)
	RebuildNativeTypeToScriptingClass (24ms)
	initialDomainReloadingComplete (63ms)
	LoadAllAssembliesAndSetupDomain (408ms)
		LoadAssemblies (359ms)
		RebuildTransferFunctionScriptingTraits (0ms)
		AnalyzeDomain (126ms)
			TypeCache.Refresh (47ms)
				TypeCache.ScanAssembly (4ms)
			ScanForSourceGeneratedMonoScriptInfo (57ms)
			ResolveRequiredComponents (21ms)
	FinalizeReload (2097ms)
		ReleaseScriptCaches (0ms)
		RebuildScriptCaches (0ms)
		SetupLoadedEditorAssemblies (860ms)
			LogAssemblyErrors (0ms)
			InitializePlatformSupportModulesInManaged (17ms)
			SetLoadedEditorAssemblies (5ms)
			RefreshPlugins (0ms)
			BeforeProcessingInitializeOnLoad (102ms)
			ProcessInitializeOnLoadAttributes (662ms)
			ProcessInitializeOnLoadMethodAttributes (71ms)
			AfterProcessingInitializeOnLoad (1ms)
			EditorAssembliesLoaded (0ms)
		ExecutionOrderSort2 (0ms)
		AwakeInstancesAfterBackupRestoration (16ms)
Refreshing native plugins compatible for Editor in 1.31 ms, found 2 plugins.
Preloading 0 native plugins for Editor in 0.00 ms.
Unloading 5406 Unused Serialized files (Serialized files now loaded: 0)
Unloading 45 unused Assets / (2.7 MB). Loaded Objects now: 6195.
Memory consumption went from 275.6 MB to 272.9 MB.
Total: 5.766625 ms (FindLiveObjects: 0.303042 ms CreateObjectMapping: 0.105542 ms MarkObjects: 4.653250 ms  DeleteObjects: 0.704167 ms)

Prepare: number of updated asset objects reloaded= 0
AssetImportParameters requested are different than current active one (requested -> active):
  custom:container-demuxer-ogg: 62fdf1f143b41e24485cea50d1cbac27 -> 
  custom:video-decoder-ogg-theora: a1e56fd34408186e4bbccfd4996cb3dc -> 
  custom:scripting/monoscript/fileName/DamageText.cs: aaefcd28d501d1d3134b3d2b8b0e09a3 -> 
  custom:CustomObjectIndexerAttribute: 3ead1caaecf1c488f20bcfeb224b6af5 -> 
  custom:container-demuxer-webm: 4f35f7cbe854078d1ac9338744f61a02 -> 
  custom:container-muxer-webm: aa71ff27fc2769a1b78a27578f13a17b -> 
  custom:video-decoder-webm-vp8: 9c59270c3fd7afecdb556c50c9e8de78 -> 
  custom:SearchIndexIgnoredProperties: e643bd26f0fe6173181afceb89e7c659 -> 
  custom:AudioImporter_EditorPlatform: 3918e3fc78b5a79bad01e8451be0beb8 -> 
  custom:framework-osx-AVFoundation: e770b220cccbd017edd2c1fefb359320 -> 
  custom:video-encoder-webm-vp8: eb34c28f22e8b96e1ab97ce403110664 -> 
  custom:audio-decoder-ogg-vorbis: bf7c407c2cedff20999df2af8eb42d56 -> 
  custom:audio-encoder-webm-vorbis: bf7c407c2cedff20999df2af8eb42d56 -> 
  custom:scripting/precompiled-assembly-types:Assembly-CSharp: eacb0aa3260bee51a27910321ba8510c -> 6f568ef1cfb45685900e534eb7cdc9ec
========================================================================
Received Prepare
Caller must complete domain reload
Begin MonoManager ReloadAssembly
Thread 0x16d54b000 may have been prematurely finalized
- Loaded All Assemblies, in  0.446 seconds
Native extension for Android target not found
Native extension for OSXStandalone target not found
Mono: successfully reloaded assembly
- Finished resetting the current domain, in  1.047 seconds
Domain Reload Profiling: 1494ms
	BeginReloadAssembly (143ms)
		ExecutionOrderSort (0ms)
		DisableScriptedObjects (4ms)
		BackupInstance (0ms)
		ReleaseScriptingObjects (0ms)
		CreateAndSetChildDomain (53ms)
	RebuildCommonClasses (42ms)
	RebuildNativeTypeToScriptingClass (14ms)
	initialDomainReloadingComplete (24ms)
	LoadAllAssembliesAndSetupDomain (223ms)
		LoadAssemblies (242ms)
		RebuildTransferFunctionScriptingTraits (0ms)
		AnalyzeDomain (32ms)
			TypeCache.Refresh (12ms)
				TypeCache.ScanAssembly (0ms)
			ScanForSourceGeneratedMonoScriptInfo (0ms)
			ResolveRequiredComponents (19ms)
	FinalizeReload (1047ms)
		ReleaseScriptCaches (0ms)
		RebuildScriptCaches (0ms)
		SetupLoadedEditorAssemblies (588ms)
			LogAssemblyErrors (0ms)
			InitializePlatformSupportModulesInManaged (13ms)
			SetLoadedEditorAssemblies (6ms)
			RefreshPlugins (0ms)
			BeforeProcessingInitializeOnLoad (80ms)
			ProcessInitializeOnLoadAttributes (428ms)
			ProcessInitializeOnLoadMethodAttributes (59ms)
			AfterProcessingInitializeOnLoad (1ms)
			EditorAssembliesLoaded (0ms)
		ExecutionOrderSort2 (0ms)
		AwakeInstancesAfterBackupRestoration (16ms)
Refreshing native plugins compatible for Editor in 4.04 ms, found 2 plugins.
Preloading 0 native plugins for Editor in 0.00 ms.
Unloading 5406 Unused Serialized files (Serialized files now loaded: 0)
Unloading 45 unused Assets / (2.7 MB). Loaded Objects now: 6200.
Memory consumption went from 279.4 MB to 276.8 MB.
Total: 11.099708 ms (FindLiveObjects: 0.598042 ms CreateObjectMapping: 0.261500 ms MarkObjects: 9.004208 ms  DeleteObjects: 1.234916 ms)

Prepare: number of updated asset objects reloaded= 0
AssetImportParameters requested are different than current active one (requested -> active):
  custom:container-demuxer-ogg: 62fdf1f143b41e24485cea50d1cbac27 -> 
  custom:video-decoder-ogg-theora: a1e56fd34408186e4bbccfd4996cb3dc -> 
  custom:scripting/monoscript/fileName/DamageText.cs: aaefcd28d501d1d3134b3d2b8b0e09a3 -> 
  custom:CustomObjectIndexerAttribute: 3ead1caaecf1c488f20bcfeb224b6af5 -> 
  custom:container-demuxer-webm: 4f35f7cbe854078d1ac9338744f61a02 -> 
  custom:container-muxer-webm: aa71ff27fc2769a1b78a27578f13a17b -> 
  custom:video-decoder-webm-vp8: 9c59270c3fd7afecdb556c50c9e8de78 -> 
  custom:SearchIndexIgnoredProperties: e643bd26f0fe6173181afceb89e7c659 -> 
  custom:AudioImporter_EditorPlatform: 3918e3fc78b5a79bad01e8451be0beb8 -> 
  custom:framework-osx-AVFoundation: e770b220cccbd017edd2c1fefb359320 -> 
  custom:video-encoder-webm-vp8: eb34c28f22e8b96e1ab97ce403110664 -> 
  custom:audio-decoder-ogg-vorbis: bf7c407c2cedff20999df2af8eb42d56 -> 
  custom:audio-encoder-webm-vorbis: bf7c407c2cedff20999df2af8eb42d56 -> 
  custom:scripting/precompiled-assembly-types:Assembly-CSharp: eacb0aa3260bee51a27910321ba8510c -> 6f568ef1cfb45685900e534eb7cdc9ec
========================================================================
Received Prepare
Caller must complete domain reload
Begin MonoManager ReloadAssembly
Thread 0x16d54b000 may have been prematurely finalized
- Loaded All Assemblies, in  0.521 seconds
Native extension for Android target not found
Native extension for OSXStandalone target not found
Mono: successfully reloaded assembly
- Finished resetting the current domain, in  2.046 seconds
Domain Reload Profiling: 2568ms
	BeginReloadAssembly (192ms)
		ExecutionOrderSort (0ms)
		DisableScriptedObjects (6ms)
		BackupInstance (0ms)
		ReleaseScriptingObjects (0ms)
		CreateAndSetChildDomain (75ms)
	RebuildCommonClasses (56ms)
	RebuildNativeTypeToScriptingClass (18ms)
	initialDomainReloadingComplete (29ms)
	LoadAllAssembliesAndSetupDomain (225ms)
		LoadAssemblies (268ms)
		RebuildTransferFunctionScriptingTraits (0ms)
		AnalyzeDomain (29ms)
			TypeCache.Refresh (12ms)
				TypeCache.ScanAssembly (0ms)
			ScanForSourceGeneratedMonoScriptInfo (0ms)
			ResolveRequiredComponents (16ms)
	FinalizeReload (2047ms)
		ReleaseScriptCaches (0ms)
		RebuildScriptCaches (0ms)
		SetupLoadedEditorAssemblies (969ms)
			LogAssemblyErrors (0ms)
			InitializePlatformSupportModulesInManaged (13ms)
			SetLoadedEditorAssemblies (6ms)
			RefreshPlugins (0ms)
			BeforeProcessingInitializeOnLoad (81ms)
			ProcessInitializeOnLoadAttributes (734ms)
			ProcessInitializeOnLoadMethodAttributes (131ms)
			AfterProcessingInitializeOnLoad (2ms)
			EditorAssembliesLoaded (1ms)
		ExecutionOrderSort2 (0ms)
		AwakeInstancesAfterBackupRestoration (32ms)
Refreshing native plugins compatible for Editor in 4.40 ms, found 2 plugins.
Preloading 0 native plugins for Editor in 0.00 ms.
Unloading 5406 Unused Serialized files (Serialized files now loaded: 0)
Unloading 45 unused Assets / (2.7 MB). Loaded Objects now: 6205.
Memory consumption went from 283.3 MB to 280.6 MB.
Total: 9.371542 ms (FindLiveObjects: 0.475833 ms CreateObjectMapping: 0.253541 ms MarkObjects: 7.511500 ms  DeleteObjects: 1.129500 ms)

Prepare: number of updated asset objects reloaded= 0
AssetImportParameters requested are different than current active one (requested -> active):
  custom:container-demuxer-ogg: 62fdf1f143b41e24485cea50d1cbac27 -> 
  custom:video-decoder-ogg-theora: a1e56fd34408186e4bbccfd4996cb3dc -> 
  custom:scripting/monoscript/fileName/DamageText.cs: aaefcd28d501d1d3134b3d2b8b0e09a3 -> 
  custom:CustomObjectIndexerAttribute: 3ead1caaecf1c488f20bcfeb224b6af5 -> 
  custom:container-demuxer-webm: 4f35f7cbe854078d1ac9338744f61a02 -> 
  custom:container-muxer-webm: aa71ff27fc2769a1b78a27578f13a17b -> 
  custom:video-decoder-webm-vp8: 9c59270c3fd7afecdb556c50c9e8de78 -> 
  custom:SearchIndexIgnoredProperties: e643bd26f0fe6173181afceb89e7c659 -> 
  custom:AudioImporter_EditorPlatform: 3918e3fc78b5a79bad01e8451be0beb8 -> 
  custom:framework-osx-AVFoundation: e770b220cccbd017edd2c1fefb359320 -> 
  custom:video-encoder-webm-vp8: eb34c28f22e8b96e1ab97ce403110664 -> 
  custom:audio-decoder-ogg-vorbis: bf7c407c2cedff20999df2af8eb42d56 -> 
  custom:audio-encoder-webm-vorbis: bf7c407c2cedff20999df2af8eb42d56 -> 
  custom:scripting/precompiled-assembly-types:Assembly-CSharp: eacb0aa3260bee51a27910321ba8510c -> 6f568ef1cfb45685900e534eb7cdc9ec
========================================================================
Received Prepare
Caller must complete domain reload
Begin MonoManager ReloadAssembly
Thread 0x16d54b000 may have been prematurely finalized
- Loaded All Assemblies, in  0.770 seconds
Native extension for Android target not found
Native extension for OSXStandalone target not found
Mono: successfully reloaded assembly
- Finished resetting the current domain, in  1.593 seconds
Domain Reload Profiling: 2364ms
	BeginReloadAssembly (199ms)
		ExecutionOrderSort (0ms)
		DisableScriptedObjects (6ms)
		BackupInstance (0ms)
		ReleaseScriptingObjects (0ms)
		CreateAndSetChildDomain (82ms)
	RebuildCommonClasses (55ms)
	RebuildNativeTypeToScriptingClass (21ms)
	initialDomainReloadingComplete (52ms)
	LoadAllAssembliesAndSetupDomain (443ms)
		LoadAssemblies (401ms)
		RebuildTransferFunctionScriptingTraits (0ms)
		AnalyzeDomain (109ms)
			TypeCache.Refresh (45ms)
				TypeCache.ScanAssembly (2ms)
			ScanForSourceGeneratedMonoScriptInfo (47ms)
			ResolveRequiredComponents (17ms)
	FinalizeReload (1593ms)
		ReleaseScriptCaches (0ms)
		RebuildScriptCaches (0ms)
		SetupLoadedEditorAssemblies (513ms)
			LogAssemblyErrors (0ms)
			InitializePlatformSupportModulesInManaged (16ms)
			SetLoadedEditorAssemblies (5ms)
			RefreshPlugins (0ms)
			BeforeProcessingInitializeOnLoad (79ms)
			ProcessInitializeOnLoadAttributes (355ms)
			ProcessInitializeOnLoadMethodAttributes (57ms)
			AfterProcessingInitializeOnLoad (1ms)
			EditorAssembliesLoaded (0ms)
		ExecutionOrderSort2 (0ms)
		AwakeInstancesAfterBackupRestoration (14ms)
Refreshing native plugins compatible for Editor in 1.73 ms, found 2 plugins.
Preloading 0 native plugins for Editor in 0.00 ms.
Unloading 5406 Unused Serialized files (Serialized files now loaded: 0)
Unloading 45 unused Assets / (2.7 MB). Loaded Objects now: 6210.
Memory consumption went from 287.2 MB to 284.5 MB.
Total: 4.289750 ms (FindLiveObjects: 0.271208 ms CreateObjectMapping: 0.104375 ms MarkObjects: 3.294750 ms  DeleteObjects: 0.618750 ms)

Prepare: number of updated asset objects reloaded= 0
AssetImportParameters requested are different than current active one (requested -> active):
  custom:container-demuxer-ogg: 62fdf1f143b41e24485cea50d1cbac27 -> 
  custom:video-decoder-ogg-theora: a1e56fd34408186e4bbccfd4996cb3dc -> 
  custom:scripting/monoscript/fileName/DamageText.cs: aaefcd28d501d1d3134b3d2b8b0e09a3 -> 
  custom:CustomObjectIndexerAttribute: 3ead1caaecf1c488f20bcfeb224b6af5 -> 
  custom:container-demuxer-webm: 4f35f7cbe854078d1ac9338744f61a02 -> 
  custom:container-muxer-webm: aa71ff27fc2769a1b78a27578f13a17b -> 
  custom:video-decoder-webm-vp8: 9c59270c3fd7afecdb556c50c9e8de78 -> 
  custom:SearchIndexIgnoredProperties: e643bd26f0fe6173181afceb89e7c659 -> 
  custom:AudioImporter_EditorPlatform: 3918e3fc78b5a79bad01e8451be0beb8 -> 
  custom:framework-osx-AVFoundation: e770b220cccbd017edd2c1fefb359320 -> 
  custom:video-encoder-webm-vp8: eb34c28f22e8b96e1ab97ce403110664 -> 
  custom:audio-decoder-ogg-vorbis: bf7c407c2cedff20999df2af8eb42d56 -> 
  custom:audio-encoder-webm-vorbis: bf7c407c2cedff20999df2af8eb42d56 -> 
  custom:scripting/precompiled-assembly-types:Assembly-CSharp: eacb0aa3260bee51a27910321ba8510c -> 6f568ef1cfb45685900e534eb7cdc9ec
========================================================================
Received Prepare
Caller must complete domain reload
Begin MonoManager ReloadAssembly
Thread 0x16d54b000 may have been prematurely finalized
- Loaded All Assemblies, in  0.536 seconds
Native extension for Android target not found
Native extension for OSXStandalone target not found
Mono: successfully reloaded assembly
- Finished resetting the current domain, in  1.678 seconds
Domain Reload Profiling: 2215ms
	BeginReloadAssembly (193ms)
		ExecutionOrderSort (0ms)
		DisableScriptedObjects (7ms)
		BackupInstance (0ms)
		ReleaseScriptingObjects (0ms)
		CreateAndSetChildDomain (77ms)
	RebuildCommonClasses (56ms)
	RebuildNativeTypeToScriptingClass (18ms)
	initialDomainReloadingComplete (30ms)
	LoadAllAssembliesAndSetupDomain (239ms)
		LoadAssemblies (271ms)
		RebuildTransferFunctionScriptingTraits (0ms)
		AnalyzeDomain (36ms)
			TypeCache.Refresh (15ms)
				TypeCache.ScanAssembly (0ms)
			ScanForSourceGeneratedMonoScriptInfo (0ms)
			ResolveRequiredComponents (20ms)
	FinalizeReload (1679ms)
		ReleaseScriptCaches (0ms)
		RebuildScriptCaches (0ms)
		SetupLoadedEditorAssemblies (1039ms)
			LogAssemblyErrors (0ms)
			InitializePlatformSupportModulesInManaged (21ms)
			SetLoadedEditorAssemblies (7ms)
			RefreshPlugins (0ms)
			BeforeProcessingInitializeOnLoad (113ms)
			ProcessInitializeOnLoadAttributes (762ms)
			ProcessInitializeOnLoadMethodAttributes (132ms)
			AfterProcessingInitializeOnLoad (4ms)
			EditorAssembliesLoaded (0ms)
		ExecutionOrderSort2 (0ms)
		AwakeInstancesAfterBackupRestoration (39ms)
Refreshing native plugins compatible for Editor in 4.15 ms, found 2 plugins.
Preloading 0 native plugins for Editor in 0.00 ms.
Unloading 5406 Unused Serialized files (Serialized files now loaded: 0)
Unloading 45 unused Assets / (2.7 MB). Loaded Objects now: 6215.
Memory consumption went from 291.1 MB to 288.4 MB.
Total: 9.334042 ms (FindLiveObjects: 0.482625 ms CreateObjectMapping: 0.241000 ms MarkObjects: 7.374958 ms  DeleteObjects: 1.234458 ms)

Prepare: number of updated asset objects reloaded= 0
AssetImportParameters requested are different than current active one (requested -> active):
  custom:container-demuxer-ogg: 62fdf1f143b41e24485cea50d1cbac27 -> 
  custom:video-decoder-ogg-theora: a1e56fd34408186e4bbccfd4996cb3dc -> 
  custom:scripting/monoscript/fileName/DamageText.cs: aaefcd28d501d1d3134b3d2b8b0e09a3 -> 
  custom:CustomObjectIndexerAttribute: 3ead1caaecf1c488f20bcfeb224b6af5 -> 
  custom:container-demuxer-webm: 4f35f7cbe854078d1ac9338744f61a02 -> 
  custom:container-muxer-webm: aa71ff27fc2769a1b78a27578f13a17b -> 
  custom:video-decoder-webm-vp8: 9c59270c3fd7afecdb556c50c9e8de78 -> 
  custom:SearchIndexIgnoredProperties: e643bd26f0fe6173181afceb89e7c659 -> 
  custom:AudioImporter_EditorPlatform: 3918e3fc78b5a79bad01e8451be0beb8 -> 
  custom:framework-osx-AVFoundation: e770b220cccbd017edd2c1fefb359320 -> 
  custom:video-encoder-webm-vp8: eb34c28f22e8b96e1ab97ce403110664 -> 
  custom:audio-decoder-ogg-vorbis: bf7c407c2cedff20999df2af8eb42d56 -> 
  custom:audio-encoder-webm-vorbis: bf7c407c2cedff20999df2af8eb42d56 -> 
  custom:scripting/precompiled-assembly-types:Assembly-CSharp: eacb0aa3260bee51a27910321ba8510c -> 6f568ef1cfb45685900e534eb7cdc9ec
========================================================================
Received Prepare
Caller must complete domain reload
Begin MonoManager ReloadAssembly
Thread 0x16d54b000 may have been prematurely finalized
- Loaded All Assemblies, in  0.643 seconds
Native extension for Android target not found
Native extension for OSXStandalone target not found
Mono: successfully reloaded assembly
- Finished resetting the current domain, in  1.530 seconds
Domain Reload Profiling: 2173ms
	BeginReloadAssembly (187ms)
		ExecutionOrderSort (0ms)
		DisableScriptedObjects (5ms)
		BackupInstance (0ms)
		ReleaseScriptingObjects (0ms)
		CreateAndSetChildDomain (79ms)
	RebuildCommonClasses (54ms)
	RebuildNativeTypeToScriptingClass (18ms)
	initialDomainReloadingComplete (37ms)
	LoadAllAssembliesAndSetupDomain (347ms)
		LoadAssemblies (344ms)
		RebuildTransferFunctionScriptingTraits (0ms)
		AnalyzeDomain (66ms)
			TypeCache.Refresh (15ms)
				TypeCache.ScanAssembly (1ms)
			ScanForSourceGeneratedMonoScriptInfo (36ms)
			ResolveRequiredComponents (15ms)
	FinalizeReload (1530ms)
		ReleaseScriptCaches (0ms)
		RebuildScriptCaches (0ms)
		SetupLoadedEditorAssemblies (539ms)
			LogAssemblyErrors (0ms)
			InitializePlatformSupportModulesInManaged (15ms)
			SetLoadedEditorAssemblies (5ms)
			RefreshPlugins (0ms)
			BeforeProcessingInitializeOnLoad (79ms)
			ProcessInitializeOnLoadAttributes (375ms)
			ProcessInitializeOnLoadMethodAttributes (64ms)
			AfterProcessingInitializeOnLoad (1ms)
			EditorAssembliesLoaded (0ms)
		ExecutionOrderSort2 (0ms)
		AwakeInstancesAfterBackupRestoration (17ms)
Refreshing native plugins compatible for Editor in 1.45 ms, found 2 plugins.
Preloading 0 native plugins for Editor in 0.00 ms.
Unloading 5406 Unused Serialized files (Serialized files now loaded: 0)
Unloading 45 unused Assets / (2.7 MB). Loaded Objects now: 6220.
Memory consumption went from 295.0 MB to 292.3 MB.
Total: 7.486333 ms (FindLiveObjects: 0.328208 ms CreateObjectMapping: 0.112583 ms MarkObjects: 6.227666 ms  DeleteObjects: 0.816958 ms)

Prepare: number of updated asset objects reloaded= 0
AssetImportParameters requested are different than current active one (requested -> active):
  custom:container-demuxer-ogg: 62fdf1f143b41e24485cea50d1cbac27 -> 
  custom:video-decoder-ogg-theora: a1e56fd34408186e4bbccfd4996cb3dc -> 
  custom:scripting/monoscript/fileName/DamageText.cs: aaefcd28d501d1d3134b3d2b8b0e09a3 -> 
  custom:CustomObjectIndexerAttribute: 3ead1caaecf1c488f20bcfeb224b6af5 -> 
  custom:container-demuxer-webm: 4f35f7cbe854078d1ac9338744f61a02 -> 
  custom:container-muxer-webm: aa71ff27fc2769a1b78a27578f13a17b -> 
  custom:video-decoder-webm-vp8: 9c59270c3fd7afecdb556c50c9e8de78 -> 
  custom:SearchIndexIgnoredProperties: e643bd26f0fe6173181afceb89e7c659 -> 
  custom:AudioImporter_EditorPlatform: 3918e3fc78b5a79bad01e8451be0beb8 -> 
  custom:framework-osx-AVFoundation: e770b220cccbd017edd2c1fefb359320 -> 
  custom:video-encoder-webm-vp8: eb34c28f22e8b96e1ab97ce403110664 -> 
  custom:audio-decoder-ogg-vorbis: bf7c407c2cedff20999df2af8eb42d56 -> 
  custom:audio-encoder-webm-vorbis: bf7c407c2cedff20999df2af8eb42d56 -> 
  custom:scripting/precompiled-assembly-types:Assembly-CSharp: eacb0aa3260bee51a27910321ba8510c -> 6f568ef1cfb45685900e534eb7cdc9ec
========================================================================
Received Prepare
Caller must complete domain reload
Begin MonoManager ReloadAssembly
Thread 0x16d54b000 may have been prematurely finalized
- Loaded All Assemblies, in  0.502 seconds
Native extension for Android target not found
Native extension for OSXStandalone target not found
Mono: successfully reloaded assembly
- Finished resetting the current domain, in  1.707 seconds
Domain Reload Profiling: 2210ms
	BeginReloadAssembly (155ms)
		ExecutionOrderSort (0ms)
		DisableScriptedObjects (5ms)
		BackupInstance (0ms)
		ReleaseScriptingObjects (0ms)
		CreateAndSetChildDomain (57ms)
	RebuildCommonClasses (51ms)
	RebuildNativeTypeToScriptingClass (18ms)
	initialDomainReloadingComplete (29ms)
	LoadAllAssembliesAndSetupDomain (249ms)
		LoadAssemblies (278ms)
		RebuildTransferFunctionScriptingTraits (0ms)
		AnalyzeDomain (29ms)
			TypeCache.Refresh (11ms)
				TypeCache.ScanAssembly (0ms)
			ScanForSourceGeneratedMonoScriptInfo (0ms)
			ResolveRequiredComponents (17ms)
	FinalizeReload (1708ms)
		ReleaseScriptCaches (0ms)
		RebuildScriptCaches (0ms)
		SetupLoadedEditorAssemblies (1006ms)
			LogAssemblyErrors (0ms)
			InitializePlatformSupportModulesInManaged (17ms)
			SetLoadedEditorAssemblies (7ms)
			RefreshPlugins (0ms)
			BeforeProcessingInitializeOnLoad (135ms)
			ProcessInitializeOnLoadAttributes (716ms)
			ProcessInitializeOnLoadMethodAttributes (129ms)
			AfterProcessingInitializeOnLoad (2ms)
			EditorAssembliesLoaded (0ms)
		ExecutionOrderSort2 (0ms)
		AwakeInstancesAfterBackupRestoration (33ms)
Refreshing native plugins compatible for Editor in 3.23 ms, found 2 plugins.
Preloading 0 native plugins for Editor in 0.00 ms.
Unloading 5406 Unused Serialized files (Serialized files now loaded: 0)
Unloading 45 unused Assets / (2.7 MB). Loaded Objects now: 6225.
Memory consumption went from 298.8 MB to 296.1 MB.
Total: 12.420208 ms (FindLiveObjects: 0.694917 ms CreateObjectMapping: 0.503625 ms MarkObjects: 9.405125 ms  DeleteObjects: 1.814709 ms)

Prepare: number of updated asset objects reloaded= 0
AssetImportParameters requested are different than current active one (requested -> active):
  custom:container-demuxer-ogg: 62fdf1f143b41e24485cea50d1cbac27 -> 
  custom:video-decoder-ogg-theora: a1e56fd34408186e4bbccfd4996cb3dc -> 
  custom:scripting/monoscript/fileName/DamageText.cs: aaefcd28d501d1d3134b3d2b8b0e09a3 -> 
  custom:CustomObjectIndexerAttribute: 3ead1caaecf1c488f20bcfeb224b6af5 -> 
  custom:container-demuxer-webm: 4f35f7cbe854078d1ac9338744f61a02 -> 
  custom:container-muxer-webm: aa71ff27fc2769a1b78a27578f13a17b -> 
  custom:video-decoder-webm-vp8: 9c59270c3fd7afecdb556c50c9e8de78 -> 
  custom:SearchIndexIgnoredProperties: e643bd26f0fe6173181afceb89e7c659 -> 
  custom:AudioImporter_EditorPlatform: 3918e3fc78b5a79bad01e8451be0beb8 -> 
  custom:framework-osx-AVFoundation: e770b220cccbd017edd2c1fefb359320 -> 
  custom:video-encoder-webm-vp8: eb34c28f22e8b96e1ab97ce403110664 -> 
  custom:audio-decoder-ogg-vorbis: bf7c407c2cedff20999df2af8eb42d56 -> 
  custom:audio-encoder-webm-vorbis: bf7c407c2cedff20999df2af8eb42d56 -> 
  custom:scripting/precompiled-assembly-types:Assembly-CSharp: eacb0aa3260bee51a27910321ba8510c -> 6f568ef1cfb45685900e534eb7cdc9ec
========================================================================
Received Prepare
Caller must complete domain reload
Begin MonoManager ReloadAssembly
Thread 0x16d54b000 may have been prematurely finalized
- Loaded All Assemblies, in  0.733 seconds
Native extension for Android target not found
Native extension for OSXStandalone target not found
Mono: successfully reloaded assembly
- Finished resetting the current domain, in  1.614 seconds
Domain Reload Profiling: 2347ms
	BeginReloadAssembly (167ms)
		ExecutionOrderSort (0ms)
		DisableScriptedObjects (5ms)
		BackupInstance (0ms)
		ReleaseScriptingObjects (0ms)
		CreateAndSetChildDomain (65ms)
	RebuildCommonClasses (54ms)
	RebuildNativeTypeToScriptingClass (35ms)
	initialDomainReloadingComplete (76ms)
	LoadAllAssembliesAndSetupDomain (400ms)
		LoadAssemblies (377ms)
		RebuildTransferFunctionScriptingTraits (0ms)
		AnalyzeDomain (79ms)
			TypeCache.Refresh (25ms)
				TypeCache.ScanAssembly (1ms)
			ScanForSourceGeneratedMonoScriptInfo (38ms)
			ResolveRequiredComponents (15ms)
	FinalizeReload (1615ms)
		ReleaseScriptCaches (0ms)
		RebuildScriptCaches (0ms)
		SetupLoadedEditorAssemblies (518ms)
			LogAssemblyErrors (0ms)
			InitializePlatformSupportModulesInManaged (15ms)
			SetLoadedEditorAssemblies (5ms)
			RefreshPlugins (0ms)
			BeforeProcessingInitializeOnLoad (79ms)
			ProcessInitializeOnLoadAttributes (363ms)
			ProcessInitializeOnLoadMethodAttributes (55ms)
			AfterProcessingInitializeOnLoad (1ms)
			EditorAssembliesLoaded (0ms)
		ExecutionOrderSort2 (0ms)
		AwakeInstancesAfterBackupRestoration (15ms)
Refreshing native plugins compatible for Editor in 1.53 ms, found 2 plugins.
Preloading 0 native plugins for Editor in 0.00 ms.
Unloading 5406 Unused Serialized files (Serialized files now loaded: 0)
Unloading 45 unused Assets / (2.7 MB). Loaded Objects now: 6230.
Memory consumption went from 302.7 MB to 300.0 MB.
Total: 4.351166 ms (FindLiveObjects: 0.246667 ms CreateObjectMapping: 0.106708 ms MarkObjects: 3.349167 ms  DeleteObjects: 0.647833 ms)

Prepare: number of updated asset objects reloaded= 0
AssetImportParameters requested are different than current active one (requested -> active):
  custom:container-demuxer-ogg: 62fdf1f143b41e24485cea50d1cbac27 -> 
  custom:video-decoder-ogg-theora: a1e56fd34408186e4bbccfd4996cb3dc -> 
  custom:scripting/monoscript/fileName/DamageText.cs: aaefcd28d501d1d3134b3d2b8b0e09a3 -> 
  custom:CustomObjectIndexerAttribute: 3ead1caaecf1c488f20bcfeb224b6af5 -> 
  custom:container-demuxer-webm: 4f35f7cbe854078d1ac9338744f61a02 -> 
  custom:container-muxer-webm: aa71ff27fc2769a1b78a27578f13a17b -> 
  custom:video-decoder-webm-vp8: 9c59270c3fd7afecdb556c50c9e8de78 -> 
  custom:SearchIndexIgnoredProperties: e643bd26f0fe6173181afceb89e7c659 -> 
  custom:AudioImporter_EditorPlatform: 3918e3fc78b5a79bad01e8451be0beb8 -> 
  custom:framework-osx-AVFoundation: e770b220cccbd017edd2c1fefb359320 -> 
  custom:video-encoder-webm-vp8: eb34c28f22e8b96e1ab97ce403110664 -> 
  custom:audio-decoder-ogg-vorbis: bf7c407c2cedff20999df2af8eb42d56 -> 
  custom:audio-encoder-webm-vorbis: bf7c407c2cedff20999df2af8eb42d56 -> 
  custom:scripting/precompiled-assembly-types:Assembly-CSharp: eacb0aa3260bee51a27910321ba8510c -> 6f568ef1cfb45685900e534eb7cdc9ec
========================================================================
Received Prepare
Caller must complete domain reload
Begin MonoManager ReloadAssembly
Thread 0x16d54b000 may have been prematurely finalized
- Loaded All Assemblies, in  0.511 seconds
Native extension for Android target not found
Native extension for OSXStandalone target not found
Mono: successfully reloaded assembly
- Finished resetting the current domain, in  2.366 seconds
Domain Reload Profiling: 2877ms
	BeginReloadAssembly (191ms)
		ExecutionOrderSort (0ms)
		DisableScriptedObjects (6ms)
		BackupInstance (0ms)
		ReleaseScriptingObjects (0ms)
		CreateAndSetChildDomain (76ms)
	RebuildCommonClasses (56ms)
	RebuildNativeTypeToScriptingClass (18ms)
	initialDomainReloadingComplete (29ms)
	LoadAllAssembliesAndSetupDomain (218ms)
		LoadAssemblies (261ms)
		RebuildTransferFunctionScriptingTraits (0ms)
		AnalyzeDomain (25ms)
			TypeCache.Refresh (10ms)
				TypeCache.ScanAssembly (0ms)
			ScanForSourceGeneratedMonoScriptInfo (0ms)
			ResolveRequiredComponents (15ms)
	FinalizeReload (2366ms)
		ReleaseScriptCaches (0ms)
		RebuildScriptCaches (0ms)
		SetupLoadedEditorAssemblies (1255ms)
			LogAssemblyErrors (0ms)
			InitializePlatformSupportModulesInManaged (29ms)
			SetLoadedEditorAssemblies (12ms)
			RefreshPlugins (0ms)
			BeforeProcessingInitializeOnLoad (198ms)
			ProcessInitializeOnLoadAttributes (878ms)
			ProcessInitializeOnLoadMethodAttributes (136ms)
			AfterProcessingInitializeOnLoad (2ms)
			EditorAssembliesLoaded (0ms)
		ExecutionOrderSort2 (0ms)
		AwakeInstancesAfterBackupRestoration (32ms)
Refreshing native plugins compatible for Editor in 2.41 ms, found 2 plugins.
Preloading 0 native plugins for Editor in 0.00 ms.
Unloading 5406 Unused Serialized files (Serialized files now loaded: 0)
Unloading 45 unused Assets / (2.7 MB). Loaded Objects now: 6235.
Memory consumption went from 306.6 MB to 303.9 MB.
Total: 7.798917 ms (FindLiveObjects: 0.409375 ms CreateObjectMapping: 0.191709 ms MarkObjects: 6.033416 ms  DeleteObjects: 1.163292 ms)

Prepare: number of updated asset objects reloaded= 0
AssetImportParameters requested are different than current active one (requested -> active):
  custom:container-demuxer-ogg: 62fdf1f143b41e24485cea50d1cbac27 -> 
  custom:video-decoder-ogg-theora: a1e56fd34408186e4bbccfd4996cb3dc -> 
  custom:scripting/monoscript/fileName/DamageText.cs: aaefcd28d501d1d3134b3d2b8b0e09a3 -> 
  custom:CustomObjectIndexerAttribute: 3ead1caaecf1c488f20bcfeb224b6af5 -> 
  custom:container-demuxer-webm: 4f35f7cbe854078d1ac9338744f61a02 -> 
  custom:container-muxer-webm: aa71ff27fc2769a1b78a27578f13a17b -> 
  custom:video-decoder-webm-vp8: 9c59270c3fd7afecdb556c50c9e8de78 -> 
  custom:SearchIndexIgnoredProperties: e643bd26f0fe6173181afceb89e7c659 -> 
  custom:AudioImporter_EditorPlatform: 3918e3fc78b5a79bad01e8451be0beb8 -> 
  custom:framework-osx-AVFoundation: e770b220cccbd017edd2c1fefb359320 -> 
  custom:video-encoder-webm-vp8: eb34c28f22e8b96e1ab97ce403110664 -> 
  custom:audio-decoder-ogg-vorbis: bf7c407c2cedff20999df2af8eb42d56 -> 
  custom:audio-encoder-webm-vorbis: bf7c407c2cedff20999df2af8eb42d56 -> 
  custom:scripting/precompiled-assembly-types:Assembly-CSharp: eacb0aa3260bee51a27910321ba8510c -> 6f568ef1cfb45685900e534eb7cdc9ec
========================================================================
Received Prepare
Caller must complete domain reload
Begin MonoManager ReloadAssembly
Thread 0x16d54b000 may have been prematurely finalized
- Loaded All Assemblies, in  0.719 seconds
Native extension for Android target not found
Native extension for OSXStandalone target not found
Mono: successfully reloaded assembly
- Finished resetting the current domain, in  1.674 seconds
Domain Reload Profiling: 2392ms
	BeginReloadAssembly (198ms)
		ExecutionOrderSort (0ms)
		DisableScriptedObjects (5ms)
		BackupInstance (0ms)
		ReleaseScriptingObjects (0ms)
		CreateAndSetChildDomain (77ms)
	RebuildCommonClasses (91ms)
	RebuildNativeTypeToScriptingClass (33ms)
	initialDomainReloadingComplete (61ms)
	LoadAllAssembliesAndSetupDomain (335ms)
		LoadAssemblies (344ms)
		RebuildTransferFunctionScriptingTraits (0ms)
		AnalyzeDomain (71ms)
			TypeCache.Refresh (15ms)
				TypeCache.ScanAssembly (1ms)
			ScanForSourceGeneratedMonoScriptInfo (39ms)
			ResolveRequiredComponents (17ms)
	FinalizeReload (1674ms)
		ReleaseScriptCaches (0ms)
		RebuildScriptCaches (0ms)
		SetupLoadedEditorAssemblies (538ms)
			LogAssemblyErrors (0ms)
			InitializePlatformSupportModulesInManaged (16ms)
			SetLoadedEditorAssemblies (5ms)
			RefreshPlugins (0ms)
			BeforeProcessingInitializeOnLoad (79ms)
			ProcessInitializeOnLoadAttributes (380ms)
			ProcessInitializeOnLoadMethodAttributes (56ms)
			AfterProcessingInitializeOnLoad (1ms)
			EditorAssembliesLoaded (0ms)
		ExecutionOrderSort2 (0ms)
		AwakeInstancesAfterBackupRestoration (15ms)
Refreshing native plugins compatible for Editor in 1.49 ms, found 2 plugins.
Preloading 0 native plugins for Editor in 0.00 ms.
Unloading 5406 Unused Serialized files (Serialized files now loaded: 0)
Unloading 45 unused Assets / (2.7 MB). Loaded Objects now: 6240.
Memory consumption went from 310.5 MB to 307.8 MB.
Total: 4.444584 ms (FindLiveObjects: 0.288833 ms CreateObjectMapping: 0.108500 ms MarkObjects: 3.389709 ms  DeleteObjects: 0.656708 ms)

Prepare: number of updated asset objects reloaded= 0
AssetImportParameters requested are different than current active one (requested -> active):
  custom:container-demuxer-ogg: 62fdf1f143b41e24485cea50d1cbac27 -> 
  custom:video-decoder-ogg-theora: a1e56fd34408186e4bbccfd4996cb3dc -> 
  custom:scripting/monoscript/fileName/DamageText.cs: aaefcd28d501d1d3134b3d2b8b0e09a3 -> 
  custom:CustomObjectIndexerAttribute: 3ead1caaecf1c488f20bcfeb224b6af5 -> 
  custom:container-demuxer-webm: 4f35f7cbe854078d1ac9338744f61a02 -> 
  custom:container-muxer-webm: aa71ff27fc2769a1b78a27578f13a17b -> 
  custom:video-decoder-webm-vp8: 9c59270c3fd7afecdb556c50c9e8de78 -> 
  custom:SearchIndexIgnoredProperties: e643bd26f0fe6173181afceb89e7c659 -> 
  custom:AudioImporter_EditorPlatform: 3918e3fc78b5a79bad01e8451be0beb8 -> 
  custom:framework-osx-AVFoundation: e770b220cccbd017edd2c1fefb359320 -> 
  custom:video-encoder-webm-vp8: eb34c28f22e8b96e1ab97ce403110664 -> 
  custom:audio-decoder-ogg-vorbis: bf7c407c2cedff20999df2af8eb42d56 -> 
  custom:audio-encoder-webm-vorbis: bf7c407c2cedff20999df2af8eb42d56 -> 
  custom:scripting/precompiled-assembly-types:Assembly-CSharp: eacb0aa3260bee51a27910321ba8510c -> 6f568ef1cfb45685900e534eb7cdc9ec
========================================================================
Received Prepare
Caller must complete domain reload
Begin MonoManager ReloadAssembly
Thread 0x16cf47000 may have been prematurely finalized
- Loaded All Assemblies, in  0.546 seconds
Native extension for Android target not found
Native extension for OSXStandalone target not found
Mono: successfully reloaded assembly
- Finished resetting the current domain, in  1.720 seconds
Domain Reload Profiling: 2267ms
	BeginReloadAssembly (200ms)
		ExecutionOrderSort (0ms)
		DisableScriptedObjects (7ms)
		BackupInstance (0ms)
		ReleaseScriptingObjects (0ms)
		CreateAndSetChildDomain (81ms)
	RebuildCommonClasses (55ms)
	RebuildNativeTypeToScriptingClass (18ms)
	initialDomainReloadingComplete (28ms)
	LoadAllAssembliesAndSetupDomain (245ms)
		LoadAssemblies (281ms)
		RebuildTransferFunctionScriptingTraits (0ms)
		AnalyzeDomain (29ms)
			TypeCache.Refresh (11ms)
				TypeCache.ScanAssembly (0ms)
			ScanForSourceGeneratedMonoScriptInfo (0ms)
			ResolveRequiredComponents (17ms)
	FinalizeReload (1721ms)
		ReleaseScriptCaches (0ms)
		RebuildScriptCaches (0ms)
		SetupLoadedEditorAssemblies (1035ms)
			LogAssemblyErrors (0ms)
			InitializePlatformSupportModulesInManaged (17ms)
			SetLoadedEditorAssemblies (7ms)
			RefreshPlugins (0ms)
			BeforeProcessingInitializeOnLoad (103ms)
			ProcessInitializeOnLoadAttributes (783ms)
			ProcessInitializeOnLoadMethodAttributes (121ms)
			AfterProcessingInitializeOnLoad (2ms)
			EditorAssembliesLoaded (0ms)
		ExecutionOrderSort2 (0ms)
		AwakeInstancesAfterBackupRestoration (33ms)
Refreshing native plugins compatible for Editor in 3.66 ms, found 2 plugins.
Preloading 0 native plugins for Editor in 0.00 ms.
Unloading 5406 Unused Serialized files (Serialized files now loaded: 0)
Unloading 45 unused Assets / (2.7 MB). Loaded Objects now: 6245.
Memory consumption went from 314.4 MB to 311.7 MB.
Total: 9.204583 ms (FindLiveObjects: 0.506042 ms CreateObjectMapping: 0.241500 ms MarkObjects: 7.404375 ms  DeleteObjects: 1.051417 ms)

Prepare: number of updated asset objects reloaded= 0
AssetImportParameters requested are different than current active one (requested -> active):
  custom:container-demuxer-ogg: 62fdf1f143b41e24485cea50d1cbac27 -> 
  custom:video-decoder-ogg-theora: a1e56fd34408186e4bbccfd4996cb3dc -> 
  custom:scripting/monoscript/fileName/DamageText.cs: aaefcd28d501d1d3134b3d2b8b0e09a3 -> 
  custom:CustomObjectIndexerAttribute: 3ead1caaecf1c488f20bcfeb224b6af5 -> 
  custom:container-demuxer-webm: 4f35f7cbe854078d1ac9338744f61a02 -> 
  custom:container-muxer-webm: aa71ff27fc2769a1b78a27578f13a17b -> 
  custom:video-decoder-webm-vp8: 9c59270c3fd7afecdb556c50c9e8de78 -> 
  custom:SearchIndexIgnoredProperties: e643bd26f0fe6173181afceb89e7c659 -> 
  custom:AudioImporter_EditorPlatform: 3918e3fc78b5a79bad01e8451be0beb8 -> 
  custom:framework-osx-AVFoundation: e770b220cccbd017edd2c1fefb359320 -> 
  custom:video-encoder-webm-vp8: eb34c28f22e8b96e1ab97ce403110664 -> 
  custom:audio-decoder-ogg-vorbis: bf7c407c2cedff20999df2af8eb42d56 -> 
  custom:audio-encoder-webm-vorbis: bf7c407c2cedff20999df2af8eb42d56 -> 
  custom:scripting/precompiled-assembly-types:Assembly-CSharp: eacb0aa3260bee51a27910321ba8510c -> 6f568ef1cfb45685900e534eb7cdc9ec
========================================================================
Received Import Request.
  Time since last request: 508.748907 seconds.
  path: Assets/DamagePopup.prefab
  artifactKey: Guid(e236952e5054a4c988db6b45b759d262) Importer(815301076,1909f56bfc062723c751e8b465ee728b)
Start importing Assets/DamagePopup.prefab using Guid(e236952e5054a4c988db6b45b759d262) Importer(815301076,1909f56bfc062723c751e8b465ee728b) [PhysX] Initialized MultithreadedTaskDispatcher with 8 workers.
 -> (artifact id: 'da3a423e69e328e1dc154240a27749b0') in 0.150348 seconds
Number of updated asset objects reloaded before import = 0
Number of asset objects unloaded after import = 16
========================================================================
Received Import Request.
  Time since last request: 2.949702 seconds.
  path: Assets/DamagePopup.prefab
  artifactKey: Guid(e236952e5054a4c988db6b45b759d262) Importer(815301076,1909f56bfc062723c751e8b465ee728b)
Start importing Assets/DamagePopup.prefab using Guid(e236952e5054a4c988db6b45b759d262) Importer(815301076,1909f56bfc062723c751e8b465ee728b) [PhysX] Initialized MultithreadedTaskDispatcher with 8 workers.
 -> (artifact id: '6eb6c90b53e285e54a7f06c08cda4ebb') in 0.024122 seconds
Number of updated asset objects reloaded before import = 0
Number of asset objects unloaded after import = 16
========================================================================
Received Prepare
Caller must complete domain reload
Begin MonoManager ReloadAssembly
Thread 0x16cf47000 may have been prematurely finalized
- Loaded All Assemblies, in  0.588 seconds
Native extension for Android target not found
Native extension for OSXStandalone target not found
Mono: successfully reloaded assembly
- Finished resetting the current domain, in  2.173 seconds
Domain Reload Profiling: 2763ms
	BeginReloadAssembly (223ms)
		ExecutionOrderSort (0ms)
		DisableScriptedObjects (6ms)
		BackupInstance (0ms)
		ReleaseScriptingObjects (0ms)
		CreateAndSetChildDomain (95ms)
	RebuildCommonClasses (57ms)
	RebuildNativeTypeToScriptingClass (18ms)
	initialDomainReloadingComplete (29ms)
	LoadAllAssembliesAndSetupDomain (262ms)
		LoadAssemblies (302ms)
		RebuildTransferFunctionScriptingTraits (0ms)
		AnalyzeDomain (40ms)
			TypeCache.Refresh (24ms)
				TypeCache.ScanAssembly (0ms)
			ScanForSourceGeneratedMonoScriptInfo (1ms)
			ResolveRequiredComponents (16ms)
	FinalizeReload (2174ms)
		ReleaseScriptCaches (0ms)
		RebuildScriptCaches (0ms)
		SetupLoadedEditorAssemblies (1120ms)
			LogAssemblyErrors (0ms)
			InitializePlatformSupportModulesInManaged (20ms)
			SetLoadedEditorAssemblies (8ms)
			RefreshPlugins (0ms)
			BeforeProcessingInitializeOnLoad (96ms)
			ProcessInitializeOnLoadAttributes (849ms)
			ProcessInitializeOnLoadMethodAttributes (145ms)
			AfterProcessingInitializeOnLoad (2ms)
			EditorAssembliesLoaded (0ms)
		ExecutionOrderSort2 (0ms)
		AwakeInstancesAfterBackupRestoration (33ms)
Refreshing native plugins compatible for Editor in 4.41 ms, found 2 plugins.
Preloading 0 native plugins for Editor in 0.00 ms.
Unloading 5406 Unused Serialized files (Serialized files now loaded: 0)
Unloading 45 unused Assets / (2.7 MB). Loaded Objects now: 6250.
Memory consumption went from 318.7 MB to 316.0 MB.
Total: 11.570625 ms (FindLiveObjects: 0.698417 ms CreateObjectMapping: 0.264209 ms MarkObjects: 9.141791 ms  DeleteObjects: 1.465417 ms)

Prepare: number of updated asset objects reloaded= 0
AssetImportParameters requested are different than current active one (requested -> active):
  custom:container-demuxer-ogg: 62fdf1f143b41e24485cea50d1cbac27 -> 
  custom:video-decoder-ogg-theora: a1e56fd34408186e4bbccfd4996cb3dc -> 
  custom:scripting/monoscript/fileName/DamageText.cs: aaefcd28d501d1d3134b3d2b8b0e09a3 -> 
  custom:CustomObjectIndexerAttribute: 3ead1caaecf1c488f20bcfeb224b6af5 -> 
  custom:container-demuxer-webm: 4f35f7cbe854078d1ac9338744f61a02 -> 
  custom:container-muxer-webm: aa71ff27fc2769a1b78a27578f13a17b -> 
  custom:video-decoder-webm-vp8: 9c59270c3fd7afecdb556c50c9e8de78 -> 
  custom:SearchIndexIgnoredProperties: e643bd26f0fe6173181afceb89e7c659 -> 
  custom:AudioImporter_EditorPlatform: 3918e3fc78b5a79bad01e8451be0beb8 -> 
  custom:framework-osx-AVFoundation: e770b220cccbd017edd2c1fefb359320 -> 
  custom:video-encoder-webm-vp8: eb34c28f22e8b96e1ab97ce403110664 -> 
  custom:audio-decoder-ogg-vorbis: bf7c407c2cedff20999df2af8eb42d56 -> 
  custom:audio-encoder-webm-vorbis: bf7c407c2cedff20999df2af8eb42d56 -> 
  custom:scripting/precompiled-assembly-types:Assembly-CSharp: eacb0aa3260bee51a27910321ba8510c -> 6f568ef1cfb45685900e534eb7cdc9ec
========================================================================
Received Prepare
Caller must complete domain reload
Begin MonoManager ReloadAssembly
Thread 0x16cf47000 may have been prematurely finalized
- Loaded All Assemblies, in  0.531 seconds
Native extension for Android target not found
Native extension for OSXStandalone target not found
Mono: successfully reloaded assembly
- Finished resetting the current domain, in  2.245 seconds
Domain Reload Profiling: 2777ms
	BeginReloadAssembly (186ms)
		ExecutionOrderSort (0ms)
		DisableScriptedObjects (6ms)
		BackupInstance (0ms)
		ReleaseScriptingObjects (0ms)
		CreateAndSetChildDomain (75ms)
	RebuildCommonClasses (55ms)
	RebuildNativeTypeToScriptingClass (17ms)
	initialDomainReloadingComplete (27ms)
	LoadAllAssembliesAndSetupDomain (246ms)
		LoadAssemblies (281ms)
		RebuildTransferFunctionScriptingTraits (0ms)
		AnalyzeDomain (30ms)
			TypeCache.Refresh (12ms)
				TypeCache.ScanAssembly (0ms)
			ScanForSourceGeneratedMonoScriptInfo (0ms)
			ResolveRequiredComponents (17ms)
	FinalizeReload (2246ms)
		ReleaseScriptCaches (0ms)
		RebuildScriptCaches (0ms)
		SetupLoadedEditorAssemblies (1201ms)
			LogAssemblyErrors (0ms)
			InitializePlatformSupportModulesInManaged (22ms)
			SetLoadedEditorAssemblies (11ms)
			RefreshPlugins (0ms)
			BeforeProcessingInitializeOnLoad (172ms)
			ProcessInitializeOnLoadAttributes (868ms)
			ProcessInitializeOnLoadMethodAttributes (126ms)
			AfterProcessingInitializeOnLoad (2ms)
			EditorAssembliesLoaded (0ms)
		ExecutionOrderSort2 (0ms)
		AwakeInstancesAfterBackupRestoration (30ms)
Refreshing native plugins compatible for Editor in 2.96 ms, found 2 plugins.
Preloading 0 native plugins for Editor in 0.00 ms.
Unloading 5406 Unused Serialized files (Serialized files now loaded: 0)
Unloading 45 unused Assets / (2.7 MB). Loaded Objects now: 6255.
Memory consumption went from 322.5 MB to 319.8 MB.
Total: 9.085209 ms (FindLiveObjects: 0.515750 ms CreateObjectMapping: 0.249375 ms MarkObjects: 7.209833 ms  DeleteObjects: 1.109292 ms)

Prepare: number of updated asset objects reloaded= 0
AssetImportParameters requested are different than current active one (requested -> active):
  custom:container-demuxer-ogg: 62fdf1f143b41e24485cea50d1cbac27 -> 
  custom:video-decoder-ogg-theora: a1e56fd34408186e4bbccfd4996cb3dc -> 
  custom:scripting/monoscript/fileName/DamageText.cs: aaefcd28d501d1d3134b3d2b8b0e09a3 -> 
  custom:CustomObjectIndexerAttribute: 3ead1caaecf1c488f20bcfeb224b6af5 -> 
  custom:container-demuxer-webm: 4f35f7cbe854078d1ac9338744f61a02 -> 
  custom:container-muxer-webm: aa71ff27fc2769a1b78a27578f13a17b -> 
  custom:video-decoder-webm-vp8: 9c59270c3fd7afecdb556c50c9e8de78 -> 
  custom:SearchIndexIgnoredProperties: e643bd26f0fe6173181afceb89e7c659 -> 
  custom:AudioImporter_EditorPlatform: 3918e3fc78b5a79bad01e8451be0beb8 -> 
  custom:framework-osx-AVFoundation: e770b220cccbd017edd2c1fefb359320 -> 
  custom:video-encoder-webm-vp8: eb34c28f22e8b96e1ab97ce403110664 -> 
  custom:audio-decoder-ogg-vorbis: bf7c407c2cedff20999df2af8eb42d56 -> 
  custom:audio-encoder-webm-vorbis: bf7c407c2cedff20999df2af8eb42d56 -> 
  custom:scripting/precompiled-assembly-types:Assembly-CSharp: eacb0aa3260bee51a27910321ba8510c -> 6f568ef1cfb45685900e534eb7cdc9ec
========================================================================
Received Import Request.
  Time since last request: 777.254868 seconds.
  path: Assets/QuaysideGames/TileDungeon/Art
  artifactKey: Guid(d8edf5098c93405469816e67c177b004) Importer(815301076,1909f56bfc062723c751e8b465ee728b)
Start importing Assets/QuaysideGames/TileDungeon/Art using Guid(d8edf5098c93405469816e67c177b004) Importer(815301076,1909f56bfc062723c751e8b465ee728b) [PhysX] Initialized MultithreadedTaskDispatcher with 8 workers.
 -> (artifact id: '592f4085e1f9827ef5100c7009bf4061') in 0.113744 seconds
Number of updated asset objects reloaded before import = 0
Number of asset objects unloaded after import = 0
========================================================================
Received Import Request.
  Time since last request: 0.343608 seconds.
  path: Assets/QuaysideGames/TileDungeon/Art/Materials
  artifactKey: Guid(d0234ba368eeec9418390da711bfdad0) Importer(815301076,1909f56bfc062723c751e8b465ee728b)
Start importing Assets/QuaysideGames/TileDungeon/Art/Materials using Guid(d0234ba368eeec9418390da711bfdad0) Importer(815301076,1909f56bfc062723c751e8b465ee728b) [PhysX] Initialized MultithreadedTaskDispatcher with 8 workers.
 -> (artifact id: 'd296b4a7013025ecd272d3135908280b') in 0.001650 seconds
Number of updated asset objects reloaded before import = 0
Number of asset objects unloaded after import = 0
========================================================================
Received Import Request.
  Time since last request: 0.072868 seconds.
  path: Assets/QuaysideGames/TileDungeon/Art/Materials/Demo_Wall.mat
  artifactKey: Guid(00b07b50427b8d34089d363cb3642bf2) Importer(815301076,1909f56bfc062723c751e8b465ee728b)
Start importing Assets/QuaysideGames/TileDungeon/Art/Materials/Demo_Wall.mat using Guid(00b07b50427b8d34089d363cb3642bf2) Importer(815301076,1909f56bfc062723c751e8b465ee728b) [PhysX] Initialized MultithreadedTaskDispatcher with 8 workers.
[PhysX] Initialized MultithreadedTaskDispatcher with 8 workers.
 -> (artifact id: '3da897dfdc0b84c67e3d0d7d1ff8f242') in 0.582254 seconds
Number of updated asset objects reloaded before import = 0
Number of asset objects unloaded after import = 23
========================================================================
Received Import Request.
  Time since last request: 8.251030 seconds.
  path: Assets/PurePoly/Free Fantasy RPG Weapons
  artifactKey: Guid(ce5b2d80c2bac0948aa979a6f4d3b117) Importer(815301076,1909f56bfc062723c751e8b465ee728b)
Start importing Assets/PurePoly/Free Fantasy RPG Weapons using Guid(ce5b2d80c2bac0948aa979a6f4d3b117) Importer(815301076,1909f56bfc062723c751e8b465ee728b) [PhysX] Initialized MultithreadedTaskDispatcher with 8 workers.
 -> (artifact id: 'ad9424508210bbeadc98f1a9edae644f') in 0.002762 seconds
Number of updated asset objects reloaded before import = 0
Number of asset objects unloaded after import = 0
========================================================================
Received Import Request.
  Time since last request: 3.325621 seconds.
  path: Assets/PurePoly/Free Fantasy RPG Weapons/Prefabs
  artifactKey: Guid(c089f032cfa3094448fa783f2ca1abd0) Importer(815301076,1909f56bfc062723c751e8b465ee728b)
Start importing Assets/PurePoly/Free Fantasy RPG Weapons/Prefabs using Guid(c089f032cfa3094448fa783f2ca1abd0) Importer(815301076,1909f56bfc062723c751e8b465ee728b) [PhysX] Initialized MultithreadedTaskDispatcher with 8 workers.
 -> (artifact id: '2955cbb9de8b53520ae6ea2ddc33720d') in 0.000777 seconds
Number of updated asset objects reloaded before import = 0
Number of asset objects unloaded after import = 0
========================================================================
Received Import Request.
  Time since last request: 0.050675 seconds.
  path: Assets/PurePoly/Free Fantasy RPG Weapons/Prefabs/PP_Theme_01_Arrow_001.prefab
  artifactKey: Guid(96711372ac71aa94d8ef04b40e9445f9) Importer(815301076,1909f56bfc062723c751e8b465ee728b)
Start importing Assets/PurePoly/Free Fantasy RPG Weapons/Prefabs/PP_Theme_01_Arrow_001.prefab using Guid(96711372ac71aa94d8ef04b40e9445f9) Importer(815301076,1909f56bfc062723c751e8b465ee728b) [PhysX] Initialized MultithreadedTaskDispatcher with 8 workers.
[PhysX] Initialized MultithreadedTaskDispatcher with 8 workers.
 -> (artifact id: '79d8830bc985f6bfd8675fbaa4296fec') in 0.084991 seconds
Number of updated asset objects reloaded before import = 0
Number of asset objects unloaded after import = 11
========================================================================
Received Import Request.
  Time since last request: 0.000177 seconds.
  path: Assets/PurePoly/Free Fantasy RPG Weapons/Prefabs/PP_Theme_02_Fist_Weapon_001.prefab
  artifactKey: Guid(c4ce080535d87ee41a1553c060fa3144) Importer(815301076,1909f56bfc062723c751e8b465ee728b)
Start importing Assets/PurePoly/Free Fantasy RPG Weapons/Prefabs/PP_Theme_02_Fist_Weapon_001.prefab using Guid(c4ce080535d87ee41a1553c060fa3144) Importer(815301076,1909f56bfc062723c751e8b465ee728b) [PhysX] Initialized MultithreadedTaskDispatcher with 8 workers.
[PhysX] Initialized MultithreadedTaskDispatcher with 8 workers.
 -> (artifact id: 'f032f3d4690c2de4b6ac1124fbd97bd3') in 0.021835 seconds
Number of updated asset objects reloaded before import = 0
Number of asset objects unloaded after import = 11
========================================================================
Received Import Request.
  Time since last request: 0.000427 seconds.
  path: Assets/PurePoly/Free Fantasy RPG Weapons/Prefabs/PP_Theme_09_Spear_005.prefab
  artifactKey: Guid(5b461363c3ad570408bfe9eb2a74ee40) Importer(815301076,1909f56bfc062723c751e8b465ee728b)
Start importing Assets/PurePoly/Free Fantasy RPG Weapons/Prefabs/PP_Theme_09_Spear_005.prefab using Guid(5b461363c3ad570408bfe9eb2a74ee40) Importer(815301076,1909f56bfc062723c751e8b465ee728b) [PhysX] Initialized MultithreadedTaskDispatcher with 8 workers.
[PhysX] Initialized MultithreadedTaskDispatcher with 8 workers.
 -> (artifact id: '783aa3c6bf5bc88aa36364caf9cd8977') in 0.010215 seconds
Number of updated asset objects reloaded before import = 0
Number of asset objects unloaded after import = 11
========================================================================
Received Import Request.
  Time since last request: 0.000051 seconds.
  path: Assets/PurePoly/Free Fantasy RPG Weapons/Prefabs/PP_Theme_06_Sword_Two-Handed_001.prefab
  artifactKey: Guid(fa7576413fbf339459d948aa3d3ebbe5) Importer(815301076,1909f56bfc062723c751e8b465ee728b)
Start importing Assets/PurePoly/Free Fantasy RPG Weapons/Prefabs/PP_Theme_06_Sword_Two-Handed_001.prefab using Guid(fa7576413fbf339459d948aa3d3ebbe5) Importer(815301076,1909f56bfc062723c751e8b465ee728b) [PhysX] Initialized MultithreadedTaskDispatcher with 8 workers.
[PhysX] Initialized MultithreadedTaskDispatcher with 8 workers.
 -> (artifact id: 'a98cbde70cd1b8cb0ccd88f34b6f34df') in 0.007918 seconds
Number of updated asset objects reloaded before import = 0
Number of asset objects unloaded after import = 11
========================================================================
Received Import Request.
  Time since last request: 0.000045 seconds.
  path: Assets/PurePoly/Free Fantasy RPG Weapons/Prefabs/PP_Theme_05_Chakram_001.prefab
  artifactKey: Guid(9214597ca565f5840be2b48f71eb9966) Importer(815301076,1909f56bfc062723c751e8b465ee728b)
Start importing Assets/PurePoly/Free Fantasy RPG Weapons/Prefabs/PP_Theme_05_Chakram_001.prefab using Guid(9214597ca565f5840be2b48f71eb9966) Importer(815301076,1909f56bfc062723c751e8b465ee728b) [PhysX] Initialized MultithreadedTaskDispatcher with 8 workers.
[PhysX] Initialized MultithreadedTaskDispatcher with 8 workers.
 -> (artifact id: 'da740e037d3d4ba01ee6e82747a58360') in 0.008269 seconds
Number of updated asset objects reloaded before import = 0
Number of asset objects unloaded after import = 11
========================================================================
Received Import Request.
  Time since last request: 0.000124 seconds.
  path: Assets/PurePoly/Free Fantasy RPG Weapons/Prefabs/PP_Theme_07_Spear_002.prefab
  artifactKey: Guid(87a7691b577e73842977fe43683577b1) Importer(815301076,1909f56bfc062723c751e8b465ee728b)
Start importing Assets/PurePoly/Free Fantasy RPG Weapons/Prefabs/PP_Theme_07_Spear_002.prefab using Guid(87a7691b577e73842977fe43683577b1) Importer(815301076,1909f56bfc062723c751e8b465ee728b) [PhysX] Initialized MultithreadedTaskDispatcher with 8 workers.
[PhysX] Initialized MultithreadedTaskDispatcher with 8 workers.
 -> (artifact id: '4f373a9dc3185d2b233c082fd69ecbab') in 0.013821 seconds
Number of updated asset objects reloaded before import = 0
Number of asset objects unloaded after import = 11
========================================================================
Received Import Request.
  Time since last request: 0.000118 seconds.
  path: Assets/PurePoly/Free Fantasy RPG Weapons/Prefabs/PP_Theme_11_Sword_One-Handed_003.prefab
  artifactKey: Guid(b99eeca4b92b0b2408bdea5f80af2b65) Importer(815301076,1909f56bfc062723c751e8b465ee728b)
Start importing Assets/PurePoly/Free Fantasy RPG Weapons/Prefabs/PP_Theme_11_Sword_One-Handed_003.prefab using Guid(b99eeca4b92b0b2408bdea5f80af2b65) Importer(815301076,1909f56bfc062723c751e8b465ee728b) [PhysX] Initialized MultithreadedTaskDispatcher with 8 workers.
[PhysX] Initialized MultithreadedTaskDispatcher with 8 workers.
 -> (artifact id: '7714c47caf832968cf4b08db63bdb5e4') in 0.014196 seconds
Number of updated asset objects reloaded before import = 0
Number of asset objects unloaded after import = 11
========================================================================
Received Import Request.
  Time since last request: 0.000034 seconds.
  path: Assets/PurePoly/Free Fantasy RPG Weapons/Prefabs/PP_Theme_01_Shield_005.prefab
  artifactKey: Guid(4603d2cd3ffcb6e46add7daf3a524b6c) Importer(815301076,1909f56bfc062723c751e8b465ee728b)
Start importing Assets/PurePoly/Free Fantasy RPG Weapons/Prefabs/PP_Theme_01_Shield_005.prefab using Guid(4603d2cd3ffcb6e46add7daf3a524b6c) Importer(815301076,1909f56bfc062723c751e8b465ee728b) [PhysX] Initialized MultithreadedTaskDispatcher with 8 workers.
[PhysX] Initialized MultithreadedTaskDispatcher with 8 workers.
 -> (artifact id: '7843d907bde0ec348528c854e998a5ad') in 0.007794 seconds
Number of updated asset objects reloaded before import = 0
Number of asset objects unloaded after import = 11
========================================================================
Received Import Request.
  Time since last request: 0.000035 seconds.
  path: Assets/PurePoly/Free Fantasy RPG Weapons/Prefabs/PP_Theme_10_Dagger_002.prefab
  artifactKey: Guid(87b744073f89d274ea9986018a77d4e4) Importer(815301076,1909f56bfc062723c751e8b465ee728b)
Start importing Assets/PurePoly/Free Fantasy RPG Weapons/Prefabs/PP_Theme_10_Dagger_002.prefab using Guid(87b744073f89d274ea9986018a77d4e4) Importer(815301076,1909f56bfc062723c751e8b465ee728b) [PhysX] Initialized MultithreadedTaskDispatcher with 8 workers.
[PhysX] Initialized MultithreadedTaskDispatcher with 8 workers.
 -> (artifact id: 'edd200a34d573372d281079f0dde76b5') in 0.007837 seconds
Number of updated asset objects reloaded before import = 0
Number of asset objects unloaded after import = 11
========================================================================
Received Import Request.
  Time since last request: 0.000044 seconds.
  path: Assets/PurePoly/Free Fantasy RPG Weapons/Prefabs/PP_Theme_11_Axe_One_Handed_002.prefab
  artifactKey: Guid(2fb5024f5f565704c99523d552086f65) Importer(815301076,1909f56bfc062723c751e8b465ee728b)
Start importing Assets/PurePoly/Free Fantasy RPG Weapons/Prefabs/PP_Theme_11_Axe_One_Handed_002.prefab using Guid(2fb5024f5f565704c99523d552086f65) Importer(815301076,1909f56bfc062723c751e8b465ee728b) [PhysX] Initialized MultithreadedTaskDispatcher with 8 workers.
[PhysX] Initialized MultithreadedTaskDispatcher with 8 workers.
 -> (artifact id: '101269bda6b3edefaffd289104add7d7') in 0.008588 seconds
Number of updated asset objects reloaded before import = 0
Number of asset objects unloaded after import = 11
========================================================================
Received Import Request.
  Time since last request: 0.000270 seconds.
  path: Assets/PurePoly/Free Fantasy RPG Weapons/Prefabs/PP_Theme_04_Spellbook_003.prefab
  artifactKey: Guid(0c90db8fea3862442b559c97aca37ba7) Importer(815301076,1909f56bfc062723c751e8b465ee728b)
Start importing Assets/PurePoly/Free Fantasy RPG Weapons/Prefabs/PP_Theme_04_Spellbook_003.prefab using Guid(0c90db8fea3862442b559c97aca37ba7) Importer(815301076,1909f56bfc062723c751e8b465ee728b) [PhysX] Initialized MultithreadedTaskDispatcher with 8 workers.
[PhysX] Initialized MultithreadedTaskDispatcher with 8 workers.
 -> (artifact id: '2d122838f0d8ff1149139b7f5bbf9cb7') in 0.009148 seconds
Number of updated asset objects reloaded before import = 0
Number of asset objects unloaded after import = 11
========================================================================
Received Import Request.
  Time since last request: 0.000106 seconds.
  path: Assets/PurePoly/Free Fantasy RPG Weapons/Prefabs/PP_Theme_04_Scythe_001.prefab
  artifactKey: Guid(bc956f77213138048b30d54ab626e70a) Importer(815301076,1909f56bfc062723c751e8b465ee728b)
Start importing Assets/PurePoly/Free Fantasy RPG Weapons/Prefabs/PP_Theme_04_Scythe_001.prefab using Guid(bc956f77213138048b30d54ab626e70a) Importer(815301076,1909f56bfc062723c751e8b465ee728b) [PhysX] Initialized MultithreadedTaskDispatcher with 8 workers.
[PhysX] Initialized MultithreadedTaskDispatcher with 8 workers.
 -> (artifact id: '5fe1b8adc15eed1901f4961aea81c2e3') in 0.008195 seconds
Number of updated asset objects reloaded before import = 0
Number of asset objects unloaded after import = 11
========================================================================
Received Import Request.
  Time since last request: 0.000100 seconds.
  path: Assets/PurePoly/Free Fantasy RPG Weapons/Prefabs/PP_Theme_06_Potion_002.prefab
  artifactKey: Guid(589b0e358669b3d48a16ab26d6f3e8a8) Importer(815301076,1909f56bfc062723c751e8b465ee728b)
Start importing Assets/PurePoly/Free Fantasy RPG Weapons/Prefabs/PP_Theme_06_Potion_002.prefab using Guid(589b0e358669b3d48a16ab26d6f3e8a8) Importer(815301076,1909f56bfc062723c751e8b465ee728b) [PhysX] Initialized MultithreadedTaskDispatcher with 8 workers.
[PhysX] Initialized MultithreadedTaskDispatcher with 8 workers.
 -> (artifact id: '73ebc1cb127d912ca8922042859471e7') in 0.505192 seconds
Number of updated asset objects reloaded before import = 0
Number of asset objects unloaded after import = 18
========================================================================
Received Import Request.
  Time since last request: 415.021417 seconds.
  path: ProjectSettings/TagManager.asset
  artifactKey: Guid(00000000000000003000000000000000) Importer(815301076,1909f56bfc062723c751e8b465ee728b)
Start importing ProjectSettings/TagManager.asset using Guid(00000000000000003000000000000000) Importer(815301076,1909f56bfc062723c751e8b465ee728b) [PhysX] Initialized MultithreadedTaskDispatcher with 8 workers.
 -> (artifact id: '1d604704d75ea4bb5a49b1c970abab61') in 0.018722 seconds
Number of updated asset objects reloaded before import = 0
Number of asset objects unloaded after import = 0
========================================================================
Received Prepare
Caller must complete domain reload
Begin MonoManager ReloadAssembly
Thread 0x16cf47000 may have been prematurely finalized
- Loaded All Assemblies, in  1.008 seconds
Native extension for Android target not found
Native extension for OSXStandalone target not found
Mono: successfully reloaded assembly
- Finished resetting the current domain, in  1.309 seconds
Domain Reload Profiling: 2319ms
	BeginReloadAssembly (364ms)
		ExecutionOrderSort (0ms)
		DisableScriptedObjects (45ms)
		BackupInstance (0ms)
		ReleaseScriptingObjects (1ms)
		CreateAndSetChildDomain (140ms)
	RebuildCommonClasses (39ms)
	RebuildNativeTypeToScriptingClass (10ms)
	initialDomainReloadingComplete (26ms)
	LoadAllAssembliesAndSetupDomain (571ms)
		LoadAssemblies (590ms)
		RebuildTransferFunctionScriptingTraits (0ms)
		AnalyzeDomain (87ms)
			TypeCache.Refresh (32ms)
				TypeCache.ScanAssembly (2ms)
			ScanForSourceGeneratedMonoScriptInfo (41ms)
			ResolveRequiredComponents (14ms)
	FinalizeReload (1309ms)
		ReleaseScriptCaches (0ms)
		RebuildScriptCaches (0ms)
		SetupLoadedEditorAssemblies (355ms)
			LogAssemblyErrors (0ms)
			InitializePlatformSupportModulesInManaged (15ms)
			SetLoadedEditorAssemblies (3ms)
			RefreshPlugins (0ms)
			BeforeProcessingInitializeOnLoad (54ms)
			ProcessInitializeOnLoadAttributes (243ms)
			ProcessInitializeOnLoadMethodAttributes (38ms)
			AfterProcessingInitializeOnLoad (1ms)
			EditorAssembliesLoaded (0ms)
		ExecutionOrderSort2 (0ms)
		AwakeInstancesAfterBackupRestoration (11ms)
Refreshing native plugins compatible for Editor in 1.08 ms, found 2 plugins.
Preloading 0 native plugins for Editor in 0.00 ms.
Unloading 5407 Unused Serialized files (Serialized files now loaded: 0)
Unloading 45 unused Assets / (2.7 MB). Loaded Objects now: 6297.
Memory consumption went from 329.3 MB to 326.6 MB.
Total: 4.018750 ms (FindLiveObjects: 0.311750 ms CreateObjectMapping: 0.076583 ms MarkObjects: 2.986625 ms  DeleteObjects: 0.642750 ms)

Prepare: number of updated asset objects reloaded= 0
AssetImportParameters requested are different than current active one (requested -> active):
  custom:container-demuxer-ogg: 62fdf1f143b41e24485cea50d1cbac27 -> 
  custom:video-decoder-ogg-theora: a1e56fd34408186e4bbccfd4996cb3dc -> 
  custom:scripting/monoscript/fileName/DamageText.cs: aaefcd28d501d1d3134b3d2b8b0e09a3 -> 
  custom:CustomObjectIndexerAttribute: 3ead1caaecf1c488f20bcfeb224b6af5 -> 
  custom:container-demuxer-webm: 4f35f7cbe854078d1ac9338744f61a02 -> 
  custom:container-muxer-webm: aa71ff27fc2769a1b78a27578f13a17b -> 
  custom:video-decoder-webm-vp8: 9c59270c3fd7afecdb556c50c9e8de78 -> 
  custom:SearchIndexIgnoredProperties: e643bd26f0fe6173181afceb89e7c659 -> 
  custom:AudioImporter_EditorPlatform: 3918e3fc78b5a79bad01e8451be0beb8 -> 
  custom:scripting/monoscript/fileName/ArmeFlottante.cs: f6e6b68c285c689b35f5bb933184e350 -> 
  custom:framework-osx-AVFoundation: e770b220cccbd017edd2c1fefb359320 -> 
  custom:video-encoder-webm-vp8: eb34c28f22e8b96e1ab97ce403110664 -> 
  custom:audio-decoder-ogg-vorbis: bf7c407c2cedff20999df2af8eb42d56 -> 
  custom:audio-encoder-webm-vorbis: bf7c407c2cedff20999df2af8eb42d56 -> 
  custom:scripting/precompiled-assembly-types:Assembly-CSharp: be87ac9b27ab5aed066af349964935eb -> 6f568ef1cfb45685900e534eb7cdc9ec
========================================================================
Received Prepare
Caller must complete domain reload
Begin MonoManager ReloadAssembly
Thread 0x16cf47000 may have been prematurely finalized
- Loaded All Assemblies, in  0.483 seconds
Native extension for Android target not found
Native extension for OSXStandalone target not found
Mono: successfully reloaded assembly
- Finished resetting the current domain, in  1.313 seconds
Domain Reload Profiling: 1797ms
	BeginReloadAssembly (133ms)
		ExecutionOrderSort (0ms)
		DisableScriptedObjects (3ms)
		BackupInstance (0ms)
		ReleaseScriptingObjects (0ms)
		CreateAndSetChildDomain (58ms)
	RebuildCommonClasses (28ms)
	RebuildNativeTypeToScriptingClass (15ms)
	initialDomainReloadingComplete (18ms)
	LoadAllAssembliesAndSetupDomain (289ms)
		LoadAssemblies (266ms)
		RebuildTransferFunctionScriptingTraits (0ms)
		AnalyzeDomain (61ms)
			TypeCache.Refresh (27ms)
				TypeCache.ScanAssembly (1ms)
			ScanForSourceGeneratedMonoScriptInfo (24ms)
			ResolveRequiredComponents (9ms)
	FinalizeReload (1313ms)
		ReleaseScriptCaches (0ms)
		RebuildScriptCaches (0ms)
		SetupLoadedEditorAssemblies (367ms)
			LogAssemblyErrors (0ms)
			InitializePlatformSupportModulesInManaged (10ms)
			SetLoadedEditorAssemblies (3ms)
			RefreshPlugins (0ms)
			BeforeProcessingInitializeOnLoad (55ms)
			ProcessInitializeOnLoadAttributes (261ms)
			ProcessInitializeOnLoadMethodAttributes (36ms)
			AfterProcessingInitializeOnLoad (1ms)
			EditorAssembliesLoaded (0ms)
		ExecutionOrderSort2 (0ms)
		AwakeInstancesAfterBackupRestoration (10ms)
Refreshing native plugins compatible for Editor in 0.80 ms, found 2 plugins.
Preloading 0 native plugins for Editor in 0.00 ms.
Unloading 5407 Unused Serialized files (Serialized files now loaded: 0)
Unloading 45 unused Assets / (2.7 MB). Loaded Objects now: 6302.
Memory consumption went from 333.1 MB to 330.5 MB.
Total: 4.407500 ms (FindLiveObjects: 0.439042 ms CreateObjectMapping: 0.078750 ms MarkObjects: 3.225125 ms  DeleteObjects: 0.664000 ms)

Prepare: number of updated asset objects reloaded= 0
AssetImportParameters requested are different than current active one (requested -> active):
  custom:container-demuxer-ogg: 62fdf1f143b41e24485cea50d1cbac27 -> 
  custom:video-decoder-ogg-theora: a1e56fd34408186e4bbccfd4996cb3dc -> 
  custom:scripting/monoscript/fileName/DamageText.cs: aaefcd28d501d1d3134b3d2b8b0e09a3 -> 
  custom:CustomObjectIndexerAttribute: 3ead1caaecf1c488f20bcfeb224b6af5 -> 
  custom:container-demuxer-webm: 4f35f7cbe854078d1ac9338744f61a02 -> 
  custom:container-muxer-webm: aa71ff27fc2769a1b78a27578f13a17b -> 
  custom:video-decoder-webm-vp8: 9c59270c3fd7afecdb556c50c9e8de78 -> 
  custom:SearchIndexIgnoredProperties: e643bd26f0fe6173181afceb89e7c659 -> 
  custom:AudioImporter_EditorPlatform: 3918e3fc78b5a79bad01e8451be0beb8 -> 
  custom:scripting/monoscript/fileName/ArmeFlottante.cs: f6e6b68c285c689b35f5bb933184e350 -> 
  custom:framework-osx-AVFoundation: e770b220cccbd017edd2c1fefb359320 -> 
  custom:video-encoder-webm-vp8: eb34c28f22e8b96e1ab97ce403110664 -> 
  custom:audio-decoder-ogg-vorbis: bf7c407c2cedff20999df2af8eb42d56 -> 
  custom:audio-encoder-webm-vorbis: bf7c407c2cedff20999df2af8eb42d56 -> 
  custom:scripting/precompiled-assembly-types:Assembly-CSharp: be87ac9b27ab5aed066af349964935eb -> 6f568ef1cfb45685900e534eb7cdc9ec
========================================================================
Received Prepare
Caller must complete domain reload
Begin MonoManager ReloadAssembly
Thread 0x16cf47000 may have been prematurely finalized
- Loaded All Assemblies, in  0.367 seconds
Native extension for Android target not found
Native extension for OSXStandalone target not found
Mono: successfully reloaded assembly
- Finished resetting the current domain, in  1.340 seconds
Domain Reload Profiling: 1708ms
	BeginReloadAssembly (124ms)
		ExecutionOrderSort (0ms)
		DisableScriptedObjects (3ms)
		BackupInstance (0ms)
		ReleaseScriptingObjects (0ms)
		CreateAndSetChildDomain (49ms)
	RebuildCommonClasses (29ms)
	RebuildNativeTypeToScriptingClass (9ms)
	initialDomainReloadingComplete (21ms)
	LoadAllAssembliesAndSetupDomain (185ms)
		LoadAssemblies (203ms)
		RebuildTransferFunctionScriptingTraits (0ms)
		AnalyzeDomain (21ms)
			TypeCache.Refresh (11ms)
				TypeCache.ScanAssembly (0ms)
			ScanForSourceGeneratedMonoScriptInfo (0ms)
			ResolveRequiredComponents (9ms)
	FinalizeReload (1340ms)
		ReleaseScriptCaches (0ms)
		RebuildScriptCaches (0ms)
		SetupLoadedEditorAssemblies (395ms)
			LogAssemblyErrors (0ms)
			InitializePlatformSupportModulesInManaged (11ms)
			SetLoadedEditorAssemblies (5ms)
			RefreshPlugins (0ms)
			BeforeProcessingInitializeOnLoad (61ms)
			ProcessInitializeOnLoadAttributes (275ms)
			ProcessInitializeOnLoadMethodAttributes (42ms)
			AfterProcessingInitializeOnLoad (1ms)
			EditorAssembliesLoaded (0ms)
		ExecutionOrderSort2 (0ms)
		AwakeInstancesAfterBackupRestoration (11ms)
Refreshing native plugins compatible for Editor in 0.91 ms, found 2 plugins.
Preloading 0 native plugins for Editor in 0.00 ms.
Unloading 5407 Unused Serialized files (Serialized files now loaded: 0)
Unloading 45 unused Assets / (2.7 MB). Loaded Objects now: 6307.
Memory consumption went from 337.0 MB to 334.3 MB.
Total: 4.392042 ms (FindLiveObjects: 0.335459 ms CreateObjectMapping: 0.088500 ms MarkObjects: 3.114958 ms  DeleteObjects: 0.852542 ms)

Prepare: number of updated asset objects reloaded= 0
AssetImportParameters requested are different than current active one (requested -> active):
  custom:container-demuxer-ogg: 62fdf1f143b41e24485cea50d1cbac27 -> 
  custom:video-decoder-ogg-theora: a1e56fd34408186e4bbccfd4996cb3dc -> 
  custom:scripting/monoscript/fileName/DamageText.cs: aaefcd28d501d1d3134b3d2b8b0e09a3 -> 
  custom:CustomObjectIndexerAttribute: 3ead1caaecf1c488f20bcfeb224b6af5 -> 
  custom:container-demuxer-webm: 4f35f7cbe854078d1ac9338744f61a02 -> 
  custom:container-muxer-webm: aa71ff27fc2769a1b78a27578f13a17b -> 
  custom:video-decoder-webm-vp8: 9c59270c3fd7afecdb556c50c9e8de78 -> 
  custom:SearchIndexIgnoredProperties: e643bd26f0fe6173181afceb89e7c659 -> 
  custom:AudioImporter_EditorPlatform: 3918e3fc78b5a79bad01e8451be0beb8 -> 
  custom:scripting/monoscript/fileName/ArmeFlottante.cs: f6e6b68c285c689b35f5bb933184e350 -> 
  custom:framework-osx-AVFoundation: e770b220cccbd017edd2c1fefb359320 -> 
  custom:video-encoder-webm-vp8: eb34c28f22e8b96e1ab97ce403110664 -> 
  custom:audio-decoder-ogg-vorbis: bf7c407c2cedff20999df2af8eb42d56 -> 
  custom:audio-encoder-webm-vorbis: bf7c407c2cedff20999df2af8eb42d56 -> 
  custom:scripting/precompiled-assembly-types:Assembly-CSharp: be87ac9b27ab5aed066af349964935eb -> 6f568ef1cfb45685900e534eb7cdc9ec
========================================================================
Received Prepare
Caller must complete domain reload
Begin MonoManager ReloadAssembly
Thread 0x16cf47000 may have been prematurely finalized
- Loaded All Assemblies, in  0.372 seconds
Native extension for Android target not found
Native extension for OSXStandalone target not found
Mono: successfully reloaded assembly
- Finished resetting the current domain, in  1.330 seconds
Domain Reload Profiling: 1703ms
	BeginReloadAssembly (130ms)
		ExecutionOrderSort (0ms)
		DisableScriptedObjects (3ms)
		BackupInstance (0ms)
		ReleaseScriptingObjects (0ms)
		CreateAndSetChildDomain (57ms)
	RebuildCommonClasses (29ms)
	RebuildNativeTypeToScriptingClass (10ms)
	initialDomainReloadingComplete (28ms)
	LoadAllAssembliesAndSetupDomain (176ms)
		LoadAssemblies (193ms)
		RebuildTransferFunctionScriptingTraits (0ms)
		AnalyzeDomain (25ms)
			TypeCache.Refresh (10ms)
				TypeCache.ScanAssembly (0ms)
			ScanForSourceGeneratedMonoScriptInfo (0ms)
			ResolveRequiredComponents (14ms)
	FinalizeReload (1330ms)
		ReleaseScriptCaches (0ms)
		RebuildScriptCaches (0ms)
		SetupLoadedEditorAssemblies (410ms)
			LogAssemblyErrors (0ms)
			InitializePlatformSupportModulesInManaged (10ms)
			SetLoadedEditorAssemblies (5ms)
			RefreshPlugins (0ms)
			BeforeProcessingInitializeOnLoad (59ms)
			ProcessInitializeOnLoadAttributes (293ms)
			ProcessInitializeOnLoadMethodAttributes (42ms)
			AfterProcessingInitializeOnLoad (1ms)
			EditorAssembliesLoaded (0ms)
		ExecutionOrderSort2 (0ms)
		AwakeInstancesAfterBackupRestoration (12ms)
Refreshing native plugins compatible for Editor in 1.00 ms, found 2 plugins.
Preloading 0 native plugins for Editor in 0.00 ms.
Unloading 5407 Unused Serialized files (Serialized files now loaded: 0)
Unloading 45 unused Assets / (2.7 MB). Loaded Objects now: 6312.
Memory consumption went from 340.9 MB to 338.2 MB.
Total: 4.584917 ms (FindLiveObjects: 0.540875 ms CreateObjectMapping: 0.107375 ms MarkObjects: 3.272833 ms  DeleteObjects: 0.663000 ms)

Prepare: number of updated asset objects reloaded= 0
AssetImportParameters requested are different than current active one (requested -> active):
  custom:container-demuxer-ogg: 62fdf1f143b41e24485cea50d1cbac27 -> 
  custom:video-decoder-ogg-theora: a1e56fd34408186e4bbccfd4996cb3dc -> 
  custom:scripting/monoscript/fileName/DamageText.cs: aaefcd28d501d1d3134b3d2b8b0e09a3 -> 
  custom:CustomObjectIndexerAttribute: 3ead1caaecf1c488f20bcfeb224b6af5 -> 
  custom:container-demuxer-webm: 4f35f7cbe854078d1ac9338744f61a02 -> 
  custom:container-muxer-webm: aa71ff27fc2769a1b78a27578f13a17b -> 
  custom:video-decoder-webm-vp8: 9c59270c3fd7afecdb556c50c9e8de78 -> 
  custom:SearchIndexIgnoredProperties: e643bd26f0fe6173181afceb89e7c659 -> 
  custom:AudioImporter_EditorPlatform: 3918e3fc78b5a79bad01e8451be0beb8 -> 
  custom:scripting/monoscript/fileName/ArmeFlottante.cs: f6e6b68c285c689b35f5bb933184e350 -> 
  custom:framework-osx-AVFoundation: e770b220cccbd017edd2c1fefb359320 -> 
  custom:video-encoder-webm-vp8: eb34c28f22e8b96e1ab97ce403110664 -> 
  custom:audio-decoder-ogg-vorbis: bf7c407c2cedff20999df2af8eb42d56 -> 
  custom:audio-encoder-webm-vorbis: bf7c407c2cedff20999df2af8eb42d56 -> 
  custom:scripting/precompiled-assembly-types:Assembly-CSharp: be87ac9b27ab5aed066af349964935eb -> 6f568ef1cfb45685900e534eb7cdc9ec
========================================================================
Received Prepare
Caller must complete domain reload
Begin MonoManager ReloadAssembly
Thread 0x16cf47000 may have been prematurely finalized
- Loaded All Assemblies, in  0.381 seconds
Native extension for Android target not found
Native extension for OSXStandalone target not found
Mono: successfully reloaded assembly
- Finished resetting the current domain, in  1.424 seconds
Domain Reload Profiling: 1806ms
	BeginReloadAssembly (142ms)
		ExecutionOrderSort (0ms)
		DisableScriptedObjects (3ms)
		BackupInstance (0ms)
		ReleaseScriptingObjects (0ms)
		CreateAndSetChildDomain (54ms)
	RebuildCommonClasses (30ms)
	RebuildNativeTypeToScriptingClass (9ms)
	initialDomainReloadingComplete (18ms)
	LoadAllAssembliesAndSetupDomain (182ms)
		LoadAssemblies (213ms)
		RebuildTransferFunctionScriptingTraits (0ms)
		AnalyzeDomain (19ms)
			TypeCache.Refresh (9ms)
				TypeCache.ScanAssembly (0ms)
			ScanForSourceGeneratedMonoScriptInfo (0ms)
			ResolveRequiredComponents (9ms)
	FinalizeReload (1425ms)
		ReleaseScriptCaches (0ms)
		RebuildScriptCaches (0ms)
		SetupLoadedEditorAssemblies (432ms)
			LogAssemblyErrors (0ms)
			InitializePlatformSupportModulesInManaged (15ms)
			SetLoadedEditorAssemblies (11ms)
			RefreshPlugins (0ms)
			BeforeProcessingInitializeOnLoad (58ms)
			ProcessInitializeOnLoadAttributes (302ms)
			ProcessInitializeOnLoadMethodAttributes (45ms)
			AfterProcessingInitializeOnLoad (1ms)
			EditorAssembliesLoaded (0ms)
		ExecutionOrderSort2 (0ms)
		AwakeInstancesAfterBackupRestoration (12ms)
Refreshing native plugins compatible for Editor in 0.95 ms, found 2 plugins.
Preloading 0 native plugins for Editor in 0.00 ms.
Unloading 5407 Unused Serialized files (Serialized files now loaded: 0)
Unloading 45 unused Assets / (2.7 MB). Loaded Objects now: 6317.
Memory consumption went from 344.7 MB to 342.1 MB.
Total: 4.048042 ms (FindLiveObjects: 0.398208 ms CreateObjectMapping: 0.076875 ms MarkObjects: 2.804875 ms  DeleteObjects: 0.766917 ms)

Prepare: number of updated asset objects reloaded= 0
AssetImportParameters requested are different than current active one (requested -> active):
  custom:container-demuxer-ogg: 62fdf1f143b41e24485cea50d1cbac27 -> 
  custom:video-decoder-ogg-theora: a1e56fd34408186e4bbccfd4996cb3dc -> 
  custom:scripting/monoscript/fileName/DamageText.cs: aaefcd28d501d1d3134b3d2b8b0e09a3 -> 
  custom:CustomObjectIndexerAttribute: 3ead1caaecf1c488f20bcfeb224b6af5 -> 
  custom:container-demuxer-webm: 4f35f7cbe854078d1ac9338744f61a02 -> 
  custom:container-muxer-webm: aa71ff27fc2769a1b78a27578f13a17b -> 
  custom:video-decoder-webm-vp8: 9c59270c3fd7afecdb556c50c9e8de78 -> 
  custom:SearchIndexIgnoredProperties: e643bd26f0fe6173181afceb89e7c659 -> 
  custom:AudioImporter_EditorPlatform: 3918e3fc78b5a79bad01e8451be0beb8 -> 
  custom:scripting/monoscript/fileName/ArmeFlottante.cs: f6e6b68c285c689b35f5bb933184e350 -> 
  custom:framework-osx-AVFoundation: e770b220cccbd017edd2c1fefb359320 -> 
  custom:video-encoder-webm-vp8: eb34c28f22e8b96e1ab97ce403110664 -> 
  custom:audio-decoder-ogg-vorbis: bf7c407c2cedff20999df2af8eb42d56 -> 
  custom:audio-encoder-webm-vorbis: bf7c407c2cedff20999df2af8eb42d56 -> 
  custom:scripting/precompiled-assembly-types:Assembly-CSharp: be87ac9b27ab5aed066af349964935eb -> 6f568ef1cfb45685900e534eb7cdc9ec
========================================================================
Received Prepare
Caller must complete domain reload
Begin MonoManager ReloadAssembly
Thread 0x16cf47000 may have been prematurely finalized
- Loaded All Assemblies, in  0.321 seconds
Native extension for Android target not found
Native extension for OSXStandalone target not found
Mono: successfully reloaded assembly
- Finished resetting the current domain, in  1.274 seconds
Domain Reload Profiling: 1596ms
	BeginReloadAssembly (115ms)
		ExecutionOrderSort (0ms)
		DisableScriptedObjects (3ms)
		BackupInstance (0ms)
		ReleaseScriptingObjects (0ms)
		CreateAndSetChildDomain (46ms)
	RebuildCommonClasses (28ms)
	RebuildNativeTypeToScriptingClass (9ms)
	initialDomainReloadingComplete (17ms)
	LoadAllAssembliesAndSetupDomain (152ms)
		LoadAssemblies (174ms)
		RebuildTransferFunctionScriptingTraits (0ms)
		AnalyzeDomain (16ms)
			TypeCache.Refresh (6ms)
				TypeCache.ScanAssembly (0ms)
			ScanForSourceGeneratedMonoScriptInfo (0ms)
			ResolveRequiredComponents (9ms)
	FinalizeReload (1274ms)
		ReleaseScriptCaches (0ms)
		RebuildScriptCaches (0ms)
		SetupLoadedEditorAssemblies (432ms)
			LogAssemblyErrors (2ms)
			InitializePlatformSupportModulesInManaged (17ms)
			SetLoadedEditorAssemblies (5ms)
			RefreshPlugins (0ms)
			BeforeProcessingInitializeOnLoad (57ms)
			ProcessInitializeOnLoadAttributes (306ms)
			ProcessInitializeOnLoadMethodAttributes (44ms)
			AfterProcessingInitializeOnLoad (1ms)
			EditorAssembliesLoaded (0ms)
		ExecutionOrderSort2 (0ms)
		AwakeInstancesAfterBackupRestoration (11ms)
Refreshing native plugins compatible for Editor in 1.08 ms, found 2 plugins.
Preloading 0 native plugins for Editor in 0.00 ms.
Unloading 5407 Unused Serialized files (Serialized files now loaded: 0)
Unloading 45 unused Assets / (2.7 MB). Loaded Objects now: 6322.
Memory consumption went from 348.6 MB to 345.9 MB.
Total: 6.106209 ms (FindLiveObjects: 0.873250 ms CreateObjectMapping: 0.074333 ms MarkObjects: 4.259667 ms  DeleteObjects: 0.898375 ms)

Prepare: number of updated asset objects reloaded= 0
AssetImportParameters requested are different than current active one (requested -> active):
  custom:container-demuxer-ogg: 62fdf1f143b41e24485cea50d1cbac27 -> 
  custom:video-decoder-ogg-theora: a1e56fd34408186e4bbccfd4996cb3dc -> 
  custom:scripting/monoscript/fileName/DamageText.cs: aaefcd28d501d1d3134b3d2b8b0e09a3 -> 
  custom:CustomObjectIndexerAttribute: 3ead1caaecf1c488f20bcfeb224b6af5 -> 
  custom:container-demuxer-webm: 4f35f7cbe854078d1ac9338744f61a02 -> 
  custom:container-muxer-webm: aa71ff27fc2769a1b78a27578f13a17b -> 
  custom:video-decoder-webm-vp8: 9c59270c3fd7afecdb556c50c9e8de78 -> 
  custom:SearchIndexIgnoredProperties: e643bd26f0fe6173181afceb89e7c659 -> 
  custom:AudioImporter_EditorPlatform: 3918e3fc78b5a79bad01e8451be0beb8 -> 
  custom:scripting/monoscript/fileName/ArmeFlottante.cs: f6e6b68c285c689b35f5bb933184e350 -> 
  custom:framework-osx-AVFoundation: e770b220cccbd017edd2c1fefb359320 -> 
  custom:video-encoder-webm-vp8: eb34c28f22e8b96e1ab97ce403110664 -> 
  custom:audio-decoder-ogg-vorbis: bf7c407c2cedff20999df2af8eb42d56 -> 
  custom:audio-encoder-webm-vorbis: bf7c407c2cedff20999df2af8eb42d56 -> 
  custom:scripting/precompiled-assembly-types:Assembly-CSharp: be87ac9b27ab5aed066af349964935eb -> 6f568ef1cfb45685900e534eb7cdc9ec
========================================================================
Received Prepare
Caller must complete domain reload
Begin MonoManager ReloadAssembly
Thread 0x16cf47000 may have been prematurely finalized
- Loaded All Assemblies, in  0.323 seconds
Native extension for Android target not found
Native extension for OSXStandalone target not found
Mono: successfully reloaded assembly
- Finished resetting the current domain, in  1.207 seconds
Domain Reload Profiling: 1530ms
	BeginReloadAssembly (115ms)
		ExecutionOrderSort (0ms)
		DisableScriptedObjects (3ms)
		BackupInstance (0ms)
		ReleaseScriptingObjects (0ms)
		CreateAndSetChildDomain (48ms)
	RebuildCommonClasses (28ms)
	RebuildNativeTypeToScriptingClass (9ms)
	initialDomainReloadingComplete (20ms)
	LoadAllAssembliesAndSetupDomain (151ms)
		LoadAssemblies (169ms)
		RebuildTransferFunctionScriptingTraits (0ms)
		AnalyzeDomain (18ms)
			TypeCache.Refresh (8ms)
				TypeCache.ScanAssembly (0ms)
			ScanForSourceGeneratedMonoScriptInfo (0ms)
			ResolveRequiredComponents (9ms)
	FinalizeReload (1207ms)
		ReleaseScriptCaches (0ms)
		RebuildScriptCaches (0ms)
		SetupLoadedEditorAssemblies (391ms)
			LogAssemblyErrors (0ms)
			InitializePlatformSupportModulesInManaged (10ms)
			SetLoadedEditorAssemblies (5ms)
			RefreshPlugins (0ms)
			BeforeProcessingInitializeOnLoad (56ms)
			ProcessInitializeOnLoadAttributes (277ms)
			ProcessInitializeOnLoadMethodAttributes (43ms)
			AfterProcessingInitializeOnLoad (1ms)
			EditorAssembliesLoaded (0ms)
		ExecutionOrderSort2 (0ms)
		AwakeInstancesAfterBackupRestoration (12ms)
Refreshing native plugins compatible for Editor in 0.94 ms, found 2 plugins.
Preloading 0 native plugins for Editor in 0.00 ms.
Unloading 5407 Unused Serialized files (Serialized files now loaded: 0)
Unloading 45 unused Assets / (2.7 MB). Loaded Objects now: 6327.
Memory consumption went from 352.5 MB to 349.8 MB.
Total: 4.024000 ms (FindLiveObjects: 0.231542 ms CreateObjectMapping: 0.075167 ms MarkObjects: 3.040666 ms  DeleteObjects: 0.676125 ms)

Prepare: number of updated asset objects reloaded= 0
AssetImportParameters requested are different than current active one (requested -> active):
  custom:container-demuxer-ogg: 62fdf1f143b41e24485cea50d1cbac27 -> 
  custom:video-decoder-ogg-theora: a1e56fd34408186e4bbccfd4996cb3dc -> 
  custom:scripting/monoscript/fileName/DamageText.cs: aaefcd28d501d1d3134b3d2b8b0e09a3 -> 
  custom:CustomObjectIndexerAttribute: 3ead1caaecf1c488f20bcfeb224b6af5 -> 
  custom:container-demuxer-webm: 4f35f7cbe854078d1ac9338744f61a02 -> 
  custom:container-muxer-webm: aa71ff27fc2769a1b78a27578f13a17b -> 
  custom:video-decoder-webm-vp8: 9c59270c3fd7afecdb556c50c9e8de78 -> 
  custom:SearchIndexIgnoredProperties: e643bd26f0fe6173181afceb89e7c659 -> 
  custom:AudioImporter_EditorPlatform: 3918e3fc78b5a79bad01e8451be0beb8 -> 
  custom:scripting/monoscript/fileName/ArmeFlottante.cs: f6e6b68c285c689b35f5bb933184e350 -> 
  custom:framework-osx-AVFoundation: e770b220cccbd017edd2c1fefb359320 -> 
  custom:video-encoder-webm-vp8: eb34c28f22e8b96e1ab97ce403110664 -> 
  custom:audio-decoder-ogg-vorbis: bf7c407c2cedff20999df2af8eb42d56 -> 
  custom:audio-encoder-webm-vorbis: bf7c407c2cedff20999df2af8eb42d56 -> 
  custom:scripting/precompiled-assembly-types:Assembly-CSharp: be87ac9b27ab5aed066af349964935eb -> 6f568ef1cfb45685900e534eb7cdc9ec
========================================================================
Received Import Request.
  Time since last request: 27105.188596 seconds.
  path: Assets/Prefabs/Player.prefab
  artifactKey: Guid(3d083df1ba6b40447b2cb35ae722f79b) Importer(815301076,1909f56bfc062723c751e8b465ee728b)
Start importing Assets/Prefabs/Player.prefab using Guid(3d083df1ba6b40447b2cb35ae722f79b) Importer(815301076,1909f56bfc062723c751e8b465ee728b) [PhysX] Initialized MultithreadedTaskDispatcher with 8 workers.
[PhysX] Initialized MultithreadedTaskDispatcher with 8 workers.
 -> (artifact id: '33f1a24ca124a6b1f805166ac1aea724') in 1.636223 seconds
Number of updated asset objects reloaded before import = 0
Number of asset objects unloaded after import = 47
========================================================================
Received Import Request.
  Time since last request: 3063.032790 seconds.
  path: Assets/Prefabs/Crouch To Stand.fbx
  artifactKey: Guid(ede603641c0cb458fac8b009b5e5f9d5) Importer(815301076,1909f56bfc062723c751e8b465ee728b)
Start importing Assets/Prefabs/Crouch To Stand.fbx using Guid(ede603641c0cb458fac8b009b5e5f9d5) Importer(815301076,1909f56bfc062723c751e8b465ee728b) [PhysX] Initialized MultithreadedTaskDispatcher with 8 workers.
[PhysX] Initialized MultithreadedTaskDispatcher with 8 workers.
[PhysX] Initialized MultithreadedTaskDispatcher with 8 workers.
[PhysX] Initialized MultithreadedTaskDispatcher with 8 workers.
[PhysX] Initialized MultithreadedTaskDispatcher with 8 workers.
 -> (artifact id: 'bd5939aaf8e0f09997731fdfaf4d2ad8') in 0.854441 seconds
Number of updated asset objects reloaded before import = 0
Number of asset objects unloaded after import = 93
========================================================================
Received Import Request.
  Time since last request: 411.615430 seconds.
  path: Assets/Scenes/Animations_TD/Zombie Idle.fbx
  artifactKey: Guid(a7fb16e6259654b899d24386259ee1e8) Importer(815301076,1909f56bfc062723c751e8b465ee728b)
Start importing Assets/Scenes/Animations_TD/Zombie Idle.fbx using Guid(a7fb16e6259654b899d24386259ee1e8) Importer(815301076,1909f56bfc062723c751e8b465ee728b) [PhysX] Initialized MultithreadedTaskDispatcher with 8 workers.
[PhysX] Initialized MultithreadedTaskDispatcher with 8 workers.
[PhysX] Initialized MultithreadedTaskDispatcher with 8 workers.
[PhysX] Initialized MultithreadedTaskDispatcher with 8 workers.
[PhysX] Initialized MultithreadedTaskDispatcher with 8 workers.
 -> (artifact id: 'b674f1f5bf6693ed30cf5935ac316ac2') in 0.213188 seconds
Number of updated asset objects reloaded before import = 0
Number of asset objects unloaded after import = 93
========================================================================
Received Import Request.
  Time since last request: 41.816455 seconds.
  path: Assets/Scenes/Animations_TD/Skibby.zip
  artifactKey: Guid(fa8491d11e7b34e81b8cb3cb9eb2888b) Importer(815301076,1909f56bfc062723c751e8b465ee728b)
Start importing Assets/Scenes/Animations_TD/Skibby.zip using Guid(fa8491d11e7b34e81b8cb3cb9eb2888b) Importer(815301076,1909f56bfc062723c751e8b465ee728b) [PhysX] Initialized MultithreadedTaskDispatcher with 8 workers.
 -> (artifact id: '4c95f4ec15f84897d6ac5f2eb1784a41') in 0.017961 seconds
Number of updated asset objects reloaded before import = 0
Number of asset objects unloaded after import = 1
========================================================================
Received Import Request.
  Time since last request: 44.446274 seconds.
  path: Assets/Scenes/Animations_TD/Meshy_AI_Skeletonbot_Expressiv_0119015102_texture_fbx 1
  artifactKey: Guid(6532fb2c035564c918753c3bddc46b5c) Importer(815301076,1909f56bfc062723c751e8b465ee728b)
Start importing Assets/Scenes/Animations_TD/Meshy_AI_Skeletonbot_Expressiv_0119015102_texture_fbx 1 using Guid(6532fb2c035564c918753c3bddc46b5c) Importer(815301076,1909f56bfc062723c751e8b465ee728b) [PhysX] Initialized MultithreadedTaskDispatcher with 8 workers.
 -> (artifact id: '1b9d725b93c7969fe5f691447ecb6915') in 0.008481 seconds
Number of updated asset objects reloaded before import = 0
Number of asset objects unloaded after import = 0
========================================================================
Received Import Request.
  Time since last request: 2.040468 seconds.
  path: Assets/Scenes/Animations_TD/Meshy_AI_Skeletonbot_Expressiv_0119015102_texture_fbx
  artifactKey: Guid(176b748f4f5af4b048a6ef3b5368765e) Importer(815301076,1909f56bfc062723c751e8b465ee728b)
Start importing Assets/Scenes/Animations_TD/Meshy_AI_Skeletonbot_Expressiv_0119015102_texture_fbx using Guid(176b748f4f5af4b048a6ef3b5368765e) Importer(815301076,1909f56bfc062723c751e8b465ee728b) [PhysX] Initialized MultithreadedTaskDispatcher with 8 workers.
 -> (artifact id: 'e145e98b0752e165edc8dc1ebd8142ce') in 0.002441 seconds
Number of updated asset objects reloaded before import = 0
Number of asset objects unloaded after import = 0
========================================================================
Received Import Request.
  Time since last request: 15.075252 seconds.
  path: Assets/Scenes/Animations_TD/Mesh_skibby
  artifactKey: Guid(176b748f4f5af4b048a6ef3b5368765e) Importer(815301076,1909f56bfc062723c751e8b465ee728b)
Start importing Assets/Scenes/Animations_TD/Mesh_skibby using Guid(176b748f4f5af4b048a6ef3b5368765e) Importer(815301076,1909f56bfc062723c751e8b465ee728b) [PhysX] Initialized MultithreadedTaskDispatcher with 8 workers.
 -> (artifact id: '04bfeb1bf6f9d519e1282b6d043aecc1') in 0.010578 seconds
Number of updated asset objects reloaded before import = 0
Number of asset objects unloaded after import = 0
========================================================================
Received Import Request.
  Time since last request: 1.242136 seconds.
  path: Assets/Scenes/Animations_TD/Mesh_skibby/Meshy_AI_Skeletonbot_Expressiv_0119015102_texture.fbx
  artifactKey: Guid(a576687ab935b456097955c7473613d7) Importer(815301076,1909f56bfc062723c751e8b465ee728b)
Start importing Assets/Scenes/Animations_TD/Mesh_skibby/Meshy_AI_Skeletonbot_Expressiv_0119015102_texture.fbx using Guid(a576687ab935b456097955c7473613d7) Importer(815301076,1909f56bfc062723c751e8b465ee728b) [PhysX] Initialized MultithreadedTaskDispatcher with 8 workers.
[PhysX] Initialized MultithreadedTaskDispatcher with 8 workers.
[PhysX] Initialized MultithreadedTaskDispatcher with 8 workers.
[PhysX] Initialized MultithreadedTaskDispatcher with 8 workers.
 -> (artifact id: '53aa1775aa224c07fe5860a206f375f9') in 0.192155 seconds
Number of updated asset objects reloaded before import = 0
Number of asset objects unloaded after import = 9
========================================================================
Received Import Request.
  Time since last request: 0.000112 seconds.
  path: Assets/Scenes/Animations_TD/Mesh_skibby/Meshy_AI_Skeletonbot_Expressiv_0119015102_texture_metallic.png
  artifactKey: Guid(0484134f93685475ab066df036897e64) Importer(815301076,1909f56bfc062723c751e8b465ee728b)
Start importing Assets/Scenes/Animations_TD/Mesh_skibby/Meshy_AI_Skeletonbot_Expressiv_0119015102_texture_metallic.png using Guid(0484134f93685475ab066df036897e64) Importer(815301076,1909f56bfc062723c751e8b465ee728b) [PhysX] Initialized MultithreadedTaskDispatcher with 8 workers.
[PhysX] Initialized MultithreadedTaskDispatcher with 8 workers.
 -> (artifact id: '15dc467e495cff3d5c35768b9fc6c5df') in 0.575881 seconds
Number of updated asset objects reloaded before import = 0
Number of asset objects unloaded after import = 2
========================================================================
Received Import Request.
  Time since last request: 0.000101 seconds.
  path: Assets/Scenes/Animations_TD/Mesh_skibby/Meshy_AI_Skeletonbot_Expressiv_0119015102_texture_roughness.png
  artifactKey: Guid(fa8efe6a2d0c64ddb961a2c467adb8ff) Importer(815301076,1909f56bfc062723c751e8b465ee728b)
Start importing Assets/Scenes/Animations_TD/Mesh_skibby/Meshy_AI_Skeletonbot_Expressiv_0119015102_texture_roughness.png using Guid(fa8efe6a2d0c64ddb961a2c467adb8ff) Importer(815301076,1909f56bfc062723c751e8b465ee728b) [PhysX] Initialized MultithreadedTaskDispatcher with 8 workers.
[PhysX] Initialized MultithreadedTaskDispatcher with 8 workers.
 -> (artifact id: '9e8f208be3c14073bb59bee42b89f29b') in 0.051275 seconds
Number of updated asset objects reloaded before import = 0
Number of asset objects unloaded after import = 2
========================================================================
Received Import Request.
  Time since last request: 0.000613 seconds.
  path: Assets/Scenes/Animations_TD/Mesh_skibby/Meshy_AI_Skeletonbot_Expressiv_0119015102_texture_normal.png
  artifactKey: Guid(629369d6e0440432983cdc4dcf350775) Importer(815301076,1909f56bfc062723c751e8b465ee728b)
Start importing Assets/Scenes/Animations_TD/Mesh_skibby/Meshy_AI_Skeletonbot_Expressiv_0119015102_texture_normal.png using Guid(629369d6e0440432983cdc4dcf350775) Importer(815301076,1909f56bfc062723c751e8b465ee728b) [PhysX] Initialized MultithreadedTaskDispatcher with 8 workers.
[PhysX] Initialized MultithreadedTaskDispatcher with 8 workers.
 -> (artifact id: '4502f2e7c6efc208143d1659b535876a') in 0.021892 seconds
Number of updated asset objects reloaded before import = 0
Number of asset objects unloaded after import = 2
========================================================================
Received Import Request.
  Time since last request: 108.080959 seconds.
  path: Assets/Scenes/Animations_TD/Mesh_skibby/Materials
  artifactKey: Guid(6e60123da4ef84597ac65e7d86f5afbe) Importer(815301076,1909f56bfc062723c751e8b465ee728b)
Start importing Assets/Scenes/Animations_TD/Mesh_skibby/Materials using Guid(6e60123da4ef84597ac65e7d86f5afbe) Importer(815301076,1909f56bfc062723c751e8b465ee728b) [PhysX] Initialized MultithreadedTaskDispatcher with 8 workers.
 -> (artifact id: '3252989cf63196ab141e7874de85a854') in 0.002424 seconds
Number of updated asset objects reloaded before import = 0
Number of asset objects unloaded after import = 0
========================================================================
Received Import Request.
  Time since last request: 0.069792 seconds.
  path: Assets/Scenes/Animations_TD/Mesh_skibby/Materials/Meshy_AI_Skeletonbot_Expressiv_0119015102_texture.mat
  artifactKey: Guid(2813be35ec34e4b52968e2ede6c97f04) Importer(815301076,1909f56bfc062723c751e8b465ee728b)
Start importing Assets/Scenes/Animations_TD/Mesh_skibby/Materials/Meshy_AI_Skeletonbot_Expressiv_0119015102_texture.mat using Guid(2813be35ec34e4b52968e2ede6c97f04) Importer(815301076,1909f56bfc062723c751e8b465ee728b) [PhysX] Initialized MultithreadedTaskDispatcher with 8 workers.
[PhysX] Initialized MultithreadedTaskDispatcher with 8 workers.
 -> (artifact id: 'b7a29ed75cd1c1eca9b3be0f1cee27d6') in 0.067498 seconds
Number of updated asset objects reloaded before import = 0
Number of asset objects unloaded after import = 2
========================================================================
Received Import Request.
  Time since last request: 0.000198 seconds.
  path: Assets/Scenes/Animations_TD/Mesh_skibby/Materials/Meshy_AI_Skeletonbot_Expressiv_0119015102_texture_roughness.mat
  artifactKey: Guid(8c63ba7f1d3534016936e08d948daa74) Importer(815301076,1909f56bfc062723c751e8b465ee728b)
Start importing Assets/Scenes/Animations_TD/Mesh_skibby/Materials/Meshy_AI_Skeletonbot_Expressiv_0119015102_texture_roughness.mat using Guid(8c63ba7f1d3534016936e08d948daa74) Importer(815301076,1909f56bfc062723c751e8b465ee728b) [PhysX] Initialized MultithreadedTaskDispatcher with 8 workers.
[PhysX] Initialized MultithreadedTaskDispatcher with 8 workers.
 -> (artifact id: 'a0e369fedc84cb250c9bf81448d8fd80') in 0.028301 seconds
Number of updated asset objects reloaded before import = 0
Number of asset objects unloaded after import = 3
========================================================================
Received Import Request.
  Time since last request: 0.000121 seconds.
  path: Assets/Scenes/Animations_TD/Mesh_skibby/Materials/Meshy_AI_Skeletonbot_Expressiv_0119015102_texture_normal.mat
  artifactKey: Guid(605545696d98c4af68ec65b96c02a169) Importer(815301076,1909f56bfc062723c751e8b465ee728b)
Start importing Assets/Scenes/Animations_TD/Mesh_skibby/Materials/Meshy_AI_Skeletonbot_Expressiv_0119015102_texture_normal.mat using Guid(605545696d98c4af68ec65b96c02a169) Importer(815301076,1909f56bfc062723c751e8b465ee728b) [PhysX] Initialized MultithreadedTaskDispatcher with 8 workers.
[PhysX] Initialized MultithreadedTaskDispatcher with 8 workers.
 -> (artifact id: '01bf0dc6339e8ad5d90f67b60a5295e8') in 0.030133 seconds
Number of updated asset objects reloaded before import = 0
Number of asset objects unloaded after import = 3
========================================================================
Received Import Request.
  Time since last request: 0.000156 seconds.
  path: Assets/Scenes/Animations_TD/Mesh_skibby/Materials/Meshy_AI_Skeletonbot_Expressiv_0119015102_texture_metallic.mat
  artifactKey: Guid(e59b2eb2bbe814d16953170eb3063ef2) Importer(815301076,1909f56bfc062723c751e8b465ee728b)
Start importing Assets/Scenes/Animations_TD/Mesh_skibby/Materials/Meshy_AI_Skeletonbot_Expressiv_0119015102_texture_metallic.mat using Guid(e59b2eb2bbe814d16953170eb3063ef2) Importer(815301076,1909f56bfc062723c751e8b465ee728b) [PhysX] Initialized MultithreadedTaskDispatcher with 8 workers.
[PhysX] Initialized MultithreadedTaskDispatcher with 8 workers.
 -> (artifact id: 'c178cd2c786b4a561e20e12113ff2e0e') in 0.021990 seconds
Number of updated asset objects reloaded before import = 0
Number of asset objects unloaded after import = 3
========================================================================
Received Import Request.
  Time since last request: 0.000163 seconds.
  path: Assets/Scenes/Animations_TD/Mesh_skibby/Materials/Meshy_AI_Skeletonbot_Expressiv_0119015102_texture 2.mat
  artifactKey: Guid(b80079d0aa6a84597ae6cfa0c0a13218) Importer(815301076,1909f56bfc062723c751e8b465ee728b)
Start importing Assets/Scenes/Animations_TD/Mesh_skibby/Materials/Meshy_AI_Skeletonbot_Expressiv_0119015102_texture 2.mat using Guid(b80079d0aa6a84597ae6cfa0c0a13218) Importer(815301076,1909f56bfc062723c751e8b465ee728b) [PhysX] Initialized MultithreadedTaskDispatcher with 8 workers.
[PhysX] Initialized MultithreadedTaskDispatcher with 8 workers.
 -> (artifact id: 'e178d74db6b0b59de008e8fa10157a74') in 0.022153 seconds
Number of updated asset objects reloaded before import = 0
Number of asset objects unloaded after import = 3
========================================================================
Received Import Request.
  Time since last request: 287.879901 seconds.
  path: Assets/Scenes/Animations_TD/Zombie Idle.fbx
  artifactKey: Guid(a7fb16e6259654b899d24386259ee1e8) Importer(815301076,1909f56bfc062723c751e8b465ee728b)
Start importing Assets/Scenes/Animations_TD/Zombie Idle.fbx using Guid(a7fb16e6259654b899d24386259ee1e8) Importer(815301076,1909f56bfc062723c751e8b465ee728b) [PhysX] Initialized MultithreadedTaskDispatcher with 8 workers.
[PhysX] Initialized MultithreadedTaskDispatcher with 8 workers.
[PhysX] Initialized MultithreadedTaskDispatcher with 8 workers.
[PhysX] Initialized MultithreadedTaskDispatcher with 8 workers.
[PhysX] Initialized MultithreadedTaskDispatcher with 8 workers.
 -> (artifact id: 'e7a517471e6970a79379ada99b419989') in 0.294829 seconds
Number of updated asset objects reloaded before import = 0
Number of asset objects unloaded after import = 95
========================================================================
Received Import Request.
  Time since last request: 87.832030 seconds.
  path: Assets/Scenes/Animations_TD/Zombie Idle.fbx
  artifactKey: Guid(a7fb16e6259654b899d24386259ee1e8) Importer(815301076,1909f56bfc062723c751e8b465ee728b)
Start importing Assets/Scenes/Animations_TD/Zombie Idle.fbx using Guid(a7fb16e6259654b899d24386259ee1e8) Importer(815301076,1909f56bfc062723c751e8b465ee728b) [PhysX] Initialized MultithreadedTaskDispatcher with 8 workers.
[PhysX] Initialized MultithreadedTaskDispatcher with 8 workers.
[PhysX] Initialized MultithreadedTaskDispatcher with 8 workers.
[PhysX] Initialized MultithreadedTaskDispatcher with 8 workers.
[PhysX] Initialized MultithreadedTaskDispatcher with 8 workers.
 -> (artifact id: '65369116d65858d166c72796b09cefd0') in 0.192081 seconds
Number of updated asset objects reloaded before import = 0
Number of asset objects unloaded after import = 95
========================================================================
Received Prepare
Caller must complete domain reload
Begin MonoManager ReloadAssembly
Thread 0x16cf47000 may have been prematurely finalized
- Loaded All Assemblies, in  1.124 seconds
Native extension for Android target not found
Native extension for OSXStandalone target not found
Mono: successfully reloaded assembly
- Finished resetting the current domain, in  3.022 seconds
Domain Reload Profiling: 4150ms
	BeginReloadAssembly (489ms)
		ExecutionOrderSort (0ms)
		DisableScriptedObjects (43ms)
		BackupInstance (0ms)
		ReleaseScriptingObjects (0ms)
		CreateAndSetChildDomain (198ms)
	RebuildCommonClasses (50ms)
	RebuildNativeTypeToScriptingClass (21ms)
	initialDomainReloadingComplete (32ms)
	LoadAllAssembliesAndSetupDomain (536ms)
		LoadAssemblies (611ms)
		RebuildTransferFunctionScriptingTraits (0ms)
		AnalyzeDomain (72ms)
			TypeCache.Refresh (31ms)
				TypeCache.ScanAssembly (0ms)
			ScanForSourceGeneratedMonoScriptInfo (0ms)
			ResolveRequiredComponents (40ms)
	FinalizeReload (3022ms)
		ReleaseScriptCaches (0ms)
		RebuildScriptCaches (0ms)
		SetupLoadedEditorAssemblies (1349ms)
			LogAssemblyErrors (0ms)
			InitializePlatformSupportModulesInManaged (37ms)
			SetLoadedEditorAssemblies (13ms)
			RefreshPlugins (0ms)
			BeforeProcessingInitializeOnLoad (193ms)
			ProcessInitializeOnLoadAttributes (965ms)
			ProcessInitializeOnLoadMethodAttributes (137ms)
			AfterProcessingInitializeOnLoad (2ms)
			EditorAssembliesLoaded (0ms)
		ExecutionOrderSort2 (0ms)
		AwakeInstancesAfterBackupRestoration (53ms)
Refreshing native plugins compatible for Editor in 4.43 ms, found 2 plugins.
Preloading 0 native plugins for Editor in 0.00 ms.
Unloading 5407 Unused Serialized files (Serialized files now loaded: 0)
Unloading 45 unused Assets / (2.7 MB). Loaded Objects now: 6372.
Memory consumption went from 359.1 MB to 356.5 MB.
Total: 14.302291 ms (FindLiveObjects: 0.644291 ms CreateObjectMapping: 0.259500 ms MarkObjects: 11.172541 ms  DeleteObjects: 2.224667 ms)

Prepare: number of updated asset objects reloaded= 0
AssetImportParameters requested are different than current active one (requested -> active):
  custom:container-demuxer-ogg: 62fdf1f143b41e24485cea50d1cbac27 -> 
  custom:video-decoder-ogg-theora: a1e56fd34408186e4bbccfd4996cb3dc -> 
  custom:scripting/monoscript/fileName/DamageText.cs: aaefcd28d501d1d3134b3d2b8b0e09a3 -> 
  custom:CustomObjectIndexerAttribute: 3ead1caaecf1c488f20bcfeb224b6af5 -> 
  custom:container-demuxer-webm: 4f35f7cbe854078d1ac9338744f61a02 -> 
  custom:container-muxer-webm: aa71ff27fc2769a1b78a27578f13a17b -> 
  custom:video-decoder-webm-vp8: 9c59270c3fd7afecdb556c50c9e8de78 -> 
  custom:SearchIndexIgnoredProperties: e643bd26f0fe6173181afceb89e7c659 -> 
  custom:AudioImporter_EditorPlatform: 3918e3fc78b5a79bad01e8451be0beb8 -> 
  custom:scripting/monoscript/fileName/ArmeFlottante.cs: f6e6b68c285c689b35f5bb933184e350 -> 
  custom:framework-osx-AVFoundation: e770b220cccbd017edd2c1fefb359320 -> 
  custom:video-encoder-webm-vp8: eb34c28f22e8b96e1ab97ce403110664 -> 
  custom:audio-decoder-ogg-vorbis: bf7c407c2cedff20999df2af8eb42d56 -> 
  custom:audio-encoder-webm-vorbis: bf7c407c2cedff20999df2af8eb42d56 -> 
  custom:scripting/precompiled-assembly-types:Assembly-CSharp: be87ac9b27ab5aed066af349964935eb -> 6f568ef1cfb45685900e534eb7cdc9ec
========================================================================
Received Import Request.
  Time since last request: 234.184046 seconds.
  path: Assets/Scenes/Animations_TD/Mesh_skibby/Meshy_AI_Skeletonbot_Expressiv_0119015102_texture.fbx
  artifactKey: Guid(a576687ab935b456097955c7473613d7) Importer(815301076,1909f56bfc062723c751e8b465ee728b)
Start importing Assets/Scenes/Animations_TD/Mesh_skibby/Meshy_AI_Skeletonbot_Expressiv_0119015102_texture.fbx using Guid(a576687ab935b456097955c7473613d7) Importer(815301076,1909f56bfc062723c751e8b465ee728b) [PhysX] Initialized MultithreadedTaskDispatcher with 8 workers.
[PhysX] Initialized MultithreadedTaskDispatcher with 8 workers.
[PhysX] Initialized MultithreadedTaskDispatcher with 8 workers.
[PhysX] Initialized MultithreadedTaskDispatcher with 8 workers.
 -> (artifact id: '6370bcf9ee216627a25c14206b38318d') in 1.292727 seconds
Number of updated asset objects reloaded before import = 0
Number of asset objects unloaded after import = 29
========================================================================
Received Prepare
Caller must complete domain reload
Begin MonoManager ReloadAssembly
Thread 0x16cf47000 may have been prematurely finalized
- Loaded All Assemblies, in  0.956 seconds
Native extension for Android target not found
Native extension for OSXStandalone target not found
Mono: successfully reloaded assembly
- Finished resetting the current domain, in  2.891 seconds
Domain Reload Profiling: 3852ms
	BeginReloadAssembly (332ms)
		ExecutionOrderSort (0ms)
		DisableScriptedObjects (27ms)
		BackupInstance (0ms)
		ReleaseScriptingObjects (1ms)
		CreateAndSetChildDomain (132ms)
	RebuildCommonClasses (56ms)
	RebuildNativeTypeToScriptingClass (19ms)
	initialDomainReloadingComplete (40ms)
	LoadAllAssembliesAndSetupDomain (513ms)
		LoadAssemblies (541ms)
		RebuildTransferFunctionScriptingTraits (0ms)
		AnalyzeDomain (77ms)
			TypeCache.Refresh (32ms)
				TypeCache.ScanAssembly (0ms)
			ScanForSourceGeneratedMonoScriptInfo (1ms)
			ResolveRequiredComponents (43ms)
	FinalizeReload (2892ms)
		ReleaseScriptCaches (0ms)
		RebuildScriptCaches (0ms)
		SetupLoadedEditorAssemblies (1404ms)
			LogAssemblyErrors (0ms)
			InitializePlatformSupportModulesInManaged (45ms)
			SetLoadedEditorAssemblies (14ms)
			RefreshPlugins (0ms)
			BeforeProcessingInitializeOnLoad (198ms)
			ProcessInitializeOnLoadAttributes (985ms)
			ProcessInitializeOnLoadMethodAttributes (159ms)
			AfterProcessingInitializeOnLoad (2ms)
			EditorAssembliesLoaded (0ms)
		ExecutionOrderSort2 (0ms)
		AwakeInstancesAfterBackupRestoration (40ms)
Refreshing native plugins compatible for Editor in 11.90 ms, found 2 plugins.
Preloading 0 native plugins for Editor in 0.00 ms.
Unloading 5407 Unused Serialized files (Serialized files now loaded: 0)
Unloading 45 unused Assets / (2.7 MB). Loaded Objects now: 6413.
Memory consumption went from 366.0 MB to 363.3 MB.
Total: 47.960208 ms (FindLiveObjects: 1.347166 ms CreateObjectMapping: 0.280458 ms MarkObjects: 42.437792 ms  DeleteObjects: 3.893458 ms)

Prepare: number of updated asset objects reloaded= 0
AssetImportParameters requested are different than current active one (requested -> active):
  custom:container-demuxer-ogg: 62fdf1f143b41e24485cea50d1cbac27 -> 
  custom:video-decoder-ogg-theora: a1e56fd34408186e4bbccfd4996cb3dc -> 
  custom:scripting/monoscript/fileName/DamageText.cs: aaefcd28d501d1d3134b3d2b8b0e09a3 -> 
  custom:CustomObjectIndexerAttribute: 3ead1caaecf1c488f20bcfeb224b6af5 -> 
  custom:container-demuxer-webm: 4f35f7cbe854078d1ac9338744f61a02 -> 
  custom:container-muxer-webm: aa71ff27fc2769a1b78a27578f13a17b -> 
  custom:video-decoder-webm-vp8: 9c59270c3fd7afecdb556c50c9e8de78 -> 
  custom:SearchIndexIgnoredProperties: e643bd26f0fe6173181afceb89e7c659 -> 
  custom:AudioImporter_EditorPlatform: 3918e3fc78b5a79bad01e8451be0beb8 -> 
  custom:scripting/monoscript/fileName/ArmeFlottante.cs: f6e6b68c285c689b35f5bb933184e350 -> 
  custom:framework-osx-AVFoundation: e770b220cccbd017edd2c1fefb359320 -> 
  custom:video-encoder-webm-vp8: eb34c28f22e8b96e1ab97ce403110664 -> 
  custom:audio-decoder-ogg-vorbis: bf7c407c2cedff20999df2af8eb42d56 -> 
  custom:audio-encoder-webm-vorbis: bf7c407c2cedff20999df2af8eb42d56 -> 
  custom:scripting/precompiled-assembly-types:Assembly-CSharp: be87ac9b27ab5aed066af349964935eb -> 6f568ef1cfb45685900e534eb7cdc9ec
========================================================================
Received Prepare
Caller must complete domain reload
Begin MonoManager ReloadAssembly
Thread 0x16cf47000 may have been prematurely finalized
- Loaded All Assemblies, in  0.668 seconds
Native extension for Android target not found
Native extension for OSXStandalone target not found
Mono: successfully reloaded assembly
- Finished resetting the current domain, in  2.273 seconds
Domain Reload Profiling: 2946ms
	BeginReloadAssembly (227ms)
		ExecutionOrderSort (0ms)
		DisableScriptedObjects (7ms)
		BackupInstance (0ms)
		ReleaseScriptingObjects (0ms)
		CreateAndSetChildDomain (84ms)
	RebuildCommonClasses (63ms)
	RebuildNativeTypeToScriptingClass (24ms)
	initialDomainReloadingComplete (36ms)
	LoadAllAssembliesAndSetupDomain (322ms)
		LoadAssemblies (347ms)
		RebuildTransferFunctionScriptingTraits (0ms)
		AnalyzeDomain (47ms)
			TypeCache.Refresh (27ms)
				TypeCache.ScanAssembly (0ms)
			ScanForSourceGeneratedMonoScriptInfo (0ms)
			ResolveRequiredComponents (18ms)
	FinalizeReload (2274ms)
		ReleaseScriptCaches (0ms)
		RebuildScriptCaches (0ms)
		SetupLoadedEditorAssemblies (1128ms)
			LogAssemblyErrors (0ms)
			InitializePlatformSupportModulesInManaged (14ms)
			SetLoadedEditorAssemblies (6ms)
			RefreshPlugins (0ms)
			BeforeProcessingInitializeOnLoad (94ms)
			ProcessInitializeOnLoadAttributes (863ms)
			ProcessInitializeOnLoadMethodAttributes (149ms)
			AfterProcessingInitializeOnLoad (2ms)
			EditorAssembliesLoaded (0ms)
		ExecutionOrderSort2 (0ms)
		AwakeInstancesAfterBackupRestoration (46ms)
Refreshing native plugins compatible for Editor in 4.80 ms, found 2 plugins.
Preloading 0 native plugins for Editor in 0.00 ms.
Unloading 5407 Unused Serialized files (Serialized files now loaded: 0)
Unloading 45 unused Assets / (2.7 MB). Loaded Objects now: 6418.
Memory consumption went from 369.8 MB to 367.1 MB.
Total: 11.530750 ms (FindLiveObjects: 0.511041 ms CreateObjectMapping: 0.245958 ms MarkObjects: 8.773958 ms  DeleteObjects: 1.998500 ms)

Prepare: number of updated asset objects reloaded= 0
AssetImportParameters requested are different than current active one (requested -> active):
  custom:container-demuxer-ogg: 62fdf1f143b41e24485cea50d1cbac27 -> 
  custom:video-decoder-ogg-theora: a1e56fd34408186e4bbccfd4996cb3dc -> 
  custom:scripting/monoscript/fileName/DamageText.cs: aaefcd28d501d1d3134b3d2b8b0e09a3 -> 
  custom:CustomObjectIndexerAttribute: 3ead1caaecf1c488f20bcfeb224b6af5 -> 
  custom:container-demuxer-webm: 4f35f7cbe854078d1ac9338744f61a02 -> 
  custom:container-muxer-webm: aa71ff27fc2769a1b78a27578f13a17b -> 
  custom:video-decoder-webm-vp8: 9c59270c3fd7afecdb556c50c9e8de78 -> 
  custom:SearchIndexIgnoredProperties: e643bd26f0fe6173181afceb89e7c659 -> 
  custom:AudioImporter_EditorPlatform: 3918e3fc78b5a79bad01e8451be0beb8 -> 
  custom:scripting/monoscript/fileName/ArmeFlottante.cs: f6e6b68c285c689b35f5bb933184e350 -> 
  custom:framework-osx-AVFoundation: e770b220cccbd017edd2c1fefb359320 -> 
  custom:video-encoder-webm-vp8: eb34c28f22e8b96e1ab97ce403110664 -> 
  custom:audio-decoder-ogg-vorbis: bf7c407c2cedff20999df2af8eb42d56 -> 
  custom:audio-encoder-webm-vorbis: bf7c407c2cedff20999df2af8eb42d56 -> 
  custom:scripting/precompiled-assembly-types:Assembly-CSharp: be87ac9b27ab5aed066af349964935eb -> 6f568ef1cfb45685900e534eb7cdc9ec
========================================================================
Received Prepare
Caller must complete domain reload
Begin MonoManager ReloadAssembly
Thread 0x16cf47000 may have been prematurely finalized
- Loaded All Assemblies, in  0.554 seconds
Native extension for Android target not found
Native extension for OSXStandalone target not found
Mono: successfully reloaded assembly
- Finished resetting the current domain, in  2.224 seconds
Domain Reload Profiling: 2781ms
	BeginReloadAssembly (189ms)
		ExecutionOrderSort (0ms)
		DisableScriptedObjects (5ms)
		BackupInstance (0ms)
		ReleaseScriptingObjects (0ms)
		CreateAndSetChildDomain (64ms)
	RebuildCommonClasses (50ms)
	RebuildNativeTypeToScriptingClass (15ms)
	initialDomainReloadingComplete (23ms)
	LoadAllAssembliesAndSetupDomain (280ms)
		LoadAssemblies (301ms)
		RebuildTransferFunctionScriptingTraits (0ms)
		AnalyzeDomain (49ms)
			TypeCache.Refresh (33ms)
				TypeCache.ScanAssembly (0ms)
			ScanForSourceGeneratedMonoScriptInfo (0ms)
			ResolveRequiredComponents (15ms)
	FinalizeReload (2225ms)
		ReleaseScriptCaches (0ms)
		RebuildScriptCaches (0ms)
		SetupLoadedEditorAssemblies (1130ms)
			LogAssemblyErrors (0ms)
			InitializePlatformSupportModulesInManaged (33ms)
			SetLoadedEditorAssemblies (9ms)
			RefreshPlugins (0ms)
			BeforeProcessingInitializeOnLoad (99ms)
			ProcessInitializeOnLoadAttributes (844ms)
			ProcessInitializeOnLoadMethodAttributes (142ms)
			AfterProcessingInitializeOnLoad (2ms)
			EditorAssembliesLoaded (1ms)
		ExecutionOrderSort2 (0ms)
		AwakeInstancesAfterBackupRestoration (45ms)
Refreshing native plugins compatible for Editor in 4.78 ms, found 2 plugins.
Preloading 0 native plugins for Editor in 0.00 ms.
Unloading 5407 Unused Serialized files (Serialized files now loaded: 0)
Unloading 45 unused Assets / (2.7 MB). Loaded Objects now: 6423.
Memory consumption went from 373.7 MB to 371.0 MB.
Total: 10.354958 ms (FindLiveObjects: 0.520166 ms CreateObjectMapping: 0.247542 ms MarkObjects: 8.416334 ms  DeleteObjects: 1.169875 ms)

Prepare: number of updated asset objects reloaded= 0
AssetImportParameters requested are different than current active one (requested -> active):
  custom:container-demuxer-ogg: 62fdf1f143b41e24485cea50d1cbac27 -> 
  custom:video-decoder-ogg-theora: a1e56fd34408186e4bbccfd4996cb3dc -> 
  custom:scripting/monoscript/fileName/DamageText.cs: aaefcd28d501d1d3134b3d2b8b0e09a3 -> 
  custom:CustomObjectIndexerAttribute: 3ead1caaecf1c488f20bcfeb224b6af5 -> 
  custom:container-demuxer-webm: 4f35f7cbe854078d1ac9338744f61a02 -> 
  custom:container-muxer-webm: aa71ff27fc2769a1b78a27578f13a17b -> 
  custom:video-decoder-webm-vp8: 9c59270c3fd7afecdb556c50c9e8de78 -> 
  custom:SearchIndexIgnoredProperties: e643bd26f0fe6173181afceb89e7c659 -> 
  custom:AudioImporter_EditorPlatform: 3918e3fc78b5a79bad01e8451be0beb8 -> 
  custom:scripting/monoscript/fileName/ArmeFlottante.cs: f6e6b68c285c689b35f5bb933184e350 -> 
  custom:framework-osx-AVFoundation: e770b220cccbd017edd2c1fefb359320 -> 
  custom:video-encoder-webm-vp8: eb34c28f22e8b96e1ab97ce403110664 -> 
  custom:audio-decoder-ogg-vorbis: bf7c407c2cedff20999df2af8eb42d56 -> 
  custom:audio-encoder-webm-vorbis: bf7c407c2cedff20999df2af8eb42d56 -> 
  custom:scripting/precompiled-assembly-types:Assembly-CSharp: be87ac9b27ab5aed066af349964935eb -> 6f568ef1cfb45685900e534eb7cdc9ec
========================================================================
Received Prepare
Caller must complete domain reload
Begin MonoManager ReloadAssembly
Thread 0x16cf47000 may have been prematurely finalized
- Loaded All Assemblies, in  0.418 seconds
Native extension for Android target not found
Native extension for OSXStandalone target not found
Mono: successfully reloaded assembly
- Finished resetting the current domain, in  1.974 seconds
Domain Reload Profiling: 2393ms
	BeginReloadAssembly (156ms)
		ExecutionOrderSort (0ms)
		DisableScriptedObjects (5ms)
		BackupInstance (0ms)
		ReleaseScriptingObjects (0ms)
		CreateAndSetChildDomain (64ms)
	RebuildCommonClasses (43ms)
	RebuildNativeTypeToScriptingClass (14ms)
	initialDomainReloadingComplete (24ms)
	LoadAllAssembliesAndSetupDomain (181ms)
		LoadAssemblies (209ms)
		RebuildTransferFunctionScriptingTraits (0ms)
		AnalyzeDomain (24ms)
			TypeCache.Refresh (10ms)
				TypeCache.ScanAssembly (0ms)
			ScanForSourceGeneratedMonoScriptInfo (0ms)
			ResolveRequiredComponents (13ms)
	FinalizeReload (1975ms)
		ReleaseScriptCaches (0ms)
		RebuildScriptCaches (0ms)
		SetupLoadedEditorAssemblies (921ms)
			LogAssemblyErrors (0ms)
			InitializePlatformSupportModulesInManaged (15ms)
			SetLoadedEditorAssemblies (7ms)
			RefreshPlugins (0ms)
			BeforeProcessingInitializeOnLoad (89ms)
			ProcessInitializeOnLoadAttributes (680ms)
			ProcessInitializeOnLoadMethodAttributes (127ms)
			AfterProcessingInitializeOnLoad (2ms)
			EditorAssembliesLoaded (0ms)
		ExecutionOrderSort2 (0ms)
		AwakeInstancesAfterBackupRestoration (39ms)
Refreshing native plugins compatible for Editor in 5.67 ms, found 2 plugins.
Preloading 0 native plugins for Editor in 0.00 ms.
Unloading 5407 Unused Serialized files (Serialized files now loaded: 0)
Unloading 45 unused Assets / (2.7 MB). Loaded Objects now: 6428.
Memory consumption went from 377.5 MB to 374.9 MB.
Total: 9.336875 ms (FindLiveObjects: 0.515542 ms CreateObjectMapping: 0.244625 ms MarkObjects: 7.419792 ms  DeleteObjects: 1.155708 ms)

Prepare: number of updated asset objects reloaded= 0
AssetImportParameters requested are different than current active one (requested -> active):
  custom:container-demuxer-ogg: 62fdf1f143b41e24485cea50d1cbac27 -> 
  custom:video-decoder-ogg-theora: a1e56fd34408186e4bbccfd4996cb3dc -> 
  custom:scripting/monoscript/fileName/DamageText.cs: aaefcd28d501d1d3134b3d2b8b0e09a3 -> 
  custom:CustomObjectIndexerAttribute: 3ead1caaecf1c488f20bcfeb224b6af5 -> 
  custom:container-demuxer-webm: 4f35f7cbe854078d1ac9338744f61a02 -> 
  custom:container-muxer-webm: aa71ff27fc2769a1b78a27578f13a17b -> 
  custom:video-decoder-webm-vp8: 9c59270c3fd7afecdb556c50c9e8de78 -> 
  custom:SearchIndexIgnoredProperties: e643bd26f0fe6173181afceb89e7c659 -> 
  custom:AudioImporter_EditorPlatform: 3918e3fc78b5a79bad01e8451be0beb8 -> 
  custom:scripting/monoscript/fileName/ArmeFlottante.cs: f6e6b68c285c689b35f5bb933184e350 -> 
  custom:framework-osx-AVFoundation: e770b220cccbd017edd2c1fefb359320 -> 
  custom:video-encoder-webm-vp8: eb34c28f22e8b96e1ab97ce403110664 -> 
  custom:audio-decoder-ogg-vorbis: bf7c407c2cedff20999df2af8eb42d56 -> 
  custom:audio-encoder-webm-vorbis: bf7c407c2cedff20999df2af8eb42d56 -> 
  custom:scripting/precompiled-assembly-types:Assembly-CSharp: be87ac9b27ab5aed066af349964935eb -> 6f568ef1cfb45685900e534eb7cdc9ec
========================================================================
Received Import Request.
  Time since last request: 748.324805 seconds.
  path: Assets/Scenes/Animations_TD/New Animator Controller.controller
  artifactKey: Guid(d9d8867fdf82e46869c50faa49f9b7c9) Importer(815301076,1909f56bfc062723c751e8b465ee728b)
Start importing Assets/Scenes/Animations_TD/New Animator Controller.controller using Guid(d9d8867fdf82e46869c50faa49f9b7c9) Importer(815301076,1909f56bfc062723c751e8b465ee728b) [PhysX] Initialized MultithreadedTaskDispatcher with 8 workers.
 -> (artifact id: 'eec1b005c39e307c36252fe357b6fea6') in 0.159913 seconds
Number of updated asset objects reloaded before import = 0
Number of asset objects unloaded after import = 1
========================================================================
Received Import Request.
  Time since last request: 14.419590 seconds.
  path: Assets/Scenes/Animations_TD/Skibby.controller
  artifactKey: Guid(d9d8867fdf82e46869c50faa49f9b7c9) Importer(815301076,1909f56bfc062723c751e8b465ee728b)
Start importing Assets/Scenes/Animations_TD/Skibby.controller using Guid(d9d8867fdf82e46869c50faa49f9b7c9) Importer(815301076,1909f56bfc062723c751e8b465ee728b) [PhysX] Initialized MultithreadedTaskDispatcher with 8 workers.
 -> (artifact id: '9436df8b15de1d7ace67c9297318544a') in 0.014127 seconds
Number of updated asset objects reloaded before import = 0
Number of asset objects unloaded after import = 2
========================================================================
Received Import Request.
  Time since last request: 394.921989 seconds.
  path: Assets/Scenes/Animations_TD/Zombie Idle.fbx
  artifactKey: Guid(a7fb16e6259654b899d24386259ee1e8) Importer(815301076,1909f56bfc062723c751e8b465ee728b)
Start importing Assets/Scenes/Animations_TD/Zombie Idle.fbx using Guid(a7fb16e6259654b899d24386259ee1e8) Importer(815301076,1909f56bfc062723c751e8b465ee728b) [PhysX] Initialized MultithreadedTaskDispatcher with 8 workers.
[PhysX] Initialized MultithreadedTaskDispatcher with 8 workers.
[PhysX] Initialized MultithreadedTaskDispatcher with 8 workers.
[PhysX] Initialized MultithreadedTaskDispatcher with 8 workers.
[PhysX] Initialized MultithreadedTaskDispatcher with 8 workers.
 -> (artifact id: '5918914fc52ee2f808e3a3bfec60658d') in 0.860990 seconds
Number of updated asset objects reloaded before import = 0
Number of asset objects unloaded after import = 113
========================================================================
Received Prepare
Caller must complete domain reload
Begin MonoManager ReloadAssembly
Thread 0x16cf47000 may have been prematurely finalized
- Loaded All Assemblies, in  0.726 seconds
Native extension for Android target not found
Native extension for OSXStandalone target not found
Mono: successfully reloaded assembly
- Finished resetting the current domain, in  2.794 seconds
Domain Reload Profiling: 3529ms
	BeginReloadAssembly (279ms)
		ExecutionOrderSort (0ms)
		DisableScriptedObjects (31ms)
		BackupInstance (0ms)
		ReleaseScriptingObjects (0ms)
		CreateAndSetChildDomain (93ms)
	RebuildCommonClasses (57ms)
	RebuildNativeTypeToScriptingClass (23ms)
	initialDomainReloadingComplete (40ms)
	LoadAllAssembliesAndSetupDomain (335ms)
		LoadAssemblies (405ms)
		RebuildTransferFunctionScriptingTraits (0ms)
		AnalyzeDomain (31ms)
			TypeCache.Refresh (14ms)
				TypeCache.ScanAssembly (0ms)
			ScanForSourceGeneratedMonoScriptInfo (0ms)
			ResolveRequiredComponents (16ms)
	FinalizeReload (2796ms)
		ReleaseScriptCaches (0ms)
		RebuildScriptCaches (0ms)
		SetupLoadedEditorAssemblies (1443ms)
			LogAssemblyErrors (0ms)
			InitializePlatformSupportModulesInManaged (34ms)
			SetLoadedEditorAssemblies (18ms)
			RefreshPlugins (0ms)
			BeforeProcessingInitializeOnLoad (214ms)
			ProcessInitializeOnLoadAttributes (996ms)
			ProcessInitializeOnLoadMethodAttributes (179ms)
			AfterProcessingInitializeOnLoad (2ms)
			EditorAssembliesLoaded (0ms)
		ExecutionOrderSort2 (0ms)
		AwakeInstancesAfterBackupRestoration (69ms)
Refreshing native plugins compatible for Editor in 4.81 ms, found 2 plugins.
Preloading 0 native plugins for Editor in 0.00 ms.
Unloading 5407 Unused Serialized files (Serialized files now loaded: 0)
Unloading 45 unused Assets / (2.7 MB). Loaded Objects now: 6469.
Memory consumption went from 384.4 MB to 381.7 MB.
Total: 11.016625 ms (FindLiveObjects: 0.531458 ms CreateObjectMapping: 0.251708 ms MarkObjects: 8.938125 ms  DeleteObjects: 1.294292 ms)

Prepare: number of updated asset objects reloaded= 0
AssetImportParameters requested are different than current active one (requested -> active):
  custom:container-demuxer-ogg: 62fdf1f143b41e24485cea50d1cbac27 -> 
  custom:video-decoder-ogg-theora: a1e56fd34408186e4bbccfd4996cb3dc -> 
  custom:scripting/monoscript/fileName/DamageText.cs: aaefcd28d501d1d3134b3d2b8b0e09a3 -> 
  custom:CustomObjectIndexerAttribute: 3ead1caaecf1c488f20bcfeb224b6af5 -> 
  custom:container-demuxer-webm: 4f35f7cbe854078d1ac9338744f61a02 -> 
  custom:container-muxer-webm: aa71ff27fc2769a1b78a27578f13a17b -> 
  custom:video-decoder-webm-vp8: 9c59270c3fd7afecdb556c50c9e8de78 -> 
  custom:SearchIndexIgnoredProperties: e643bd26f0fe6173181afceb89e7c659 -> 
  custom:AudioImporter_EditorPlatform: 3918e3fc78b5a79bad01e8451be0beb8 -> 
  custom:scripting/monoscript/fileName/ArmeFlottante.cs: f6e6b68c285c689b35f5bb933184e350 -> 
  custom:framework-osx-AVFoundation: e770b220cccbd017edd2c1fefb359320 -> 
  custom:video-encoder-webm-vp8: eb34c28f22e8b96e1ab97ce403110664 -> 
  custom:audio-decoder-ogg-vorbis: bf7c407c2cedff20999df2af8eb42d56 -> 
  custom:audio-encoder-webm-vorbis: bf7c407c2cedff20999df2af8eb42d56 -> 
  custom:scripting/precompiled-assembly-types:Assembly-CSharp: be87ac9b27ab5aed066af349964935eb -> 6f568ef1cfb45685900e534eb7cdc9ec
========================================================================
Received Prepare
Caller must complete domain reload
Begin MonoManager ReloadAssembly
Thread 0x16cf47000 may have been prematurely finalized
- Loaded All Assemblies, in  0.575 seconds
Native extension for Android target not found
Native extension for OSXStandalone target not found
Mono: successfully reloaded assembly
- Finished resetting the current domain, in  2.369 seconds
Domain Reload Profiling: 2944ms
	BeginReloadAssembly (194ms)
		ExecutionOrderSort (0ms)
		DisableScriptedObjects (6ms)
		BackupInstance (0ms)
		ReleaseScriptingObjects (0ms)
		CreateAndSetChildDomain (77ms)
	RebuildCommonClasses (61ms)
	RebuildNativeTypeToScriptingClass (18ms)
	initialDomainReloadingComplete (31ms)
	LoadAllAssembliesAndSetupDomain (269ms)
		LoadAssemblies (315ms)
		RebuildTransferFunctionScriptingTraits (0ms)
		AnalyzeDomain (27ms)
			TypeCache.Refresh (11ms)
				TypeCache.ScanAssembly (0ms)
			ScanForSourceGeneratedMonoScriptInfo (0ms)
			ResolveRequiredComponents (15ms)
	FinalizeReload (2370ms)
		ReleaseScriptCaches (0ms)
		RebuildScriptCaches (0ms)
		SetupLoadedEditorAssemblies (1237ms)
			LogAssemblyErrors (0ms)
			InitializePlatformSupportModulesInManaged (24ms)
			SetLoadedEditorAssemblies (15ms)
			RefreshPlugins (0ms)
			BeforeProcessingInitializeOnLoad (136ms)
			ProcessInitializeOnLoadAttributes (923ms)
			ProcessInitializeOnLoadMethodAttributes (137ms)
			AfterProcessingInitializeOnLoad (2ms)
			EditorAssembliesLoaded (1ms)
		ExecutionOrderSort2 (1ms)
		AwakeInstancesAfterBackupRestoration (43ms)
Refreshing native plugins compatible for Editor in 4.04 ms, found 2 plugins.
Preloading 0 native plugins for Editor in 0.00 ms.
Unloading 5407 Unused Serialized files (Serialized files now loaded: 0)
Unloading 45 unused Assets / (2.7 MB). Loaded Objects now: 6474.
Memory consumption went from 388.2 MB to 385.5 MB.
Total: 8.574791 ms (FindLiveObjects: 0.364333 ms CreateObjectMapping: 0.160500 ms MarkObjects: 7.008167 ms  DeleteObjects: 1.040792 ms)

Prepare: number of updated asset objects reloaded= 0
AssetImportParameters requested are different than current active one (requested -> active):
  custom:container-demuxer-ogg: 62fdf1f143b41e24485cea50d1cbac27 -> 
  custom:video-decoder-ogg-theora: a1e56fd34408186e4bbccfd4996cb3dc -> 
  custom:scripting/monoscript/fileName/DamageText.cs: aaefcd28d501d1d3134b3d2b8b0e09a3 -> 
  custom:CustomObjectIndexerAttribute: 3ead1caaecf1c488f20bcfeb224b6af5 -> 
  custom:container-demuxer-webm: 4f35f7cbe854078d1ac9338744f61a02 -> 
  custom:container-muxer-webm: aa71ff27fc2769a1b78a27578f13a17b -> 
  custom:video-decoder-webm-vp8: 9c59270c3fd7afecdb556c50c9e8de78 -> 
  custom:SearchIndexIgnoredProperties: e643bd26f0fe6173181afceb89e7c659 -> 
  custom:AudioImporter_EditorPlatform: 3918e3fc78b5a79bad01e8451be0beb8 -> 
  custom:scripting/monoscript/fileName/ArmeFlottante.cs: f6e6b68c285c689b35f5bb933184e350 -> 
  custom:framework-osx-AVFoundation: e770b220cccbd017edd2c1fefb359320 -> 
  custom:video-encoder-webm-vp8: eb34c28f22e8b96e1ab97ce403110664 -> 
  custom:audio-decoder-ogg-vorbis: bf7c407c2cedff20999df2af8eb42d56 -> 
  custom:audio-encoder-webm-vorbis: bf7c407c2cedff20999df2af8eb42d56 -> 
  custom:scripting/precompiled-assembly-types:Assembly-CSharp: be87ac9b27ab5aed066af349964935eb -> 6f568ef1cfb45685900e534eb7cdc9ec
========================================================================
Received Prepare
Caller must complete domain reload
Begin MonoManager ReloadAssembly
Thread 0x16cf47000 may have been prematurely finalized
- Loaded All Assemblies, in  0.560 seconds
Native extension for Android target not found
Native extension for OSXStandalone target not found
Mono: successfully reloaded assembly
- Finished resetting the current domain, in  2.238 seconds
Domain Reload Profiling: 2800ms
	BeginReloadAssembly (203ms)
		ExecutionOrderSort (0ms)
		DisableScriptedObjects (9ms)
		BackupInstance (0ms)
		ReleaseScriptingObjects (0ms)
		CreateAndSetChildDomain (78ms)
	RebuildCommonClasses (57ms)
	RebuildNativeTypeToScriptingClass (18ms)
	initialDomainReloadingComplete (32ms)
	LoadAllAssembliesAndSetupDomain (250ms)
		LoadAssemblies (294ms)
		RebuildTransferFunctionScriptingTraits (0ms)
		AnalyzeDomain (27ms)
			TypeCache.Refresh (12ms)
				TypeCache.ScanAssembly (0ms)
			ScanForSourceGeneratedMonoScriptInfo (0ms)
			ResolveRequiredComponents (15ms)
	FinalizeReload (2240ms)
		ReleaseScriptCaches (0ms)
		RebuildScriptCaches (0ms)
		SetupLoadedEditorAssemblies (1156ms)
			LogAssemblyErrors (0ms)
			InitializePlatformSupportModulesInManaged (18ms)
			SetLoadedEditorAssemblies (9ms)
			RefreshPlugins (0ms)
			BeforeProcessingInitializeOnLoad (137ms)
			ProcessInitializeOnLoadAttributes (847ms)
			ProcessInitializeOnLoadMethodAttributes (142ms)
			AfterProcessingInitializeOnLoad (2ms)
			EditorAssembliesLoaded (1ms)
		ExecutionOrderSort2 (0ms)
		AwakeInstancesAfterBackupRestoration (46ms)
Refreshing native plugins compatible for Editor in 4.49 ms, found 2 plugins.
Preloading 0 native plugins for Editor in 0.00 ms.
Unloading 5407 Unused Serialized files (Serialized files now loaded: 0)
Unloading 45 unused Assets / (2.7 MB). Loaded Objects now: 6479.
Memory consumption went from 392.1 MB to 389.4 MB.
Total: 11.777750 ms (FindLiveObjects: 0.545041 ms CreateObjectMapping: 0.245750 ms MarkObjects: 9.481875 ms  DeleteObjects: 1.503584 ms)

Prepare: number of updated asset objects reloaded= 0
AssetImportParameters requested are different than current active one (requested -> active):
  custom:container-demuxer-ogg: 62fdf1f143b41e24485cea50d1cbac27 -> 
  custom:video-decoder-ogg-theora: a1e56fd34408186e4bbccfd4996cb3dc -> 
  custom:scripting/monoscript/fileName/DamageText.cs: aaefcd28d501d1d3134b3d2b8b0e09a3 -> 
  custom:CustomObjectIndexerAttribute: 3ead1caaecf1c488f20bcfeb224b6af5 -> 
  custom:container-demuxer-webm: 4f35f7cbe854078d1ac9338744f61a02 -> 
  custom:container-muxer-webm: aa71ff27fc2769a1b78a27578f13a17b -> 
  custom:video-decoder-webm-vp8: 9c59270c3fd7afecdb556c50c9e8de78 -> 
  custom:SearchIndexIgnoredProperties: e643bd26f0fe6173181afceb89e7c659 -> 
  custom:AudioImporter_EditorPlatform: 3918e3fc78b5a79bad01e8451be0beb8 -> 
  custom:scripting/monoscript/fileName/ArmeFlottante.cs: f6e6b68c285c689b35f5bb933184e350 -> 
  custom:framework-osx-AVFoundation: e770b220cccbd017edd2c1fefb359320 -> 
  custom:video-encoder-webm-vp8: eb34c28f22e8b96e1ab97ce403110664 -> 
  custom:audio-decoder-ogg-vorbis: bf7c407c2cedff20999df2af8eb42d56 -> 
  custom:audio-encoder-webm-vorbis: bf7c407c2cedff20999df2af8eb42d56 -> 
  custom:scripting/precompiled-assembly-types:Assembly-CSharp: be87ac9b27ab5aed066af349964935eb -> 6f568ef1cfb45685900e534eb7cdc9ec
========================================================================
Received Prepare
Caller must complete domain reload
Begin MonoManager ReloadAssembly
Thread 0x16cf47000 may have been prematurely finalized
- Loaded All Assemblies, in  0.682 seconds
Native extension for Android target not found
Native extension for OSXStandalone target not found
Mono: successfully reloaded assembly
- Finished resetting the current domain, in  2.592 seconds
Domain Reload Profiling: 3277ms
	BeginReloadAssembly (263ms)
		ExecutionOrderSort (0ms)
		DisableScriptedObjects (9ms)
		BackupInstance (0ms)
		ReleaseScriptingObjects (0ms)
		CreateAndSetChildDomain (89ms)
	RebuildCommonClasses (72ms)
	RebuildNativeTypeToScriptingClass (24ms)
	initialDomainReloadingComplete (37ms)
	LoadAllAssembliesAndSetupDomain (288ms)
		LoadAssemblies (351ms)
		RebuildTransferFunctionScriptingTraits (0ms)
		AnalyzeDomain (43ms)
			TypeCache.Refresh (25ms)
				TypeCache.ScanAssembly (0ms)
			ScanForSourceGeneratedMonoScriptInfo (0ms)
			ResolveRequiredComponents (17ms)
	FinalizeReload (2593ms)
		ReleaseScriptCaches (0ms)
		RebuildScriptCaches (0ms)
		SetupLoadedEditorAssemblies (1404ms)
			LogAssemblyErrors (0ms)
			InitializePlatformSupportModulesInManaged (35ms)
			SetLoadedEditorAssemblies (14ms)
			RefreshPlugins (0ms)
			BeforeProcessingInitializeOnLoad (192ms)
			ProcessInitializeOnLoadAttributes (1003ms)
			ProcessInitializeOnLoadMethodAttributes (157ms)
			AfterProcessingInitializeOnLoad (2ms)
			EditorAssembliesLoaded (0ms)
		ExecutionOrderSort2 (0ms)
		AwakeInstancesAfterBackupRestoration (39ms)
Refreshing native plugins compatible for Editor in 5.37 ms, found 2 plugins.
Preloading 0 native plugins for Editor in 0.00 ms.
Unloading 5407 Unused Serialized files (Serialized files now loaded: 0)
Unloading 45 unused Assets / (2.7 MB). Loaded Objects now: 6484.
Memory consumption went from 395.9 MB to 393.2 MB.
Total: 10.158333 ms (FindLiveObjects: 0.522791 ms CreateObjectMapping: 0.244625 ms MarkObjects: 8.245083 ms  DeleteObjects: 1.144709 ms)

Prepare: number of updated asset objects reloaded= 0
AssetImportParameters requested are different than current active one (requested -> active):
  custom:container-demuxer-ogg: 62fdf1f143b41e24485cea50d1cbac27 -> 
  custom:video-decoder-ogg-theora: a1e56fd34408186e4bbccfd4996cb3dc -> 
  custom:scripting/monoscript/fileName/DamageText.cs: aaefcd28d501d1d3134b3d2b8b0e09a3 -> 
  custom:CustomObjectIndexerAttribute: 3ead1caaecf1c488f20bcfeb224b6af5 -> 
  custom:container-demuxer-webm: 4f35f7cbe854078d1ac9338744f61a02 -> 
  custom:container-muxer-webm: aa71ff27fc2769a1b78a27578f13a17b -> 
  custom:video-decoder-webm-vp8: 9c59270c3fd7afecdb556c50c9e8de78 -> 
  custom:SearchIndexIgnoredProperties: e643bd26f0fe6173181afceb89e7c659 -> 
  custom:AudioImporter_EditorPlatform: 3918e3fc78b5a79bad01e8451be0beb8 -> 
  custom:scripting/monoscript/fileName/ArmeFlottante.cs: f6e6b68c285c689b35f5bb933184e350 -> 
  custom:framework-osx-AVFoundation: e770b220cccbd017edd2c1fefb359320 -> 
  custom:video-encoder-webm-vp8: eb34c28f22e8b96e1ab97ce403110664 -> 
  custom:audio-decoder-ogg-vorbis: bf7c407c2cedff20999df2af8eb42d56 -> 
  custom:audio-encoder-webm-vorbis: bf7c407c2cedff20999df2af8eb42d56 -> 
  custom:scripting/precompiled-assembly-types:Assembly-CSharp: be87ac9b27ab5aed066af349964935eb -> 6f568ef1cfb45685900e534eb7cdc9ec
========================================================================
Received Prepare
Caller must complete domain reload
Begin MonoManager ReloadAssembly
Thread 0x16cf47000 may have been prematurely finalized
- Loaded All Assemblies, in  0.668 seconds
Native extension for Android target not found
Native extension for OSXStandalone target not found
Mono: successfully reloaded assembly
- Finished resetting the current domain, in  2.533 seconds
Domain Reload Profiling: 3204ms
	BeginReloadAssembly (234ms)
		ExecutionOrderSort (0ms)
		DisableScriptedObjects (7ms)
		BackupInstance (0ms)
		ReleaseScriptingObjects (2ms)
		CreateAndSetChildDomain (88ms)
	RebuildCommonClasses (58ms)
	RebuildNativeTypeToScriptingClass (21ms)
	initialDomainReloadingComplete (44ms)
	LoadAllAssembliesAndSetupDomain (314ms)
		LoadAssemblies (371ms)
		RebuildTransferFunctionScriptingTraits (0ms)
		AnalyzeDomain (31ms)
			TypeCache.Refresh (14ms)
				TypeCache.ScanAssembly (0ms)
			ScanForSourceGeneratedMonoScriptInfo (0ms)
			ResolveRequiredComponents (16ms)
	FinalizeReload (2534ms)
		ReleaseScriptCaches (0ms)
		RebuildScriptCaches (0ms)
		SetupLoadedEditorAssemblies (1324ms)
			LogAssemblyErrors (0ms)
			InitializePlatformSupportModulesInManaged (22ms)
			SetLoadedEditorAssemblies (11ms)
			RefreshPlugins (0ms)
			BeforeProcessingInitializeOnLoad (158ms)
			ProcessInitializeOnLoadAttributes (984ms)
			ProcessInitializeOnLoadMethodAttributes (146ms)
			AfterProcessingInitializeOnLoad (2ms)
			EditorAssembliesLoaded (0ms)
		ExecutionOrderSort2 (0ms)
		AwakeInstancesAfterBackupRestoration (44ms)
Refreshing native plugins compatible for Editor in 4.41 ms, found 2 plugins.
Preloading 0 native plugins for Editor in 0.00 ms.
Unloading 5407 Unused Serialized files (Serialized files now loaded: 0)
Unloading 45 unused Assets / (2.7 MB). Loaded Objects now: 6489.
Memory consumption went from 399.8 MB to 397.1 MB.
Total: 12.452542 ms (FindLiveObjects: 0.602167 ms CreateObjectMapping: 0.286084 ms MarkObjects: 9.668417 ms  DeleteObjects: 1.894666 ms)

Prepare: number of updated asset objects reloaded= 0
AssetImportParameters requested are different than current active one (requested -> active):
  custom:container-demuxer-ogg: 62fdf1f143b41e24485cea50d1cbac27 -> 
  custom:video-decoder-ogg-theora: a1e56fd34408186e4bbccfd4996cb3dc -> 
  custom:scripting/monoscript/fileName/DamageText.cs: aaefcd28d501d1d3134b3d2b8b0e09a3 -> 
  custom:CustomObjectIndexerAttribute: 3ead1caaecf1c488f20bcfeb224b6af5 -> 
  custom:container-demuxer-webm: 4f35f7cbe854078d1ac9338744f61a02 -> 
  custom:container-muxer-webm: aa71ff27fc2769a1b78a27578f13a17b -> 
  custom:video-decoder-webm-vp8: 9c59270c3fd7afecdb556c50c9e8de78 -> 
  custom:SearchIndexIgnoredProperties: e643bd26f0fe6173181afceb89e7c659 -> 
  custom:AudioImporter_EditorPlatform: 3918e3fc78b5a79bad01e8451be0beb8 -> 
  custom:scripting/monoscript/fileName/ArmeFlottante.cs: f6e6b68c285c689b35f5bb933184e350 -> 
  custom:framework-osx-AVFoundation: e770b220cccbd017edd2c1fefb359320 -> 
  custom:video-encoder-webm-vp8: eb34c28f22e8b96e1ab97ce403110664 -> 
  custom:audio-decoder-ogg-vorbis: bf7c407c2cedff20999df2af8eb42d56 -> 
  custom:audio-encoder-webm-vorbis: bf7c407c2cedff20999df2af8eb42d56 -> 
  custom:scripting/precompiled-assembly-types:Assembly-CSharp: be87ac9b27ab5aed066af349964935eb -> 6f568ef1cfb45685900e534eb7cdc9ec
========================================================================
Received Import Request.
  Time since last request: 1185.403754 seconds.
  path: Assets/Scenes/Animations_TD/Orc Idle.fbx
  artifactKey: Guid(2135e6dd9c5a045c3a04eb8d4373c2fa) Importer(815301076,1909f56bfc062723c751e8b465ee728b)
Start importing Assets/Scenes/Animations_TD/Orc Idle.fbx using Guid(2135e6dd9c5a045c3a04eb8d4373c2fa) Importer(815301076,1909f56bfc062723c751e8b465ee728b) [PhysX] Initialized MultithreadedTaskDispatcher with 8 workers.
[PhysX] Initialized MultithreadedTaskDispatcher with 8 workers.
[PhysX] Initialized MultithreadedTaskDispatcher with 8 workers.
[PhysX] Initialized MultithreadedTaskDispatcher with 8 workers.
[PhysX] Initialized MultithreadedTaskDispatcher with 8 workers.
 -> (artifact id: '18b6e71778e674240454d67c8e2f0551') in 0.873704 seconds
Number of updated asset objects reloaded before import = 0
Number of asset objects unloaded after import = 127
========================================================================
Received Import Request.
  Time since last request: 36.509361 seconds.
  path: Assets/Scenes/Animations_TD/Mesh_Hades.zip
  artifactKey: Guid(23fb31d87288c4f1bb157bf532100723) Importer(815301076,1909f56bfc062723c751e8b465ee728b)
Start importing Assets/Scenes/Animations_TD/Mesh_Hades.zip using Guid(23fb31d87288c4f1bb157bf532100723) Importer(815301076,1909f56bfc062723c751e8b465ee728b) [PhysX] Initialized MultithreadedTaskDispatcher with 8 workers.
 -> (artifact id: '8e0e5f5016e3b71493c91d0dad7e0637') in 0.031867 seconds
Number of updated asset objects reloaded before import = 0
Number of asset objects unloaded after import = 1
========================================================================
Received Import Request.
  Time since last request: 23.108681 seconds.
  path: Assets/Scenes/Animations_TD/Meshy_AI_Warrior_of_the_Underw_0119010351_texture_fbx
  artifactKey: Guid(583ed7867b22e41fa8edfaf12686107c) Importer(815301076,1909f56bfc062723c751e8b465ee728b)
Start importing Assets/Scenes/Animations_TD/Meshy_AI_Warrior_of_the_Underw_0119010351_texture_fbx using Guid(583ed7867b22e41fa8edfaf12686107c) Importer(815301076,1909f56bfc062723c751e8b465ee728b) [PhysX] Initialized MultithreadedTaskDispatcher with 8 workers.
 -> (artifact id: '6122c4a400b35f7933353d1b5a044a65') in 0.002584 seconds
Number of updated asset objects reloaded before import = 0
Number of asset objects unloaded after import = 0
========================================================================
Received Import Request.
  Time since last request: 7.843779 seconds.
  path: Assets/Scenes/Animations_TD/Meshy_AI_Warrior_of_the_Underw_0119010351_texture_fbx/Meshy_AI_Warrior_of_the_Underw_0119010351_texture.fbx
  artifactKey: Guid(a1edd40d2391a4801b27c531bb5e95b9) Importer(815301076,1909f56bfc062723c751e8b465ee728b)
Start importing Assets/Scenes/Animations_TD/Meshy_AI_Warrior_of_the_Underw_0119010351_texture_fbx/Meshy_AI_Warrior_of_the_Underw_0119010351_texture.fbx using Guid(a1edd40d2391a4801b27c531bb5e95b9) Importer(815301076,1909f56bfc062723c751e8b465ee728b) [PhysX] Initialized MultithreadedTaskDispatcher with 8 workers.
[PhysX] Initialized MultithreadedTaskDispatcher with 8 workers.
[PhysX] Initialized MultithreadedTaskDispatcher with 8 workers.
[PhysX] Initialized MultithreadedTaskDispatcher with 8 workers.
 -> (artifact id: '104518dc131b94cd1f573f9fa69f02e6') in 0.172351 seconds
Number of updated asset objects reloaded before import = 0
Number of asset objects unloaded after import = 9
========================================================================
Received Import Request.
  Time since last request: 0.000056 seconds.
  path: Assets/Scenes/Animations_TD/Meshy_AI_Warrior_of_the_Underw_0119010351_texture_fbx/Meshy_AI_Warrior_of_the_Underw_0119010351_texture_roughness.png
  artifactKey: Guid(68512f8a0aa5a4649951d3e061ad0eb7) Importer(815301076,1909f56bfc062723c751e8b465ee728b)
Start importing Assets/Scenes/Animations_TD/Meshy_AI_Warrior_of_the_Underw_0119010351_texture_fbx/Meshy_AI_Warrior_of_the_Underw_0119010351_texture_roughness.png using Guid(68512f8a0aa5a4649951d3e061ad0eb7) Importer(815301076,1909f56bfc062723c751e8b465ee728b) [PhysX] Initialized MultithreadedTaskDispatcher with 8 workers.
[PhysX] Initialized MultithreadedTaskDispatcher with 8 workers.
 -> (artifact id: '184f09b937d201be66931eabd0039a99') in 0.086115 seconds
Number of updated asset objects reloaded before import = 0
Number of asset objects unloaded after import = 2
========================================================================
Received Import Request.
  Time since last request: 0.000364 seconds.
  path: Assets/Scenes/Animations_TD/Meshy_AI_Warrior_of_the_Underw_0119010351_texture_fbx/Meshy_AI_Warrior_of_the_Underw_0119010351_texture_metallic.png
  artifactKey: Guid(01005f5cda8ef470e911d837c7bfd42b) Importer(815301076,1909f56bfc062723c751e8b465ee728b)
Start importing Assets/Scenes/Animations_TD/Meshy_AI_Warrior_of_the_Underw_0119010351_texture_fbx/Meshy_AI_Warrior_of_the_Underw_0119010351_texture_metallic.png using Guid(01005f5cda8ef470e911d837c7bfd42b) Importer(815301076,1909f56bfc062723c751e8b465ee728b) [PhysX] Initialized MultithreadedTaskDispatcher with 8 workers.
[PhysX] Initialized MultithreadedTaskDispatcher with 8 workers.
 -> (artifact id: 'fd71952838e272738b3f2fb5f8da0761') in 0.012012 seconds
Number of updated asset objects reloaded before import = 0
Number of asset objects unloaded after import = 2
========================================================================
Received Import Request.
  Time since last request: 0.000198 seconds.
  path: Assets/Scenes/Animations_TD/Meshy_AI_Warrior_of_the_Underw_0119010351_texture_fbx/Meshy_AI_Warrior_of_the_Underw_0119010351_texture_normal.png
  artifactKey: Guid(6826fd4bb43cf4f958d5c450c17a4e8f) Importer(815301076,1909f56bfc062723c751e8b465ee728b)
Start importing Assets/Scenes/Animations_TD/Meshy_AI_Warrior_of_the_Underw_0119010351_texture_fbx/Meshy_AI_Warrior_of_the_Underw_0119010351_texture_normal.png using Guid(6826fd4bb43cf4f958d5c450c17a4e8f) Importer(815301076,1909f56bfc062723c751e8b465ee728b) [PhysX] Initialized MultithreadedTaskDispatcher with 8 workers.
[PhysX] Initialized MultithreadedTaskDispatcher with 8 workers.
 -> (artifact id: '3e9071e4f8117cb367a7f304e6ab16e2') in 0.018174 seconds
Number of updated asset objects reloaded before import = 0
Number of asset objects unloaded after import = 2
========================================================================
Received Import Request.
  Time since last request: 37.528764 seconds.
  path: Assets/Scenes/Animations_TD/Orc Idle 1.fbx
  artifactKey: Guid(4517d7acd64b448b9b4080b8548eb4a2) Importer(815301076,1909f56bfc062723c751e8b465ee728b)
Start importing Assets/Scenes/Animations_TD/Orc Idle 1.fbx using Guid(4517d7acd64b448b9b4080b8548eb4a2) Importer(815301076,1909f56bfc062723c751e8b465ee728b) [PhysX] Initialized MultithreadedTaskDispatcher with 8 workers.
[PhysX] Initialized MultithreadedTaskDispatcher with 8 workers.
[PhysX] Initialized MultithreadedTaskDispatcher with 8 workers.
[PhysX] Initialized MultithreadedTaskDispatcher with 8 workers.
[PhysX] Initialized MultithreadedTaskDispatcher with 8 workers.
 -> (artifact id: '2d1c18119299f17501d4b98ba33f00b3') in 0.380742 seconds
Number of updated asset objects reloaded before import = 0
Number of asset objects unloaded after import = 109
========================================================================
Received Import Request.
  Time since last request: 293.040703 seconds.
  path: Assets/Scenes/Maison_Hades.scenetemplate
  artifactKey: Guid(da305f8319132421c9097ed7445d25da) Importer(815301076,1909f56bfc062723c751e8b465ee728b)
Start importing Assets/Scenes/Maison_Hades.scenetemplate using Guid(da305f8319132421c9097ed7445d25da) Importer(815301076,1909f56bfc062723c751e8b465ee728b) [PhysX] Initialized MultithreadedTaskDispatcher with 8 workers.
Calls to "AssetDatabase.SaveAssets" are restricted during asset importing. 
UnityEngine.StackTraceUtility:ExtractStackTrace () (at /Users/bokken/build/output/unity/unity/Runtime/Export/Scripting/StackTrace.cs:37)
UnityEditor.SceneTemplate.SceneTemplateAsset:UpdateDependencies () (at /Users/bokken/build/output/unity/unity/Modules/SceneTemplateEditor/SceneTemplateAsset.cs:122)
UnityEditor.SceneTemplate.SceneTemplateAssetInspectorWindow:UpdateSceneTemplateAsset () (at /Users/bokken/build/output/unity/unity/Modules/SceneTemplateEditor/SceneTemplateAssetInspectorWindow.cs:347)
UnityEditor.SceneTemplate.SceneTemplateAssetInspectorWindow:OnEnable () (at /Users/bokken/build/output/unity/unity/Modules/SceneTemplateEditor/SceneTemplateAssetInspectorWindow.cs:247)
UnityEditor.Editor:CreateEditorWithContext (UnityEngine.Object[],UnityEngine.Object,System.Type) (at /Users/bokken/build/output/unity/unity/Editor/Mono/Inspector/Editor.cs:590)
UnityEditor.Editor:CreateEditor (UnityEngine.Object,System.Type) (at /Users/bokken/build/output/unity/unity/Editor/Mono/Inspector/Editor.cs:634)
UnityEditor.Editor:CreateEditor (UnityEngine.Object) (at /Users/bokken/build/output/unity/unity/Editor/Mono/Inspector/Editor.cs:629)
UnityEditor.AssetPreviewUpdater:CreatePreview (UnityEngine.Object,UnityEngine.Object[],string,int,int) (at /Users/bokken/build/output/unity/unity/Editor/Mono/AssetPreviewUpdater.cs:34)
UnityEditor.AssetPreviewUpdater:CreatePreviewForAsset (UnityEngine.Object,UnityEngine.Object[],string) (at /Users/bokken/build/output/unity/unity/Editor/Mono/AssetPreviewUpdater.cs:11)

[/Users/bokken/build/output/unity/unity/Runtime/Export/Scripting/StackTrace.cs line 37]

UnityException: Calls to "AssetDatabase.SaveAssets" are restricted during asset importing. 
  at (wrapper managed-to-native) UnityEditor.AssetDatabase.SaveAssets()
  at UnityEditor.SceneTemplate.SceneTemplateAsset.UpdateDependencies () [0x00109] in /Users/bokken/build/output/unity/unity/Modules/SceneTemplateEditor/SceneTemplateAsset.cs:122 
  at UnityEditor.SceneTemplate.SceneTemplateAssetInspectorWindow.UpdateSceneTemplateAsset () [0x00012] in /Users/bokken/build/output/unity/unity/Modules/SceneTemplateEditor/SceneTemplateAssetInspectorWindow.cs:347 
  at UnityEditor.SceneTemplate.SceneTemplateAssetInspectorWindow.OnEnable () [0x00011] in /Users/bokken/build/output/unity/unity/Modules/SceneTemplateEditor/SceneTemplateAssetInspectorWindow.cs:247 
UnityEditor.Editor:CreateEditorWithContextInternal(Object[], Object, Type)
UnityEditor.Editor:CreateEditorWithContext(Object[], Object, Type) (at /Users/bokken/build/output/unity/unity/Editor/Mono/Inspector/Editor.cs:590)
UnityEditor.Editor:CreateEditor(Object, Type) (at /Users/bokken/build/output/unity/unity/Editor/Mono/Inspector/Editor.cs:634)
UnityEditor.Editor:CreateEditor(Object) (at /Users/bokken/build/output/unity/unity/Editor/Mono/Inspector/Editor.cs:629)
UnityEditor.AssetPreviewUpdater:CreatePreview(Object, Object[], String, Int32, Int32) (at /Users/bokken/build/output/unity/unity/Editor/Mono/AssetPreviewUpdater.cs:34)
UnityEditor.AssetPreviewUpdater:CreatePreviewForAsset(Object, Object[], String) (at /Users/bokken/build/output/unity/unity/Editor/Mono/AssetPreviewUpdater.cs:11)

(Filename: /Users/bokken/build/output/unity/unity/Modules/SceneTemplateEditor/SceneTemplateAsset.cs Line: 122)

 -> (artifact id: 'b5506f1cd4a3acd08644f3ad27d3751e') in 1.001140 seconds
Number of updated asset objects reloaded before import = 0
Number of asset objects unloaded after import = 539
========================================================================
Received Prepare
Caller must complete domain reload
Begin MonoManager ReloadAssembly
Thread 0x16cf47000 may have been prematurely finalized
- Loaded All Assemblies, in  1.118 seconds
Native extension for Android target not found
Native extension for OSXStandalone target not found
Mono: successfully reloaded assembly
- Finished resetting the current domain, in  4.058 seconds
Domain Reload Profiling: 5181ms
	BeginReloadAssembly (431ms)
		ExecutionOrderSort (0ms)
		DisableScriptedObjects (37ms)
		BackupInstance (0ms)
		ReleaseScriptingObjects (0ms)
		CreateAndSetChildDomain (166ms)
	RebuildCommonClasses (65ms)
	RebuildNativeTypeToScriptingClass (20ms)
	initialDomainReloadingComplete (37ms)
	LoadAllAssembliesAndSetupDomain (568ms)
		LoadAssemblies (686ms)
		RebuildTransferFunctionScriptingTraits (0ms)
		AnalyzeDomain (39ms)
			TypeCache.Refresh (16ms)
				TypeCache.ScanAssembly (0ms)
			ScanForSourceGeneratedMonoScriptInfo (0ms)
			ResolveRequiredComponents (23ms)
	FinalizeReload (4060ms)
		ReleaseScriptCaches (0ms)
		RebuildScriptCaches (0ms)
		SetupLoadedEditorAssemblies (1658ms)
			LogAssemblyErrors (0ms)
			InitializePlatformSupportModulesInManaged (51ms)
			SetLoadedEditorAssemblies (15ms)
			RefreshPlugins (0ms)
			BeforeProcessingInitializeOnLoad (249ms)
			ProcessInitializeOnLoadAttributes (1201ms)
			ProcessInitializeOnLoadMethodAttributes (138ms)
			AfterProcessingInitializeOnLoad (2ms)
			EditorAssembliesLoaded (0ms)
		ExecutionOrderSort2 (0ms)
		AwakeInstancesAfterBackupRestoration (45ms)
Refreshing native plugins compatible for Editor in 5.64 ms, found 2 plugins.
Preloading 0 native plugins for Editor in 0.00 ms.
Unloading 5407 Unused Serialized files (Serialized files now loaded: 0)
Unloading 45 unused Assets / (2.7 MB). Loaded Objects now: 6531.
Memory consumption went from 406.9 MB to 404.2 MB.
Total: 12.231500 ms (FindLiveObjects: 0.560875 ms CreateObjectMapping: 0.255625 ms MarkObjects: 9.426708 ms  DeleteObjects: 1.987083 ms)

Prepare: number of updated asset objects reloaded= 0
AssetImportParameters requested are different than current active one (requested -> active):
  custom:container-demuxer-ogg: 62fdf1f143b41e24485cea50d1cbac27 -> 
  custom:video-decoder-ogg-theora: a1e56fd34408186e4bbccfd4996cb3dc -> 
  custom:scripting/monoscript/fileName/DamageText.cs: aaefcd28d501d1d3134b3d2b8b0e09a3 -> 
  custom:CustomObjectIndexerAttribute: 3ead1caaecf1c488f20bcfeb224b6af5 -> 
  custom:container-demuxer-webm: 4f35f7cbe854078d1ac9338744f61a02 -> 
  custom:container-muxer-webm: aa71ff27fc2769a1b78a27578f13a17b -> 
  custom:video-decoder-webm-vp8: 9c59270c3fd7afecdb556c50c9e8de78 -> 
  custom:SearchIndexIgnoredProperties: e643bd26f0fe6173181afceb89e7c659 -> 
  custom:AudioImporter_EditorPlatform: 3918e3fc78b5a79bad01e8451be0beb8 -> 
  custom:scripting/monoscript/fileName/ArmeFlottante.cs: f6e6b68c285c689b35f5bb933184e350 -> 
  custom:framework-osx-AVFoundation: e770b220cccbd017edd2c1fefb359320 -> 
  custom:video-encoder-webm-vp8: eb34c28f22e8b96e1ab97ce403110664 -> 
  custom:audio-decoder-ogg-vorbis: bf7c407c2cedff20999df2af8eb42d56 -> 
  custom:audio-encoder-webm-vorbis: bf7c407c2cedff20999df2af8eb42d56 -> 
  custom:scripting/precompiled-assembly-types:Assembly-CSharp: be87ac9b27ab5aed066af349964935eb -> 6f568ef1cfb45685900e534eb7cdc9ec
========================================================================
Received Prepare
Caller must complete domain reload
Begin MonoManager ReloadAssembly
Thread 0x16cf47000 may have been prematurely finalized
- Loaded All Assemblies, in  0.542 seconds
Native extension for Android target not found
Native extension for OSXStandalone target not found
Mono: successfully reloaded assembly
- Finished resetting the current domain, in  2.359 seconds
Domain Reload Profiling: 2905ms
	BeginReloadAssembly (208ms)
		ExecutionOrderSort (0ms)
		DisableScriptedObjects (6ms)
		BackupInstance (0ms)
		ReleaseScriptingObjects (0ms)
		CreateAndSetChildDomain (88ms)
	RebuildCommonClasses (50ms)
	RebuildNativeTypeToScriptingClass (14ms)
	initialDomainReloadingComplete (31ms)
	LoadAllAssembliesAndSetupDomain (243ms)
		LoadAssemblies (273ms)
		RebuildTransferFunctionScriptingTraits (0ms)
		AnalyzeDomain (28ms)
			TypeCache.Refresh (12ms)
				TypeCache.ScanAssembly (0ms)
			ScanForSourceGeneratedMonoScriptInfo (0ms)
			ResolveRequiredComponents (14ms)
	FinalizeReload (2360ms)
		ReleaseScriptCaches (0ms)
		RebuildScriptCaches (0ms)
		SetupLoadedEditorAssemblies (1124ms)
			LogAssemblyErrors (0ms)
			InitializePlatformSupportModulesInManaged (15ms)
			SetLoadedEditorAssemblies (8ms)
			RefreshPlugins (0ms)
			BeforeProcessingInitializeOnLoad (113ms)
			ProcessInitializeOnLoadAttributes (836ms)
			ProcessInitializeOnLoadMethodAttributes (148ms)
			AfterProcessingInitializeOnLoad (2ms)
			EditorAssembliesLoaded (0ms)
		ExecutionOrderSort2 (0ms)
		AwakeInstancesAfterBackupRestoration (53ms)
Refreshing native plugins compatible for Editor in 3.29 ms, found 2 plugins.
Preloading 0 native plugins for Editor in 0.00 ms.
Unloading 5407 Unused Serialized files (Serialized files now loaded: 0)
Unloading 45 unused Assets / (2.7 MB). Loaded Objects now: 6536.
Memory consumption went from 410.7 MB to 408.0 MB.
Total: 14.038292 ms (FindLiveObjects: 0.728208 ms CreateObjectMapping: 0.305375 ms MarkObjects: 10.749792 ms  DeleteObjects: 2.253875 ms)

Prepare: number of updated asset objects reloaded= 0
AssetImportParameters requested are different than current active one (requested -> active):
  custom:container-demuxer-ogg: 62fdf1f143b41e24485cea50d1cbac27 -> 
  custom:video-decoder-ogg-theora: a1e56fd34408186e4bbccfd4996cb3dc -> 
  custom:scripting/monoscript/fileName/DamageText.cs: aaefcd28d501d1d3134b3d2b8b0e09a3 -> 
  custom:CustomObjectIndexerAttribute: 3ead1caaecf1c488f20bcfeb224b6af5 -> 
  custom:container-demuxer-webm: 4f35f7cbe854078d1ac9338744f61a02 -> 
  custom:container-muxer-webm: aa71ff27fc2769a1b78a27578f13a17b -> 
  custom:video-decoder-webm-vp8: 9c59270c3fd7afecdb556c50c9e8de78 -> 
  custom:SearchIndexIgnoredProperties: e643bd26f0fe6173181afceb89e7c659 -> 
  custom:AudioImporter_EditorPlatform: 3918e3fc78b5a79bad01e8451be0beb8 -> 
  custom:scripting/monoscript/fileName/ArmeFlottante.cs: f6e6b68c285c689b35f5bb933184e350 -> 
  custom:framework-osx-AVFoundation: e770b220cccbd017edd2c1fefb359320 -> 
  custom:video-encoder-webm-vp8: eb34c28f22e8b96e1ab97ce403110664 -> 
  custom:audio-decoder-ogg-vorbis: bf7c407c2cedff20999df2af8eb42d56 -> 
  custom:audio-encoder-webm-vorbis: bf7c407c2cedff20999df2af8eb42d56 -> 
  custom:scripting/precompiled-assembly-types:Assembly-CSharp: be87ac9b27ab5aed066af349964935eb -> 6f568ef1cfb45685900e534eb7cdc9ec
========================================================================
Received Import Request.
  Time since last request: 282.484113 seconds.
  path: Assets/Scenes/Animations_TD/Orc Idle.fbx
  artifactKey: Guid(2135e6dd9c5a045c3a04eb8d4373c2fa) Importer(815301076,1909f56bfc062723c751e8b465ee728b)
Start importing Assets/Scenes/Animations_TD/Orc Idle.fbx using Guid(2135e6dd9c5a045c3a04eb8d4373c2fa) Importer(815301076,1909f56bfc062723c751e8b465ee728b) [PhysX] Initialized MultithreadedTaskDispatcher with 8 workers.
[PhysX] Initialized MultithreadedTaskDispatcher with 8 workers.
[PhysX] Initialized MultithreadedTaskDispatcher with 8 workers.
[PhysX] Initialized MultithreadedTaskDispatcher with 8 workers.
[PhysX] Initialized MultithreadedTaskDispatcher with 8 workers.
 -> (artifact id: 'd0f9cfed54fc589245cc17d53324dcd7') in 0.831543 seconds
Number of updated asset objects reloaded before import = 0
Number of asset objects unloaded after import = 127
========================================================================
Received Import Request.
  Time since last request: 356.511734 seconds.
  path: Assets/Scenes/Animations_TD/cerberus.zip
  artifactKey: Guid(6f3e827880fc64759b22fb4e37a19ad4) Importer(815301076,1909f56bfc062723c751e8b465ee728b)
Start importing Assets/Scenes/Animations_TD/cerberus.zip using Guid(6f3e827880fc64759b22fb4e37a19ad4) Importer(815301076,1909f56bfc062723c751e8b465ee728b) [PhysX] Initialized MultithreadedTaskDispatcher with 8 workers.
 -> (artifact id: '6932ff872e9e97544b3d9e1fd7259b48') in 0.014167 seconds
Number of updated asset objects reloaded before import = 0
Number of asset objects unloaded after import = 1
========================================================================
Received Import Request.
  Time since last request: 27.541830 seconds.
  path: Assets/Scenes/Animations_TD/Meshy_AI_quadruped
  artifactKey: Guid(c4b54044387654b89a5284ac3735160e) Importer(815301076,1909f56bfc062723c751e8b465ee728b)
Start importing Assets/Scenes/Animations_TD/Meshy_AI_quadruped using Guid(c4b54044387654b89a5284ac3735160e) Importer(815301076,1909f56bfc062723c751e8b465ee728b) [PhysX] Initialized MultithreadedTaskDispatcher with 8 workers.
 -> (artifact id: '34baaa7fa12f4839c2f2a5c3f4083eb7') in 0.004181 seconds
Number of updated asset objects reloaded before import = 0
Number of asset objects unloaded after import = 0
========================================================================
Received Import Request.
  Time since last request: 1.284824 seconds.
  path: Assets/Scenes/Animations_TD/Meshy_AI_quadruped/Meshy_AI_model_Animation_Walking_withSkin.fbx
  artifactKey: Guid(25e02d948936d4478849aad82de49b62) Importer(815301076,1909f56bfc062723c751e8b465ee728b)
Start importing Assets/Scenes/Animations_TD/Meshy_AI_quadruped/Meshy_AI_model_Animation_Walking_withSkin.fbx using Guid(25e02d948936d4478849aad82de49b62) Importer(815301076,1909f56bfc062723c751e8b465ee728b) [PhysX] Initialized MultithreadedTaskDispatcher with 8 workers.
[PhysX] Initialized MultithreadedTaskDispatcher with 8 workers.
[PhysX] Initialized MultithreadedTaskDispatcher with 8 workers.
[PhysX] Initialized MultithreadedTaskDispatcher with 8 workers.
[PhysX] Initialized MultithreadedTaskDispatcher with 8 workers.
 -> (artifact id: 'd89f28b7ad863388c82eaa0be78bea74') in 0.167959 seconds
Number of updated asset objects reloaded before import = 0
Number of asset objects unloaded after import = 67
========================================================================
Received Import Request.
  Time since last request: 0.000053 seconds.
  path: Assets/Scenes/Animations_TD/Meshy_AI_quadruped/Meshy_AI_texture_0_normal.png
  artifactKey: Guid(0d3596be400704e7b8f9f9405b056175) Importer(815301076,1909f56bfc062723c751e8b465ee728b)
Start importing Assets/Scenes/Animations_TD/Meshy_AI_quadruped/Meshy_AI_texture_0_normal.png using Guid(0d3596be400704e7b8f9f9405b056175) Importer(815301076,1909f56bfc062723c751e8b465ee728b) [PhysX] Initialized MultithreadedTaskDispatcher with 8 workers.
[PhysX] Initialized MultithreadedTaskDispatcher with 8 workers.
 -> (artifact id: '54d9767ac3b5b9643dddc87eae19e67b') in 0.209535 seconds
Number of updated asset objects reloaded before import = 0
Number of asset objects unloaded after import = 2
========================================================================
Received Import Request.
  Time since last request: 0.000180 seconds.
  path: Assets/Scenes/Animations_TD/Meshy_AI_quadruped/Meshy_AI_texture_0_roughness.png
  artifactKey: Guid(0a5bbde5a23e44f27a8b4b292068f10c) Importer(815301076,1909f56bfc062723c751e8b465ee728b)
Start importing Assets/Scenes/Animations_TD/Meshy_AI_quadruped/Meshy_AI_texture_0_roughness.png using Guid(0a5bbde5a23e44f27a8b4b292068f10c) Importer(815301076,1909f56bfc062723c751e8b465ee728b) [PhysX] Initialized MultithreadedTaskDispatcher with 8 workers.
[PhysX] Initialized MultithreadedTaskDispatcher with 8 workers.
 -> (artifact id: '640f8fac4e12af64dce62b16adad4922') in 0.041944 seconds
Number of updated asset objects reloaded before import = 0
Number of asset objects unloaded after import = 2
========================================================================
Received Import Request.
  Time since last request: 201.411553 seconds.
  path: Assets/Scenes/Animations_TD/Meshy_AI_quadruped/Materials
  artifactKey: Guid(b71b3e287fd844672b1fc65bf7c31ed8) Importer(815301076,1909f56bfc062723c751e8b465ee728b)
Start importing Assets/Scenes/Animations_TD/Meshy_AI_quadruped/Materials using Guid(b71b3e287fd844672b1fc65bf7c31ed8) Importer(815301076,1909f56bfc062723c751e8b465ee728b) [PhysX] Initialized MultithreadedTaskDispatcher with 8 workers.
 -> (artifact id: '9193c38f955700116060ad36df2f2b83') in 0.002563 seconds
Number of updated asset objects reloaded before import = 0
Number of asset objects unloaded after import = 0
========================================================================
Received Import Request.
  Time since last request: 0.037641 seconds.
  path: Assets/Scenes/Animations_TD/Meshy_AI_quadruped/Materials/Meshy_AI_texture_0_metallic.mat
  artifactKey: Guid(65ce15fe4cab04a76a9d4021e24d1091) Importer(815301076,1909f56bfc062723c751e8b465ee728b)
Start importing Assets/Scenes/Animations_TD/Meshy_AI_quadruped/Materials/Meshy_AI_texture_0_metallic.mat using Guid(65ce15fe4cab04a76a9d4021e24d1091) Importer(815301076,1909f56bfc062723c751e8b465ee728b) [PhysX] Initialized MultithreadedTaskDispatcher with 8 workers.
[PhysX] Initialized MultithreadedTaskDispatcher with 8 workers.
 -> (artifact id: '963914158634882c0f770f6156b32486') in 0.065556 seconds
Number of updated asset objects reloaded before import = 0
Number of asset objects unloaded after import = 3
========================================================================
Received Import Request.
  Time since last request: 0.000062 seconds.
  path: Assets/Scenes/Animations_TD/Meshy_AI_quadruped/Materials/Meshy_AI_texture_0_roughness.mat
  artifactKey: Guid(de25db7266aff4e0d8f8d9152333e7cd) Importer(815301076,1909f56bfc062723c751e8b465ee728b)
Start importing Assets/Scenes/Animations_TD/Meshy_AI_quadruped/Materials/Meshy_AI_texture_0_roughness.mat using Guid(de25db7266aff4e0d8f8d9152333e7cd) Importer(815301076,1909f56bfc062723c751e8b465ee728b) [PhysX] Initialized MultithreadedTaskDispatcher with 8 workers.
[PhysX] Initialized MultithreadedTaskDispatcher with 8 workers.
 -> (artifact id: '317d011c422c6bafbb21a6c641b21823') in 0.018007 seconds
Number of updated asset objects reloaded before import = 0
Number of asset objects unloaded after import = 3
========================================================================
Received Import Request.
  Time since last request: 130.803859 seconds.
  path: Assets/Scenes/Animations_TD/Meshy_AI_quadruped/Meshy_AI_Cerberus_Inferno_0119032321_texture_fbx.zip
  artifactKey: Guid(f2b8ccaa195254f89a1d1bea6e8705cf) Importer(815301076,1909f56bfc062723c751e8b465ee728b)
Start importing Assets/Scenes/Animations_TD/Meshy_AI_quadruped/Meshy_AI_Cerberus_Inferno_0119032321_texture_fbx.zip using Guid(f2b8ccaa195254f89a1d1bea6e8705cf) Importer(815301076,1909f56bfc062723c751e8b465ee728b) [PhysX] Initialized MultithreadedTaskDispatcher with 8 workers.
 -> (artifact id: 'd7a4300fd1adf3155d7d5dd231f0afd0') in 0.008302 seconds
Number of updated asset objects reloaded before import = 0
Number of asset objects unloaded after import = 1
========================================================================
Received Import Request.
  Time since last request: 1.473591 seconds.
  path: Assets/Scenes/Animations_TD/Meshy_AI_quadruped/Meshy_AI_Cerberus_Inferno_0119032321_texture_fbx
  artifactKey: Guid(f9f333b2f374d4d05bda455affdc4c4b) Importer(815301076,1909f56bfc062723c751e8b465ee728b)
Start importing Assets/Scenes/Animations_TD/Meshy_AI_quadruped/Meshy_AI_Cerberus_Inferno_0119032321_texture_fbx using Guid(f9f333b2f374d4d05bda455affdc4c4b) Importer(815301076,1909f56bfc062723c751e8b465ee728b) [PhysX] Initialized MultithreadedTaskDispatcher with 8 workers.
 -> (artifact id: '111d53a16da37dbad02e92e828a030b3') in 0.001308 seconds
Number of updated asset objects reloaded before import = 0
Number of asset objects unloaded after import = 0
========================================================================
Received Import Request.
  Time since last request: 0.345120 seconds.
  path: Assets/Scenes/Animations_TD/Meshy_AI_quadruped/Meshy_AI_Cerberus_Inferno_0119032321_texture_fbx/Meshy_AI_Cerberus_Inferno_0119032321_texture.fbx
  artifactKey: Guid(0dabca985fdc34d36a186ae5d2c5f280) Importer(815301076,1909f56bfc062723c751e8b465ee728b)
Start importing Assets/Scenes/Animations_TD/Meshy_AI_quadruped/Meshy_AI_Cerberus_Inferno_0119032321_texture_fbx/Meshy_AI_Cerberus_Inferno_0119032321_texture.fbx using Guid(0dabca985fdc34d36a186ae5d2c5f280) Importer(815301076,1909f56bfc062723c751e8b465ee728b) [PhysX] Initialized MultithreadedTaskDispatcher with 8 workers.
[PhysX] Initialized MultithreadedTaskDispatcher with 8 workers.
[PhysX] Initialized MultithreadedTaskDispatcher with 8 workers.
[PhysX] Initialized MultithreadedTaskDispatcher with 8 workers.
 -> (artifact id: '08fb9f6a2e0a6ceab85b2ae324865db7') in 0.214913 seconds
Number of updated asset objects reloaded before import = 0
Number of asset objects unloaded after import = 9
========================================================================
Received Prepare
Caller must complete domain reload
Begin MonoManager ReloadAssembly
Thread 0x16cf47000 may have been prematurely finalized
- Loaded All Assemblies, in  0.891 seconds
Native extension for Android target not found
Native extension for OSXStandalone target not found
Mono: successfully reloaded assembly
- Finished resetting the current domain, in  2.784 seconds
Domain Reload Profiling: 3679ms
	BeginReloadAssembly (396ms)
		ExecutionOrderSort (0ms)
		DisableScriptedObjects (36ms)
		BackupInstance (0ms)
		ReleaseScriptingObjects (1ms)
		CreateAndSetChildDomain (155ms)
	RebuildCommonClasses (62ms)
	RebuildNativeTypeToScriptingClass (18ms)
	initialDomainReloadingComplete (60ms)
	LoadAllAssembliesAndSetupDomain (357ms)
		LoadAssemblies (465ms)
		RebuildTransferFunctionScriptingTraits (0ms)
		AnalyzeDomain (34ms)
			TypeCache.Refresh (16ms)
				TypeCache.ScanAssembly (0ms)
			ScanForSourceGeneratedMonoScriptInfo (0ms)
			ResolveRequiredComponents (17ms)
	FinalizeReload (2786ms)
		ReleaseScriptCaches (0ms)
		RebuildScriptCaches (0ms)
		SetupLoadedEditorAssemblies (1365ms)
			LogAssemblyErrors (0ms)
			InitializePlatformSupportModulesInManaged (35ms)
			SetLoadedEditorAssemblies (13ms)
			RefreshPlugins (0ms)
			BeforeProcessingInitializeOnLoad (175ms)
			ProcessInitializeOnLoadAttributes (977ms)
			ProcessInitializeOnLoadMethodAttributes (162ms)
			AfterProcessingInitializeOnLoad (2ms)
			EditorAssembliesLoaded (0ms)
		ExecutionOrderSort2 (0ms)
		AwakeInstancesAfterBackupRestoration (53ms)
Refreshing native plugins compatible for Editor in 4.33 ms, found 2 plugins.
Preloading 0 native plugins for Editor in 0.00 ms.
Unloading 5407 Unused Serialized files (Serialized files now loaded: 0)
Unloading 45 unused Assets / (2.7 MB). Loaded Objects now: 6577.
Memory consumption went from 417.6 MB to 414.9 MB.
Total: 10.011333 ms (FindLiveObjects: 0.567625 ms CreateObjectMapping: 0.262333 ms MarkObjects: 7.989625 ms  DeleteObjects: 1.190417 ms)

Prepare: number of updated asset objects reloaded= 0
AssetImportParameters requested are different than current active one (requested -> active):
  custom:container-demuxer-ogg: 62fdf1f143b41e24485cea50d1cbac27 -> 
  custom:video-decoder-ogg-theora: a1e56fd34408186e4bbccfd4996cb3dc -> 
  custom:scripting/monoscript/fileName/DamageText.cs: aaefcd28d501d1d3134b3d2b8b0e09a3 -> 
  custom:CustomObjectIndexerAttribute: 3ead1caaecf1c488f20bcfeb224b6af5 -> 
  custom:container-demuxer-webm: 4f35f7cbe854078d1ac9338744f61a02 -> 
  custom:container-muxer-webm: aa71ff27fc2769a1b78a27578f13a17b -> 
  custom:video-decoder-webm-vp8: 9c59270c3fd7afecdb556c50c9e8de78 -> 
  custom:SearchIndexIgnoredProperties: e643bd26f0fe6173181afceb89e7c659 -> 
  custom:AudioImporter_EditorPlatform: 3918e3fc78b5a79bad01e8451be0beb8 -> 
  custom:scripting/monoscript/fileName/ArmeFlottante.cs: f6e6b68c285c689b35f5bb933184e350 -> 
  custom:framework-osx-AVFoundation: e770b220cccbd017edd2c1fefb359320 -> 
  custom:video-encoder-webm-vp8: eb34c28f22e8b96e1ab97ce403110664 -> 
  custom:audio-decoder-ogg-vorbis: bf7c407c2cedff20999df2af8eb42d56 -> 
  custom:audio-encoder-webm-vorbis: bf7c407c2cedff20999df2af8eb42d56 -> 
  custom:scripting/precompiled-assembly-types:Assembly-CSharp: be87ac9b27ab5aed066af349964935eb -> 6f568ef1cfb45685900e534eb7cdc9ec
========================================================================
Received Import Request.
  Time since last request: 263.290853 seconds.
  path: Assets/Material/Black.mat
  artifactKey: Guid(f66b0b8faa53d144fb859387ef44f29e) Importer(815301076,1909f56bfc062723c751e8b465ee728b)
Start importing Assets/Material/Black.mat using Guid(f66b0b8faa53d144fb859387ef44f29e) Importer(815301076,1909f56bfc062723c751e8b465ee728b) [PhysX] Initialized MultithreadedTaskDispatcher with 8 workers.
[PhysX] Initialized MultithreadedTaskDispatcher with 8 workers.
 -> (artifact id: '042b8c904d69bec822a85bcd3a5daa24') in 0.560322 seconds
Number of updated asset objects reloaded before import = 0
Number of asset objects unloaded after import = 20
========================================================================
Received Import Request.
  Time since last request: 4.003423 seconds.
  path: Assets/QuaysideGames/TileDungeon/Art/Models/WallArch.obj
  artifactKey: Guid(18146465d854a35409fc2f2f6292d717) Importer(815301076,1909f56bfc062723c751e8b465ee728b)
Start importing Assets/QuaysideGames/TileDungeon/Art/Models/WallArch.obj using Guid(18146465d854a35409fc2f2f6292d717) Importer(815301076,1909f56bfc062723c751e8b465ee728b) [PhysX] Initialized MultithreadedTaskDispatcher with 8 workers.
[PhysX] Initialized MultithreadedTaskDispatcher with 8 workers.
[PhysX] Initialized MultithreadedTaskDispatcher with 8 workers.
[PhysX] Initialized MultithreadedTaskDispatcher with 8 workers.
 -> (artifact id: 'd8ab17278de13e48fe23df888681509e') in 0.171220 seconds
Number of updated asset objects reloaded before import = 0
Number of asset objects unloaded after import = 14
========================================================================
Received Import Request.
  Time since last request: 35.897723 seconds.
  path: Assets/QuaysideGames/TileDungeon/Art/Materials/Demo_DoorPaint_pbr_specular.mat
  artifactKey: Guid(76565070c49bb4b81b6662caf3ab60a0) Importer(815301076,1909f56bfc062723c751e8b465ee728b)
Start importing Assets/QuaysideGames/TileDungeon/Art/Materials/Demo_DoorPaint_pbr_specular.mat using Guid(76565070c49bb4b81b6662caf3ab60a0) Importer(815301076,1909f56bfc062723c751e8b465ee728b) [PhysX] Initialized MultithreadedTaskDispatcher with 8 workers.
[PhysX] Initialized MultithreadedTaskDispatcher with 8 workers.
 -> (artifact id: '93c2f58b882fe2490bdedbcdf82edea7') in 0.047251 seconds
Number of updated asset objects reloaded before import = 0
Number of asset objects unloaded after import = 3
========================================================================
Received Prepare
Caller must complete domain reload
Begin MonoManager ReloadAssembly
Thread 0x16cf47000 may have been prematurely finalized
- Loaded All Assemblies, in  0.684 seconds
Native extension for Android target not found
Native extension for OSXStandalone target not found
Mono: successfully reloaded assembly
- Finished resetting the current domain, in  2.404 seconds
Domain Reload Profiling: 3089ms
	BeginReloadAssembly (277ms)
		ExecutionOrderSort (0ms)
		DisableScriptedObjects (27ms)
		BackupInstance (0ms)
		ReleaseScriptingObjects (0ms)
		CreateAndSetChildDomain (90ms)
	RebuildCommonClasses (62ms)
	RebuildNativeTypeToScriptingClass (21ms)
	initialDomainReloadingComplete (36ms)
	LoadAllAssembliesAndSetupDomain (289ms)
		LoadAssemblies (362ms)
		RebuildTransferFunctionScriptingTraits (0ms)
		AnalyzeDomain (29ms)
			TypeCache.Refresh (12ms)
				TypeCache.ScanAssembly (0ms)
			ScanForSourceGeneratedMonoScriptInfo (0ms)
			ResolveRequiredComponents (17ms)
	FinalizeReload (2404ms)
		ReleaseScriptCaches (0ms)
		RebuildScriptCaches (0ms)
		SetupLoadedEditorAssemblies (1252ms)
			LogAssemblyErrors (0ms)
			InitializePlatformSupportModulesInManaged (16ms)
			SetLoadedEditorAssemblies (10ms)
			RefreshPlugins (0ms)
			BeforeProcessingInitializeOnLoad (118ms)
			ProcessInitializeOnLoadAttributes (977ms)
			ProcessInitializeOnLoadMethodAttributes (129ms)
			AfterProcessingInitializeOnLoad (2ms)
			EditorAssembliesLoaded (1ms)
		ExecutionOrderSort2 (0ms)
		AwakeInstancesAfterBackupRestoration (47ms)
Refreshing native plugins compatible for Editor in 6.86 ms, found 2 plugins.
Preloading 0 native plugins for Editor in 0.00 ms.
Unloading 5407 Unused Serialized files (Serialized files now loaded: 0)
Unloading 45 unused Assets / (2.7 MB). Loaded Objects now: 6618.
Memory consumption went from 424.4 MB to 421.7 MB.
Total: 47.987000 ms (FindLiveObjects: 0.785875 ms CreateObjectMapping: 0.391792 ms MarkObjects: 43.719625 ms  DeleteObjects: 3.087750 ms)

Prepare: number of updated asset objects reloaded= 0
AssetImportParameters requested are different than current active one (requested -> active):
  custom:container-demuxer-ogg: 62fdf1f143b41e24485cea50d1cbac27 -> 
  custom:video-decoder-ogg-theora: a1e56fd34408186e4bbccfd4996cb3dc -> 
  custom:scripting/monoscript/fileName/DamageText.cs: aaefcd28d501d1d3134b3d2b8b0e09a3 -> 
  custom:CustomObjectIndexerAttribute: 3ead1caaecf1c488f20bcfeb224b6af5 -> 
  custom:container-demuxer-webm: 4f35f7cbe854078d1ac9338744f61a02 -> 
  custom:container-muxer-webm: aa71ff27fc2769a1b78a27578f13a17b -> 
  custom:video-decoder-webm-vp8: 9c59270c3fd7afecdb556c50c9e8de78 -> 
  custom:SearchIndexIgnoredProperties: e643bd26f0fe6173181afceb89e7c659 -> 
  custom:AudioImporter_EditorPlatform: 3918e3fc78b5a79bad01e8451be0beb8 -> 
  custom:scripting/monoscript/fileName/ArmeFlottante.cs: f6e6b68c285c689b35f5bb933184e350 -> 
  custom:framework-osx-AVFoundation: e770b220cccbd017edd2c1fefb359320 -> 
  custom:video-encoder-webm-vp8: eb34c28f22e8b96e1ab97ce403110664 -> 
  custom:audio-decoder-ogg-vorbis: bf7c407c2cedff20999df2af8eb42d56 -> 
  custom:audio-encoder-webm-vorbis: bf7c407c2cedff20999df2af8eb42d56 -> 
  custom:scripting/precompiled-assembly-types:Assembly-CSharp: be87ac9b27ab5aed066af349964935eb -> 6f568ef1cfb45685900e534eb7cdc9ec
========================================================================
Received Prepare
Caller must complete domain reload
Begin MonoManager ReloadAssembly
Thread 0x16cf47000 may have been prematurely finalized
- Loaded All Assemblies, in  0.802 seconds
Native extension for Android target not found
Native extension for OSXStandalone target not found
Mono: successfully reloaded assembly
- Finished resetting the current domain, in  3.157 seconds
Domain Reload Profiling: 3962ms
	BeginReloadAssembly (288ms)
		ExecutionOrderSort (0ms)
		DisableScriptedObjects (8ms)
		BackupInstance (0ms)
		ReleaseScriptingObjects (0ms)
		CreateAndSetChildDomain (105ms)
	RebuildCommonClasses (78ms)
	RebuildNativeTypeToScriptingClass (23ms)
	initialDomainReloadingComplete (55ms)
	LoadAllAssembliesAndSetupDomain (360ms)
		LoadAssemblies (415ms)
		RebuildTransferFunctionScriptingTraits (0ms)
		AnalyzeDomain (42ms)
			TypeCache.Refresh (18ms)
				TypeCache.ScanAssembly (0ms)
			ScanForSourceGeneratedMonoScriptInfo (0ms)
			ResolveRequiredComponents (23ms)
	FinalizeReload (3158ms)
		ReleaseScriptCaches (0ms)
		RebuildScriptCaches (0ms)
		SetupLoadedEditorAssemblies (1672ms)
			LogAssemblyErrors (0ms)
			InitializePlatformSupportModulesInManaged (27ms)
			SetLoadedEditorAssemblies (18ms)
			RefreshPlugins (0ms)
			BeforeProcessingInitializeOnLoad (291ms)
			ProcessInitializeOnLoadAttributes (1156ms)
			ProcessInitializeOnLoadMethodAttributes (177ms)
			AfterProcessingInitializeOnLoad (2ms)
			EditorAssembliesLoaded (1ms)
		ExecutionOrderSort2 (0ms)
		AwakeInstancesAfterBackupRestoration (46ms)
Refreshing native plugins compatible for Editor in 6.80 ms, found 2 plugins.
Preloading 0 native plugins for Editor in 0.00 ms.
Unloading 5407 Unused Serialized files (Serialized files now loaded: 0)
Unloading 45 unused Assets / (2.7 MB). Loaded Objects now: 6623.
Memory consumption went from 428.2 MB to 425.5 MB.
Total: 43.420375 ms (FindLiveObjects: 1.493875 ms CreateObjectMapping: 0.388250 ms MarkObjects: 27.993584 ms  DeleteObjects: 13.542084 ms)

Prepare: number of updated asset objects reloaded= 0
AssetImportParameters requested are different than current active one (requested -> active):
  custom:container-demuxer-ogg: 62fdf1f143b41e24485cea50d1cbac27 -> 
  custom:video-decoder-ogg-theora: a1e56fd34408186e4bbccfd4996cb3dc -> 
  custom:scripting/monoscript/fileName/DamageText.cs: aaefcd28d501d1d3134b3d2b8b0e09a3 -> 
  custom:CustomObjectIndexerAttribute: 3ead1caaecf1c488f20bcfeb224b6af5 -> 
  custom:container-demuxer-webm: 4f35f7cbe854078d1ac9338744f61a02 -> 
  custom:container-muxer-webm: aa71ff27fc2769a1b78a27578f13a17b -> 
  custom:video-decoder-webm-vp8: 9c59270c3fd7afecdb556c50c9e8de78 -> 
  custom:SearchIndexIgnoredProperties: e643bd26f0fe6173181afceb89e7c659 -> 
  custom:AudioImporter_EditorPlatform: 3918e3fc78b5a79bad01e8451be0beb8 -> 
  custom:scripting/monoscript/fileName/ArmeFlottante.cs: f6e6b68c285c689b35f5bb933184e350 -> 
  custom:framework-osx-AVFoundation: e770b220cccbd017edd2c1fefb359320 -> 
  custom:video-encoder-webm-vp8: eb34c28f22e8b96e1ab97ce403110664 -> 
  custom:audio-decoder-ogg-vorbis: bf7c407c2cedff20999df2af8eb42d56 -> 
  custom:audio-encoder-webm-vorbis: bf7c407c2cedff20999df2af8eb42d56 -> 
  custom:scripting/precompiled-assembly-types:Assembly-CSharp: be87ac9b27ab5aed066af349964935eb -> 6f568ef1cfb45685900e534eb7cdc9ec
========================================================================
Received Import Request.
  Time since last request: 369.421071 seconds.
  path: Assets/QuaysideGames/TileDungeon/Scripts/KeySystem/DoorScript.cs
  artifactKey: Guid(5cfd762102360954b99c23390d17762b) Importer(815301076,1909f56bfc062723c751e8b465ee728b)
Start importing Assets/QuaysideGames/TileDungeon/Scripts/KeySystem/DoorScript.cs using Guid(5cfd762102360954b99c23390d17762b) Importer(815301076,1909f56bfc062723c751e8b465ee728b) [PhysX] Initialized MultithreadedTaskDispatcher with 8 workers.
 -> (artifact id: '640cc1d140e427b7e8eee80c59227084') in 0.024240 seconds
Number of updated asset objects reloaded before import = 0
Number of asset objects unloaded after import = 0
========================================================================
Received Import Request.
  Time since last request: 19.964460 seconds.
  path: Assets/QuaysideGames/TileDungeon/Scripts/KeySystem/KeyDoor.cs
  artifactKey: Guid(36b9cef852dee7d41843603feac68678) Importer(815301076,1909f56bfc062723c751e8b465ee728b)
Start importing Assets/QuaysideGames/TileDungeon/Scripts/KeySystem/KeyDoor.cs using Guid(36b9cef852dee7d41843603feac68678) Importer(815301076,1909f56bfc062723c751e8b465ee728b) [PhysX] Initialized MultithreadedTaskDispatcher with 8 workers.
 -> (artifact id: '40ef887a4b131063ab4e02722686437e') in 0.002667 seconds
Number of updated asset objects reloaded before import = 0
Number of asset objects unloaded after import = 0
========================================================================
Received Import Request.
  Time since last request: 421.502810 seconds.
  path: Assets/Scenes/Animations_TD/pnj.zip
  artifactKey: Guid(18805130427414e769d17f1f1e30643b) Importer(815301076,1909f56bfc062723c751e8b465ee728b)
Start importing Assets/Scenes/Animations_TD/pnj.zip using Guid(18805130427414e769d17f1f1e30643b) Importer(815301076,1909f56bfc062723c751e8b465ee728b) [PhysX] Initialized MultithreadedTaskDispatcher with 8 workers.
 -> (artifact id: '421d5fef8e3242eb5863080ba1ff7bcd') in 0.489925 seconds
Number of updated asset objects reloaded before import = 0
Number of asset objects unloaded after import = 1
========================================================================
Received Import Request.
  Time since last request: 37.265314 seconds.
  path: Assets/Scenes/Animations_TD/Meshy_AI_Mythical_Sage_0119033914_texture_obj
  artifactKey: Guid(34dc526e0ce9847ea9c79326ac08d195) Importer(815301076,1909f56bfc062723c751e8b465ee728b)
Start importing Assets/Scenes/Animations_TD/Meshy_AI_Mythical_Sage_0119033914_texture_obj using Guid(34dc526e0ce9847ea9c79326ac08d195) Importer(815301076,1909f56bfc062723c751e8b465ee728b) [PhysX] Initialized MultithreadedTaskDispatcher with 8 workers.
 -> (artifact id: 'c0f623dedc0837752efc08035a0b75d8') in 0.014847 seconds
Number of updated asset objects reloaded before import = 0
Number of asset objects unloaded after import = 0
========================================================================
Received Import Request.
  Time since last request: 3.144131 seconds.
  path: Assets/Scenes/Animations_TD/Meshy_AI_Mythical_Sage_0119033914_texture_obj/Meshy_AI_Mythical_Sage_0119033914_texture.obj
  artifactKey: Guid(08ae49a23320f4bd791f4c6f9d73a757) Importer(815301076,1909f56bfc062723c751e8b465ee728b)
Start importing Assets/Scenes/Animations_TD/Meshy_AI_Mythical_Sage_0119033914_texture_obj/Meshy_AI_Mythical_Sage_0119033914_texture.obj using Guid(08ae49a23320f4bd791f4c6f9d73a757) Importer(815301076,1909f56bfc062723c751e8b465ee728b) [PhysX] Initialized MultithreadedTaskDispatcher with 8 workers.
[PhysX] Initialized MultithreadedTaskDispatcher with 8 workers.
[PhysX] Initialized MultithreadedTaskDispatcher with 8 workers.
[PhysX] Initialized MultithreadedTaskDispatcher with 8 workers.
[PhysX] Initialized MultithreadedTaskDispatcher with 8 workers.
 -> (artifact id: '708ebe9d5e6ce9f4716f26bb897cc7f4') in 1.001382 seconds
Number of updated asset objects reloaded before import = 0
Number of asset objects unloaded after import = 30
========================================================================
Received Prepare
Caller must complete domain reload
Begin MonoManager ReloadAssembly
Thread 0x17f977000 may have been prematurely finalized
- Loaded All Assemblies, in  1.987 seconds
Native extension for Android target not found
Native extension for OSXStandalone target not found
Mono: successfully reloaded assembly
- Finished resetting the current domain, in  5.360 seconds
Domain Reload Profiling: 7348ms
	BeginReloadAssembly (1009ms)
		ExecutionOrderSort (2ms)
		DisableScriptedObjects (32ms)
		BackupInstance (0ms)
		ReleaseScriptingObjects (2ms)
		CreateAndSetChildDomain (603ms)
	RebuildCommonClasses (38ms)
	RebuildNativeTypeToScriptingClass (9ms)
	initialDomainReloadingComplete (23ms)
	LoadAllAssembliesAndSetupDomain (909ms)
		LoadAssemblies (1002ms)
		RebuildTransferFunctionScriptingTraits (0ms)
		AnalyzeDomain (135ms)
			TypeCache.Refresh (23ms)
				TypeCache.ScanAssembly (3ms)
			ScanForSourceGeneratedMonoScriptInfo (95ms)
			ResolveRequiredComponents (17ms)
	FinalizeReload (5360ms)
		ReleaseScriptCaches (0ms)
		RebuildScriptCaches (0ms)
		SetupLoadedEditorAssemblies (471ms)
			LogAssemblyErrors (0ms)
			InitializePlatformSupportModulesInManaged (16ms)
			SetLoadedEditorAssemblies (4ms)
			RefreshPlugins (0ms)
			BeforeProcessingInitializeOnLoad (61ms)
			ProcessInitializeOnLoadAttributes (336ms)
			ProcessInitializeOnLoadMethodAttributes (53ms)
			AfterProcessingInitializeOnLoad (1ms)
			EditorAssembliesLoaded (0ms)
		ExecutionOrderSort2 (0ms)
		AwakeInstancesAfterBackupRestoration (24ms)
Refreshing native plugins compatible for Editor in 2.19 ms, found 2 plugins.
Preloading 0 native plugins for Editor in 0.00 ms.
Unloading 5408 Unused Serialized files (Serialized files now loaded: 0)
Unloading 45 unused Assets / (2.7 MB). Loaded Objects now: 6665.
Memory consumption went from 435.1 MB to 432.4 MB.
Total: 13.057167 ms (FindLiveObjects: 0.429833 ms CreateObjectMapping: 0.075500 ms MarkObjects: 7.699875 ms  DeleteObjects: 4.851208 ms)

Prepare: number of updated asset objects reloaded= 0
AssetImportParameters requested are different than current active one (requested -> active):
  custom:container-demuxer-ogg: 62fdf1f143b41e24485cea50d1cbac27 -> 
  custom:scripting/monoscript/fileName/scfr.cs: 75e39e9eaeb1fe37b86637421086a64a -> 
  custom:video-decoder-ogg-theora: a1e56fd34408186e4bbccfd4996cb3dc -> 
  custom:scripting/monoscript/fileName/DamageText.cs: aaefcd28d501d1d3134b3d2b8b0e09a3 -> 
  custom:CustomObjectIndexerAttribute: 3ead1caaecf1c488f20bcfeb224b6af5 -> 
  custom:container-demuxer-webm: 4f35f7cbe854078d1ac9338744f61a02 -> 
  custom:container-muxer-webm: aa71ff27fc2769a1b78a27578f13a17b -> 
  custom:video-decoder-webm-vp8: 9c59270c3fd7afecdb556c50c9e8de78 -> 
  custom:SearchIndexIgnoredProperties: e643bd26f0fe6173181afceb89e7c659 -> 
  custom:AudioImporter_EditorPlatform: 3918e3fc78b5a79bad01e8451be0beb8 -> 
  custom:scripting/monoscript/fileName/ArmeFlottante.cs: f6e6b68c285c689b35f5bb933184e350 -> 
  custom:framework-osx-AVFoundation: e770b220cccbd017edd2c1fefb359320 -> 
  custom:video-encoder-webm-vp8: eb34c28f22e8b96e1ab97ce403110664 -> 
  custom:audio-decoder-ogg-vorbis: bf7c407c2cedff20999df2af8eb42d56 -> 
  custom:audio-encoder-webm-vorbis: bf7c407c2cedff20999df2af8eb42d56 -> 
  custom:scripting/precompiled-assembly-types:Assembly-CSharp: 94d379e10e3cd3aa30980db65ced8acf -> 6f568ef1cfb45685900e534eb7cdc9ec
========================================================================
Received Prepare
Caller must complete domain reload
Begin MonoManager ReloadAssembly
Thread 0x16d54b000 may have been prematurely finalized
- Loaded All Assemblies, in  0.490 seconds
Native extension for Android target not found
Native extension for OSXStandalone target not found
Mono: successfully reloaded assembly
- Finished resetting the current domain, in  1.320 seconds
Domain Reload Profiling: 1811ms
	BeginReloadAssembly (154ms)
		ExecutionOrderSort (0ms)
		DisableScriptedObjects (10ms)
		BackupInstance (0ms)
		ReleaseScriptingObjects (0ms)
		CreateAndSetChildDomain (67ms)
	RebuildCommonClasses (33ms)
	RebuildNativeTypeToScriptingClass (11ms)
	initialDomainReloadingComplete (30ms)
	LoadAllAssembliesAndSetupDomain (263ms)
		LoadAssemblies (232ms)
		RebuildTransferFunctionScriptingTraits (0ms)
		AnalyzeDomain (71ms)
			TypeCache.Refresh (31ms)
				TypeCache.ScanAssembly (1ms)
			ScanForSourceGeneratedMonoScriptInfo (27ms)
			ResolveRequiredComponents (12ms)
	FinalizeReload (1320ms)
		ReleaseScriptCaches (0ms)
		RebuildScriptCaches (0ms)
		SetupLoadedEditorAssemblies (369ms)
			LogAssemblyErrors (0ms)
			InitializePlatformSupportModulesInManaged (15ms)
			SetLoadedEditorAssemblies (5ms)
			RefreshPlugins (0ms)
			BeforeProcessingInitializeOnLoad (56ms)
			ProcessInitializeOnLoadAttributes (256ms)
			ProcessInitializeOnLoadMethodAttributes (37ms)
			AfterProcessingInitializeOnLoad (1ms)
			EditorAssembliesLoaded (0ms)
		ExecutionOrderSort2 (0ms)
		AwakeInstancesAfterBackupRestoration (14ms)
Refreshing native plugins compatible for Editor in 0.83 ms, found 2 plugins.
Preloading 0 native plugins for Editor in 0.00 ms.
Unloading 5409 Unused Serialized files (Serialized files now loaded: 0)
Unloading 45 unused Assets / (2.7 MB). Loaded Objects now: 6671.
Memory consumption went from 438.9 MB to 436.2 MB.
Total: 3.697833 ms (FindLiveObjects: 0.335167 ms CreateObjectMapping: 0.083625 ms MarkObjects: 2.773500 ms  DeleteObjects: 0.504750 ms)

Prepare: number of updated asset objects reloaded= 0
AssetImportParameters requested are different than current active one (requested -> active):
  custom:container-demuxer-ogg: 62fdf1f143b41e24485cea50d1cbac27 -> 
  custom:scripting/monoscript/fileName/scfr.cs: 75e39e9eaeb1fe37b86637421086a64a -> 
  custom:video-decoder-ogg-theora: a1e56fd34408186e4bbccfd4996cb3dc -> 
  custom:scripting/monoscript/fileName/LevitationSimple.cs: 7f9641633186756a309fd611f9f20ddb -> 
  custom:scripting/monoscript/fileName/DamageText.cs: aaefcd28d501d1d3134b3d2b8b0e09a3 -> 
  custom:CustomObjectIndexerAttribute: 3ead1caaecf1c488f20bcfeb224b6af5 -> 
  custom:container-demuxer-webm: 4f35f7cbe854078d1ac9338744f61a02 -> 
  custom:container-muxer-webm: aa71ff27fc2769a1b78a27578f13a17b -> 
  custom:video-decoder-webm-vp8: 9c59270c3fd7afecdb556c50c9e8de78 -> 
  custom:SearchIndexIgnoredProperties: e643bd26f0fe6173181afceb89e7c659 -> 
  custom:AudioImporter_EditorPlatform: 3918e3fc78b5a79bad01e8451be0beb8 -> 
  custom:scripting/monoscript/fileName/ArmeFlottante.cs: f6e6b68c285c689b35f5bb933184e350 -> 
  custom:framework-osx-AVFoundation: e770b220cccbd017edd2c1fefb359320 -> 
  custom:video-encoder-webm-vp8: eb34c28f22e8b96e1ab97ce403110664 -> 
  custom:audio-decoder-ogg-vorbis: bf7c407c2cedff20999df2af8eb42d56 -> 
  custom:audio-encoder-webm-vorbis: bf7c407c2cedff20999df2af8eb42d56 -> 
  custom:scripting/precompiled-assembly-types:Assembly-CSharp: b3f0294f022856da6f203ccecf808779 -> 6f568ef1cfb45685900e534eb7cdc9ec
========================================================================
Received Prepare
Caller must complete domain reload
Begin MonoManager ReloadAssembly
Thread 0x16cf47000 may have been prematurely finalized
- Loaded All Assemblies, in  0.431 seconds
Native extension for Android target not found
Native extension for OSXStandalone target not found
Mono: successfully reloaded assembly
- Finished resetting the current domain, in  1.480 seconds
Domain Reload Profiling: 1913ms
	BeginReloadAssembly (140ms)
		ExecutionOrderSort (0ms)
		DisableScriptedObjects (4ms)
		BackupInstance (0ms)
		ReleaseScriptingObjects (0ms)
		CreateAndSetChildDomain (64ms)
	RebuildCommonClasses (30ms)
	RebuildNativeTypeToScriptingClass (9ms)
	initialDomainReloadingComplete (16ms)
	LoadAllAssembliesAndSetupDomain (238ms)
		LoadAssemblies (217ms)
		RebuildTransferFunctionScriptingTraits (0ms)
		AnalyzeDomain (61ms)
			TypeCache.Refresh (22ms)
				TypeCache.ScanAssembly (1ms)
			ScanForSourceGeneratedMonoScriptInfo (27ms)
			ResolveRequiredComponents (10ms)
	FinalizeReload (1481ms)
		ReleaseScriptCaches (0ms)
		RebuildScriptCaches (0ms)
		SetupLoadedEditorAssemblies (400ms)
			LogAssemblyErrors (0ms)
			InitializePlatformSupportModulesInManaged (11ms)
			SetLoadedEditorAssemblies (5ms)
			RefreshPlugins (0ms)
			BeforeProcessingInitializeOnLoad (61ms)
			ProcessInitializeOnLoadAttributes (284ms)
			ProcessInitializeOnLoadMethodAttributes (39ms)
			AfterProcessingInitializeOnLoad (1ms)
			EditorAssembliesLoaded (0ms)
		ExecutionOrderSort2 (0ms)
		AwakeInstancesAfterBackupRestoration (16ms)
Refreshing native plugins compatible for Editor in 1.21 ms, found 2 plugins.
Preloading 0 native plugins for Editor in 0.00 ms.
Unloading 5409 Unused Serialized files (Serialized files now loaded: 0)
Unloading 45 unused Assets / (2.7 MB). Loaded Objects now: 6676.
Memory consumption went from 442.8 MB to 440.1 MB.
Total: 3.473834 ms (FindLiveObjects: 0.224583 ms CreateObjectMapping: 0.077875 ms MarkObjects: 2.678375 ms  DeleteObjects: 0.492292 ms)

Prepare: number of updated asset objects reloaded= 0
AssetImportParameters requested are different than current active one (requested -> active):
  custom:container-demuxer-ogg: 62fdf1f143b41e24485cea50d1cbac27 -> 
  custom:scripting/monoscript/fileName/scfr.cs: 75e39e9eaeb1fe37b86637421086a64a -> 
  custom:video-decoder-ogg-theora: a1e56fd34408186e4bbccfd4996cb3dc -> 
  custom:scripting/monoscript/fileName/LevitationSimple.cs: 7f9641633186756a309fd611f9f20ddb -> 
  custom:scripting/monoscript/fileName/DamageText.cs: aaefcd28d501d1d3134b3d2b8b0e09a3 -> 
  custom:CustomObjectIndexerAttribute: 3ead1caaecf1c488f20bcfeb224b6af5 -> 
  custom:container-demuxer-webm: 4f35f7cbe854078d1ac9338744f61a02 -> 
  custom:container-muxer-webm: aa71ff27fc2769a1b78a27578f13a17b -> 
  custom:video-decoder-webm-vp8: 9c59270c3fd7afecdb556c50c9e8de78 -> 
  custom:SearchIndexIgnoredProperties: e643bd26f0fe6173181afceb89e7c659 -> 
  custom:AudioImporter_EditorPlatform: 3918e3fc78b5a79bad01e8451be0beb8 -> 
  custom:scripting/monoscript/fileName/ArmeFlottante.cs: f6e6b68c285c689b35f5bb933184e350 -> 
  custom:framework-osx-AVFoundation: e770b220cccbd017edd2c1fefb359320 -> 
  custom:video-encoder-webm-vp8: eb34c28f22e8b96e1ab97ce403110664 -> 
  custom:audio-decoder-ogg-vorbis: bf7c407c2cedff20999df2af8eb42d56 -> 
  custom:audio-encoder-webm-vorbis: bf7c407c2cedff20999df2af8eb42d56 -> 
  custom:scripting/precompiled-assembly-types:Assembly-CSharp: b3f0294f022856da6f203ccecf808779 -> 6f568ef1cfb45685900e534eb7cdc9ec
========================================================================
Received Prepare
Caller must complete domain reload
Begin MonoManager ReloadAssembly
Thread 0x16cf47000 may have been prematurely finalized
- Loaded All Assemblies, in  0.334 seconds
Native extension for Android target not found
Native extension for OSXStandalone target not found
Mono: successfully reloaded assembly
- Finished resetting the current domain, in  0.821 seconds
Domain Reload Profiling: 1155ms
	BeginReloadAssembly (121ms)
		ExecutionOrderSort (0ms)
		DisableScriptedObjects (7ms)
		BackupInstance (0ms)
		ReleaseScriptingObjects (0ms)
		CreateAndSetChildDomain (48ms)
	RebuildCommonClasses (29ms)
	RebuildNativeTypeToScriptingClass (9ms)
	initialDomainReloadingComplete (17ms)
	LoadAllAssembliesAndSetupDomain (157ms)
		LoadAssemblies (178ms)
		RebuildTransferFunctionScriptingTraits (0ms)
		AnalyzeDomain (16ms)
			TypeCache.Refresh (6ms)
				TypeCache.ScanAssembly (0ms)
			ScanForSourceGeneratedMonoScriptInfo (0ms)
			ResolveRequiredComponents (9ms)
	FinalizeReload (821ms)
		ReleaseScriptCaches (0ms)
		RebuildScriptCaches (0ms)
		SetupLoadedEditorAssemblies (499ms)
			LogAssemblyErrors (0ms)
			InitializePlatformSupportModulesInManaged (20ms)
			SetLoadedEditorAssemblies (12ms)
			RefreshPlugins (0ms)
			BeforeProcessingInitializeOnLoad (57ms)
			ProcessInitializeOnLoadAttributes (335ms)
			ProcessInitializeOnLoadMethodAttributes (73ms)
			AfterProcessingInitializeOnLoad (1ms)
			EditorAssembliesLoaded (0ms)
		ExecutionOrderSort2 (0ms)
		AwakeInstancesAfterBackupRestoration (25ms)
Refreshing native plugins compatible for Editor in 0.92 ms, found 2 plugins.
Preloading 0 native plugins for Editor in 0.00 ms.
Unloading 5409 Unused Serialized files (Serialized files now loaded: 0)
Unloading 45 unused Assets / (2.7 MB). Loaded Objects now: 6681.
Memory consumption went from 446.7 MB to 444.0 MB.
Total: 7.850000 ms (FindLiveObjects: 0.553459 ms CreateObjectMapping: 0.113958 ms MarkObjects: 6.304500 ms  DeleteObjects: 0.877250 ms)

Prepare: number of updated asset objects reloaded= 0
AssetImportParameters requested are different than current active one (requested -> active):
  custom:container-demuxer-ogg: 62fdf1f143b41e24485cea50d1cbac27 -> 
  custom:scripting/monoscript/fileName/scfr.cs: 75e39e9eaeb1fe37b86637421086a64a -> 
  custom:video-decoder-ogg-theora: a1e56fd34408186e4bbccfd4996cb3dc -> 
  custom:scripting/monoscript/fileName/LevitationSimple.cs: 7f9641633186756a309fd611f9f20ddb -> 
  custom:scripting/monoscript/fileName/DamageText.cs: aaefcd28d501d1d3134b3d2b8b0e09a3 -> 
  custom:CustomObjectIndexerAttribute: 3ead1caaecf1c488f20bcfeb224b6af5 -> 
  custom:container-demuxer-webm: 4f35f7cbe854078d1ac9338744f61a02 -> 
  custom:container-muxer-webm: aa71ff27fc2769a1b78a27578f13a17b -> 
  custom:video-decoder-webm-vp8: 9c59270c3fd7afecdb556c50c9e8de78 -> 
  custom:SearchIndexIgnoredProperties: e643bd26f0fe6173181afceb89e7c659 -> 
  custom:AudioImporter_EditorPlatform: 3918e3fc78b5a79bad01e8451be0beb8 -> 
  custom:scripting/monoscript/fileName/ArmeFlottante.cs: f6e6b68c285c689b35f5bb933184e350 -> 
  custom:framework-osx-AVFoundation: e770b220cccbd017edd2c1fefb359320 -> 
  custom:video-encoder-webm-vp8: eb34c28f22e8b96e1ab97ce403110664 -> 
  custom:audio-decoder-ogg-vorbis: bf7c407c2cedff20999df2af8eb42d56 -> 
  custom:audio-encoder-webm-vorbis: bf7c407c2cedff20999df2af8eb42d56 -> 
  custom:scripting/precompiled-assembly-types:Assembly-CSharp: b3f0294f022856da6f203ccecf808779 -> 6f568ef1cfb45685900e534eb7cdc9ec
========================================================================
Received Prepare
Caller must complete domain reload
Begin MonoManager ReloadAssembly
Thread 0x16cf47000 may have been prematurely finalized
- Loaded All Assemblies, in  0.495 seconds
Native extension for Android target not found
Native extension for OSXStandalone target not found
Mono: successfully reloaded assembly
- Finished resetting the current domain, in  2.945 seconds
Domain Reload Profiling: 3443ms
	BeginReloadAssembly (197ms)
		ExecutionOrderSort (0ms)
		DisableScriptedObjects (4ms)
		BackupInstance (0ms)
		ReleaseScriptingObjects (0ms)
		CreateAndSetChildDomain (75ms)
	RebuildCommonClasses (32ms)
	RebuildNativeTypeToScriptingClass (13ms)
	initialDomainReloadingComplete (19ms)
	LoadAllAssembliesAndSetupDomain (236ms)
		LoadAssemblies (282ms)
		RebuildTransferFunctionScriptingTraits (0ms)
		AnalyzeDomain (34ms)
			TypeCache.Refresh (23ms)
				TypeCache.ScanAssembly (0ms)
			ScanForSourceGeneratedMonoScriptInfo (0ms)
			ResolveRequiredComponents (10ms)
	FinalizeReload (2946ms)
		ReleaseScriptCaches (0ms)
		RebuildScriptCaches (0ms)
		SetupLoadedEditorAssemblies (452ms)
			LogAssemblyErrors (1ms)
			InitializePlatformSupportModulesInManaged (18ms)
			SetLoadedEditorAssemblies (6ms)
			RefreshPlugins (0ms)
			BeforeProcessingInitializeOnLoad (67ms)
			ProcessInitializeOnLoadAttributes (315ms)
			ProcessInitializeOnLoadMethodAttributes (44ms)
			AfterProcessingInitializeOnLoad (1ms)
			EditorAssembliesLoaded (0ms)
		ExecutionOrderSort2 (0ms)
		AwakeInstancesAfterBackupRestoration (17ms)
Refreshing native plugins compatible for Editor in 2.43 ms, found 2 plugins.
Preloading 0 native plugins for Editor in 0.00 ms.
Unloading 5409 Unused Serialized files (Serialized files now loaded: 0)
Unloading 45 unused Assets / (2.7 MB). Loaded Objects now: 6686.
Memory consumption went from 450.6 MB to 447.9 MB.
Total: 5.058792 ms (FindLiveObjects: 0.348750 ms CreateObjectMapping: 0.116291 ms MarkObjects: 3.687583 ms  DeleteObjects: 0.905625 ms)

Prepare: number of updated asset objects reloaded= 0
AssetImportParameters requested are different than current active one (requested -> active):
  custom:container-demuxer-ogg: 62fdf1f143b41e24485cea50d1cbac27 -> 
  custom:scripting/monoscript/fileName/scfr.cs: 75e39e9eaeb1fe37b86637421086a64a -> 
  custom:video-decoder-ogg-theora: a1e56fd34408186e4bbccfd4996cb3dc -> 
  custom:scripting/monoscript/fileName/LevitationSimple.cs: 7f9641633186756a309fd611f9f20ddb -> 
  custom:scripting/monoscript/fileName/DamageText.cs: aaefcd28d501d1d3134b3d2b8b0e09a3 -> 
  custom:CustomObjectIndexerAttribute: 3ead1caaecf1c488f20bcfeb224b6af5 -> 
  custom:container-demuxer-webm: 4f35f7cbe854078d1ac9338744f61a02 -> 
  custom:container-muxer-webm: aa71ff27fc2769a1b78a27578f13a17b -> 
  custom:video-decoder-webm-vp8: 9c59270c3fd7afecdb556c50c9e8de78 -> 
  custom:SearchIndexIgnoredProperties: e643bd26f0fe6173181afceb89e7c659 -> 
  custom:AudioImporter_EditorPlatform: 3918e3fc78b5a79bad01e8451be0beb8 -> 
  custom:scripting/monoscript/fileName/ArmeFlottante.cs: f6e6b68c285c689b35f5bb933184e350 -> 
  custom:framework-osx-AVFoundation: e770b220cccbd017edd2c1fefb359320 -> 
  custom:video-encoder-webm-vp8: eb34c28f22e8b96e1ab97ce403110664 -> 
  custom:audio-decoder-ogg-vorbis: bf7c407c2cedff20999df2af8eb42d56 -> 
  custom:audio-encoder-webm-vorbis: bf7c407c2cedff20999df2af8eb42d56 -> 
  custom:scripting/precompiled-assembly-types:Assembly-CSharp: b3f0294f022856da6f203ccecf808779 -> 6f568ef1cfb45685900e534eb7cdc9ec
========================================================================
Received Import Request.
  Time since last request: 285.034411 seconds.
  path: Assets/AllSkyFree/Cartoon Base BlueSky
  artifactKey: Guid(9f633969e0c5e4bfeba8bb43b5348d81) Importer(815301076,1909f56bfc062723c751e8b465ee728b)
Start importing Assets/AllSkyFree/Cartoon Base BlueSky using Guid(9f633969e0c5e4bfeba8bb43b5348d81) Importer(815301076,1909f56bfc062723c751e8b465ee728b) [PhysX] Initialized MultithreadedTaskDispatcher with 8 workers.
 -> (artifact id: 'd645d3d0d6928fa898dee31107181f10') in 0.090196 seconds
Number of updated asset objects reloaded before import = 0
Number of asset objects unloaded after import = 0
========================================================================
Received Import Request.
  Time since last request: 0.000287 seconds.
  path: Assets/AllSkyFree/Cartoon Base BlueSky/Sky_Day_BlueSky_Nothing_Cam_1_Back-Z.png
  artifactKey: Guid(33cbefefe2c7f4e77ac959c74eef5d4d) Importer(815301076,1909f56bfc062723c751e8b465ee728b)
Start importing Assets/AllSkyFree/Cartoon Base BlueSky/Sky_Day_BlueSky_Nothing_Cam_1_Back-Z.png using Guid(33cbefefe2c7f4e77ac959c74eef5d4d) Importer(815301076,1909f56bfc062723c751e8b465ee728b) [PhysX] Initialized MultithreadedTaskDispatcher with 8 workers.
[PhysX] Initialized MultithreadedTaskDispatcher with 8 workers.
 -> (artifact id: 'a14b3014fd6e2914c8ddcb6f39e288f0') in 0.176658 seconds
Number of updated asset objects reloaded before import = 0
Number of asset objects unloaded after import = 2
========================================================================
Received Import Request.
  Time since last request: 0.000468 seconds.
  path: Assets/AllSkyFree/Cartoon Base BlueSky/Sky_Day_BlueSky_Nothing_Cam_5_Down-Y.png
  artifactKey: Guid(4c119b81b42684c39873d7738564bcdd) Importer(815301076,1909f56bfc062723c751e8b465ee728b)
Start importing Assets/AllSkyFree/Cartoon Base BlueSky/Sky_Day_BlueSky_Nothing_Cam_5_Down-Y.png using Guid(4c119b81b42684c39873d7738564bcdd) Importer(815301076,1909f56bfc062723c751e8b465ee728b) [PhysX] Initialized MultithreadedTaskDispatcher with 8 workers.
[PhysX] Initialized MultithreadedTaskDispatcher with 8 workers.
 -> (artifact id: 'e4cadf2aa313635513638f2ddf821ca2') in 0.015726 seconds
Number of updated asset objects reloaded before import = 0
Number of asset objects unloaded after import = 2
========================================================================
Received Import Request.
  Time since last request: 0.001701 seconds.
  path: Assets/AllSkyFree/Cartoon Base BlueSky/Sky_Day_BlueSky_Nothing_Cam_0_Front+Z.png
  artifactKey: Guid(d731d71c2b8e94c18b5ef8be277e6773) Importer(815301076,1909f56bfc062723c751e8b465ee728b)
Start importing Assets/AllSkyFree/Cartoon Base BlueSky/Sky_Day_BlueSky_Nothing_Cam_0_Front+Z.png using Guid(d731d71c2b8e94c18b5ef8be277e6773) Importer(815301076,1909f56bfc062723c751e8b465ee728b) [PhysX] Initialized MultithreadedTaskDispatcher with 8 workers.
[PhysX] Initialized MultithreadedTaskDispatcher with 8 workers.
 -> (artifact id: 'ade8ec57cd6a47c0107c214e81a6c5d7') in 0.030144 seconds
Number of updated asset objects reloaded before import = 0
Number of asset objects unloaded after import = 2
========================================================================
Received Import Request.
  Time since last request: 0.000155 seconds.
  path: Assets/AllSkyFree/Cartoon Base BlueSky/Sky_Day_BlueSky_Nothing_Cam_4_Up+Y.png
  artifactKey: Guid(5cf2d5ca2357a4d4fb98ebc5b6034e72) Importer(815301076,1909f56bfc062723c751e8b465ee728b)
Start importing Assets/AllSkyFree/Cartoon Base BlueSky/Sky_Day_BlueSky_Nothing_Cam_4_Up+Y.png using Guid(5cf2d5ca2357a4d4fb98ebc5b6034e72) Importer(815301076,1909f56bfc062723c751e8b465ee728b) [PhysX] Initialized MultithreadedTaskDispatcher with 8 workers.
[PhysX] Initialized MultithreadedTaskDispatcher with 8 workers.
 -> (artifact id: 'e1c3e97b75a97b64e38403dff6f8514f') in 0.019410 seconds
Number of updated asset objects reloaded before import = 0
Number of asset objects unloaded after import = 2
========================================================================
Received Import Request.
  Time since last request: 0.000143 seconds.
  path: Assets/AllSkyFree/Cartoon Base BlueSky/Sky_Day_BlueSky_Nothing_Cam_3_Right-X.png
  artifactKey: Guid(d3b809c8b33ff46faa4245f0bca7e6fe) Importer(815301076,1909f56bfc062723c751e8b465ee728b)
Start importing Assets/AllSkyFree/Cartoon Base BlueSky/Sky_Day_BlueSky_Nothing_Cam_3_Right-X.png using Guid(d3b809c8b33ff46faa4245f0bca7e6fe) Importer(815301076,1909f56bfc062723c751e8b465ee728b) [PhysX] Initialized MultithreadedTaskDispatcher with 8 workers.
[PhysX] Initialized MultithreadedTaskDispatcher with 8 workers.
 -> (artifact id: 'e11ede45d57c396f25dca69d658661a5') in 0.016060 seconds
Number of updated asset objects reloaded before import = 0
Number of asset objects unloaded after import = 2
========================================================================
Received Import Request.
  Time since last request: 0.000544 seconds.
  path: Assets/AllSkyFree/Cartoon Base BlueSky/Day_BlueSky_Nothing Equirect.mat
  artifactKey: Guid(73324b55f67f54c7bbf43204788b8bbe) Importer(815301076,1909f56bfc062723c751e8b465ee728b)
Start importing Assets/AllSkyFree/Cartoon Base BlueSky/Day_BlueSky_Nothing Equirect.mat using Guid(73324b55f67f54c7bbf43204788b8bbe) Importer(815301076,1909f56bfc062723c751e8b465ee728b) [PhysX] Initialized MultithreadedTaskDispatcher with 8 workers.
[PhysX] Initialized MultithreadedTaskDispatcher with 8 workers.
 -> (artifact id: '5b485f787f4d16d03236601f3de63ff4') in 0.491404 seconds
Number of updated asset objects reloaded before import = 0
Number of asset objects unloaded after import = 21
========================================================================
Received Import Request.
  Time since last request: 0.000068 seconds.
  path: Assets/AllSkyFree/Cartoon Base BlueSky/Sky_Day_BlueSky_Nothing_Cam_2_Left+X.png
  artifactKey: Guid(6b8f010ba933d4f01bdedec2c1a8a025) Importer(815301076,1909f56bfc062723c751e8b465ee728b)
Start importing Assets/AllSkyFree/Cartoon Base BlueSky/Sky_Day_BlueSky_Nothing_Cam_2_Left+X.png using Guid(6b8f010ba933d4f01bdedec2c1a8a025) Importer(815301076,1909f56bfc062723c751e8b465ee728b) [PhysX] Initialized MultithreadedTaskDispatcher with 8 workers.
[PhysX] Initialized MultithreadedTaskDispatcher with 8 workers.
 -> (artifact id: '074cc52aa82c1668b5ed980b5226610f') in 0.011619 seconds
Number of updated asset objects reloaded before import = 0
Number of asset objects unloaded after import = 2
========================================================================
Received Import Request.
  Time since last request: 0.000178 seconds.
  path: Assets/AllSkyFree/Cartoon Base BlueSky/Sky_Day_BlueSky_Equirect.png
  artifactKey: Guid(d4c8dc343ae5d4673b7720ffdb1ddf00) Importer(815301076,1909f56bfc062723c751e8b465ee728b)
Start importing Assets/AllSkyFree/Cartoon Base BlueSky/Sky_Day_BlueSky_Equirect.png using Guid(d4c8dc343ae5d4673b7720ffdb1ddf00) Importer(815301076,1909f56bfc062723c751e8b465ee728b) [PhysX] Initialized MultithreadedTaskDispatcher with 8 workers.
[PhysX] Initialized MultithreadedTaskDispatcher with 8 workers.
[PhysX] Initialized MultithreadedTaskDispatcher with 8 workers.
 -> (artifact id: '4396e596694f87f19c85342c3b355272') in 0.806815 seconds
Number of updated asset objects reloaded before import = 0
Number of asset objects unloaded after import = 2
========================================================================
Received Import Request.
  Time since last request: 2.674816 seconds.
  path: Assets/AllSkyFree/Cartoon Base NightSky
  artifactKey: Guid(edfd7568a47754e23b20068c1847c5fb) Importer(815301076,1909f56bfc062723c751e8b465ee728b)
Start importing Assets/AllSkyFree/Cartoon Base NightSky using Guid(edfd7568a47754e23b20068c1847c5fb) Importer(815301076,1909f56bfc062723c751e8b465ee728b) [PhysX] Initialized MultithreadedTaskDispatcher with 8 workers.
 -> (artifact id: '63ec061a942d3b6b9681694e02d07294') in 0.004498 seconds
Number of updated asset objects reloaded before import = 0
Number of asset objects unloaded after import = 0
========================================================================
Received Import Request.
  Time since last request: 0.001012 seconds.
  path: Assets/AllSkyFree/Cartoon Base NightSky/Cartoon Base NightSky.mat
  artifactKey: Guid(aa78c8d403a8547fe86d1f74239e6b03) Importer(815301076,1909f56bfc062723c751e8b465ee728b)
Start importing Assets/AllSkyFree/Cartoon Base NightSky/Cartoon Base NightSky.mat using Guid(aa78c8d403a8547fe86d1f74239e6b03) Importer(815301076,1909f56bfc062723c751e8b465ee728b) [PhysX] Initialized MultithreadedTaskDispatcher with 8 workers.
[PhysX] Initialized MultithreadedTaskDispatcher with 8 workers.
 -> (artifact id: '703bebbd40cdcc46f8b4f936058c167d') in 1.046244 seconds
Number of updated asset objects reloaded before import = 0
Number of asset objects unloaded after import = 8
========================================================================
Received Import Request.
  Time since last request: 11.339688 seconds.
  path: Assets/AllSkyFree/Cold Night
  artifactKey: Guid(5002a90c1ac5742af853cc504426d653) Importer(815301076,1909f56bfc062723c751e8b465ee728b)
Start importing Assets/AllSkyFree/Cold Night using Guid(5002a90c1ac5742af853cc504426d653) Importer(815301076,1909f56bfc062723c751e8b465ee728b) [PhysX] Initialized MultithreadedTaskDispatcher with 8 workers.
 -> (artifact id: '77f421b9ffe0b75f50579e17f2909829') in 0.004225 seconds
Number of updated asset objects reloaded before import = 0
Number of asset objects unloaded after import = 0
========================================================================
Received Import Request.
  Time since last request: 0.024200 seconds.
  path: Assets/AllSkyFree/Cold Night/Cold Night.mat
  artifactKey: Guid(9af23ba5fa5364ff598888460e0e2759) Importer(815301076,1909f56bfc062723c751e8b465ee728b)
Start importing Assets/AllSkyFree/Cold Night/Cold Night.mat using Guid(9af23ba5fa5364ff598888460e0e2759) Importer(815301076,1909f56bfc062723c751e8b465ee728b) [PhysX] Initialized MultithreadedTaskDispatcher with 8 workers.
[PhysX] Initialized MultithreadedTaskDispatcher with 8 workers.
 -> (artifact id: '9cfe0d0c29b1cdc4373fd546589eef30') in 0.138023 seconds
Number of updated asset objects reloaded before import = 0
Number of asset objects unloaded after import = 8
========================================================================
Received Import Request.
  Time since last request: 0.000074 seconds.
  path: Assets/AllSkyFree/Cold Night/Cold Night__Cam_5_Down-Y.png
  artifactKey: Guid(8cab6aa3331da40e68754e2214ce08fa) Importer(815301076,1909f56bfc062723c751e8b465ee728b)
Start importing Assets/AllSkyFree/Cold Night/Cold Night__Cam_5_Down-Y.png using Guid(8cab6aa3331da40e68754e2214ce08fa) Importer(815301076,1909f56bfc062723c751e8b465ee728b) [PhysX] Initialized MultithreadedTaskDispatcher with 8 workers.
[PhysX] Initialized MultithreadedTaskDispatcher with 8 workers.
 -> (artifact id: 'bf1ec4658be66719a449f75526624bc5') in 0.028724 seconds
Number of updated asset objects reloaded before import = 0
Number of asset objects unloaded after import = 2
========================================================================
Received Import Request.
  Time since last request: 0.000057 seconds.
  path: Assets/AllSkyFree/Cold Night/Cold Night__Cam_1_Back-Z.png
  artifactKey: Guid(7a03001a6d7c746a2a2467b3b3f51660) Importer(815301076,1909f56bfc062723c751e8b465ee728b)
Start importing Assets/AllSkyFree/Cold Night/Cold Night__Cam_1_Back-Z.png using Guid(7a03001a6d7c746a2a2467b3b3f51660) Importer(815301076,1909f56bfc062723c751e8b465ee728b) [PhysX] Initialized MultithreadedTaskDispatcher with 8 workers.
[PhysX] Initialized MultithreadedTaskDispatcher with 8 workers.
 -> (artifact id: 'ecfefd64806566f080ca996f1c79ee74') in 0.012044 seconds
Number of updated asset objects reloaded before import = 0
Number of asset objects unloaded after import = 2
========================================================================
Received Import Request.
  Time since last request: 0.000206 seconds.
  path: Assets/AllSkyFree/Cold Night/Cold Night__Cam_3_Right-X.png
  artifactKey: Guid(2b201733d2df84602b3020984df58790) Importer(815301076,1909f56bfc062723c751e8b465ee728b)
Start importing Assets/AllSkyFree/Cold Night/Cold Night__Cam_3_Right-X.png using Guid(2b201733d2df84602b3020984df58790) Importer(815301076,1909f56bfc062723c751e8b465ee728b) [PhysX] Initialized MultithreadedTaskDispatcher with 8 workers.
[PhysX] Initialized MultithreadedTaskDispatcher with 8 workers.
 -> (artifact id: 'afe690ac0a9d30e9740f7a958127f0cf') in 0.012672 seconds
Number of updated asset objects reloaded before import = 0
Number of asset objects unloaded after import = 2
========================================================================
Received Import Request.
  Time since last request: 8.059807 seconds.
  path: Assets/AllSkyFree/Cold Sunset
  artifactKey: Guid(e45cb2dd63729436e93f61f9933371db) Importer(815301076,1909f56bfc062723c751e8b465ee728b)
Start importing Assets/AllSkyFree/Cold Sunset using Guid(e45cb2dd63729436e93f61f9933371db) Importer(815301076,1909f56bfc062723c751e8b465ee728b) [PhysX] Initialized MultithreadedTaskDispatcher with 8 workers.
 -> (artifact id: 'dc8040f2504ca2097c0c3706d135dc55') in 0.004746 seconds
Number of updated asset objects reloaded before import = 0
Number of asset objects unloaded after import = 0
========================================================================
Received Import Request.
  Time since last request: 0.076904 seconds.
  path: Assets/AllSkyFree/Cold Sunset/Cold Sunset.mat
  artifactKey: Guid(2d796ced94d61438fbab81b194038162) Importer(815301076,1909f56bfc062723c751e8b465ee728b)
Start importing Assets/AllSkyFree/Cold Sunset/Cold Sunset.mat using Guid(2d796ced94d61438fbab81b194038162) Importer(815301076,1909f56bfc062723c751e8b465ee728b) [PhysX] Initialized MultithreadedTaskDispatcher with 8 workers.
[PhysX] Initialized MultithreadedTaskDispatcher with 8 workers.
 -> (artifact id: 'f9f51b1ee85bc760c4edabaff70a61b1') in 0.134450 seconds
Number of updated asset objects reloaded before import = 0
Number of asset objects unloaded after import = 8
========================================================================
Received Import Request.
  Time since last request: 0.000064 seconds.
  path: Assets/AllSkyFree/Cold Sunset/Cold Sunset Equirect.png
  artifactKey: Guid(6fa3f446deee84c52aec507bd0aca28c) Importer(815301076,1909f56bfc062723c751e8b465ee728b)
Start importing Assets/AllSkyFree/Cold Sunset/Cold Sunset Equirect.png using Guid(6fa3f446deee84c52aec507bd0aca28c) Importer(815301076,1909f56bfc062723c751e8b465ee728b) [PhysX] Initialized MultithreadedTaskDispatcher with 8 workers.
[PhysX] Initialized MultithreadedTaskDispatcher with 8 workers.
[PhysX] Initialized MultithreadedTaskDispatcher with 8 workers.
 -> (artifact id: '722db98355b7f64ec7ad852d1f59efed') in 0.067041 seconds
Number of updated asset objects reloaded before import = 0
Number of asset objects unloaded after import = 2
========================================================================
Received Import Request.
  Time since last request: 0.000120 seconds.
  path: Assets/AllSkyFree/Cold Sunset/Cold Sunset__Cam_4_Up+Y.png
  artifactKey: Guid(c9658c52dbf374bf6aeeb26310f71145) Importer(815301076,1909f56bfc062723c751e8b465ee728b)
Start importing Assets/AllSkyFree/Cold Sunset/Cold Sunset__Cam_4_Up+Y.png using Guid(c9658c52dbf374bf6aeeb26310f71145) Importer(815301076,1909f56bfc062723c751e8b465ee728b) [PhysX] Initialized MultithreadedTaskDispatcher with 8 workers.
[PhysX] Initialized MultithreadedTaskDispatcher with 8 workers.
 -> (artifact id: 'f5dd24beefec5f9dd69542d340b9d811') in 0.015855 seconds
Number of updated asset objects reloaded before import = 0
Number of asset objects unloaded after import = 2
========================================================================
Received Import Request.
  Time since last request: 0.000090 seconds.
  path: Assets/AllSkyFree/Cold Sunset/Cold Sunset__Cam_1_Back-Z.png
  artifactKey: Guid(0c96697ef1fc74d8d90d3e2f7345366d) Importer(815301076,1909f56bfc062723c751e8b465ee728b)
Start importing Assets/AllSkyFree/Cold Sunset/Cold Sunset__Cam_1_Back-Z.png using Guid(0c96697ef1fc74d8d90d3e2f7345366d) Importer(815301076,1909f56bfc062723c751e8b465ee728b) [PhysX] Initialized MultithreadedTaskDispatcher with 8 workers.
[PhysX] Initialized MultithreadedTaskDispatcher with 8 workers.
 -> (artifact id: '9bda3eaadc642c775e0fd3bb9f7c317b') in 0.021334 seconds
Number of updated asset objects reloaded before import = 0
Number of asset objects unloaded after import = 2
========================================================================
Received Import Request.
  Time since last request: 2.352432 seconds.
  path: Assets/AllSkyFree/Deep Dusk
  artifactKey: Guid(6e2365a3b549547b998c293780300ffe) Importer(815301076,1909f56bfc062723c751e8b465ee728b)
Start importing Assets/AllSkyFree/Deep Dusk using Guid(6e2365a3b549547b998c293780300ffe) Importer(815301076,1909f56bfc062723c751e8b465ee728b) [PhysX] Initialized MultithreadedTaskDispatcher with 8 workers.
 -> (artifact id: '8b3f4dd528e2cbeb4af8ed2c013ac195') in 0.002938 seconds
Number of updated asset objects reloaded before import = 0
Number of asset objects unloaded after import = 0
========================================================================
Received Import Request.
  Time since last request: 0.067141 seconds.
  path: Assets/AllSkyFree/Deep Dusk/Deep Dusk.mat
  artifactKey: Guid(b4f152e0498484391a9f0d5a1facf03b) Importer(815301076,1909f56bfc062723c751e8b465ee728b)
Start importing Assets/AllSkyFree/Deep Dusk/Deep Dusk.mat using Guid(b4f152e0498484391a9f0d5a1facf03b) Importer(815301076,1909f56bfc062723c751e8b465ee728b) [PhysX] Initialized MultithreadedTaskDispatcher with 8 workers.
[PhysX] Initialized MultithreadedTaskDispatcher with 8 workers.
 -> (artifact id: '0aad39c14eddf8cf653dd852be5ea36d') in 0.064774 seconds
Number of updated asset objects reloaded before import = 0
Number of asset objects unloaded after import = 8
========================================================================
Received Import Request.
  Time since last request: 0.000100 seconds.
  path: Assets/AllSkyFree/Deep Dusk/Deep Dusk__Cam_5_Down-Y.png
  artifactKey: Guid(2e38ed7c39e8e4314930da8a86ae7a88) Importer(815301076,1909f56bfc062723c751e8b465ee728b)
Start importing Assets/AllSkyFree/Deep Dusk/Deep Dusk__Cam_5_Down-Y.png using Guid(2e38ed7c39e8e4314930da8a86ae7a88) Importer(815301076,1909f56bfc062723c751e8b465ee728b) [PhysX] Initialized MultithreadedTaskDispatcher with 8 workers.
[PhysX] Initialized MultithreadedTaskDispatcher with 8 workers.
 -> (artifact id: 'eb8abd384be25c6ee047092e8e576f7a') in 0.012268 seconds
Number of updated asset objects reloaded before import = 0
Number of asset objects unloaded after import = 2
========================================================================
Received Import Request.
  Time since last request: 0.000407 seconds.
  path: Assets/AllSkyFree/Deep Dusk/Deep Dusk__Cam_2_Left+X.png
  artifactKey: Guid(519e05b7b3cd14409b4a22d07660cfc8) Importer(815301076,1909f56bfc062723c751e8b465ee728b)
Start importing Assets/AllSkyFree/Deep Dusk/Deep Dusk__Cam_2_Left+X.png using Guid(519e05b7b3cd14409b4a22d07660cfc8) Importer(815301076,1909f56bfc062723c751e8b465ee728b) [PhysX] Initialized MultithreadedTaskDispatcher with 8 workers.
[PhysX] Initialized MultithreadedTaskDispatcher with 8 workers.
 -> (artifact id: '94c4f7ccd291f5b7e18d12ba00ce7e45') in 0.008586 seconds
Number of updated asset objects reloaded before import = 0
Number of asset objects unloaded after import = 2
========================================================================
Received Import Request.
  Time since last request: 0.000098 seconds.
  path: Assets/AllSkyFree/Deep Dusk/Deep Dusk__Cam_1_Back-Z.png
  artifactKey: Guid(5e2aba0844c5a4c2ca77ba49a1ea08d5) Importer(815301076,1909f56bfc062723c751e8b465ee728b)
Start importing Assets/AllSkyFree/Deep Dusk/Deep Dusk__Cam_1_Back-Z.png using Guid(5e2aba0844c5a4c2ca77ba49a1ea08d5) Importer(815301076,1909f56bfc062723c751e8b465ee728b) [PhysX] Initialized MultithreadedTaskDispatcher with 8 workers.
[PhysX] Initialized MultithreadedTaskDispatcher with 8 workers.
 -> (artifact id: '4a73f2f15023c4cd6aea3fc06651f686') in 0.008242 seconds
Number of updated asset objects reloaded before import = 0
Number of asset objects unloaded after import = 2
========================================================================
Received Import Request.
  Time since last request: 8.332353 seconds.
  path: Assets/AllSkyFree/Epic_BlueSunset
  artifactKey: Guid(6eb09a1750d2d4f609c0e79b804a9f3e) Importer(815301076,1909f56bfc062723c751e8b465ee728b)
Start importing Assets/AllSkyFree/Epic_BlueSunset using Guid(6eb09a1750d2d4f609c0e79b804a9f3e) Importer(815301076,1909f56bfc062723c751e8b465ee728b) [PhysX] Initialized MultithreadedTaskDispatcher with 8 workers.
 -> (artifact id: 'f9266f2ae3d7ad09fe2e1c2dffb0651a') in 0.002076 seconds
Number of updated asset objects reloaded before import = 0
Number of asset objects unloaded after import = 0
========================================================================
Received Import Request.
  Time since last request: 0.062519 seconds.
  path: Assets/AllSkyFree/Epic_BlueSunset/Epic_BlueSunset.mat
  artifactKey: Guid(7416536dbe0334cfd888dd1beb75a9fb) Importer(815301076,1909f56bfc062723c751e8b465ee728b)
Start importing Assets/AllSkyFree/Epic_BlueSunset/Epic_BlueSunset.mat using Guid(7416536dbe0334cfd888dd1beb75a9fb) Importer(815301076,1909f56bfc062723c751e8b465ee728b) [PhysX] Initialized MultithreadedTaskDispatcher with 8 workers.
[PhysX] Initialized MultithreadedTaskDispatcher with 8 workers.
 -> (artifact id: 'd2e0377eb9948ee135a1068278769446') in 0.966080 seconds
Number of updated asset objects reloaded before import = 0
Number of asset objects unloaded after import = 8
========================================================================
Received Import Request.
  Time since last request: 3.551730 seconds.
  path: Assets/AllSkyFree/Epic_GloriousPink
  artifactKey: Guid(edc1859f6d31046c9936ffb1609fabeb) Importer(815301076,1909f56bfc062723c751e8b465ee728b)
Start importing Assets/AllSkyFree/Epic_GloriousPink using Guid(edc1859f6d31046c9936ffb1609fabeb) Importer(815301076,1909f56bfc062723c751e8b465ee728b) [PhysX] Initialized MultithreadedTaskDispatcher with 8 workers.
 -> (artifact id: '21ce41cb9e965011ee877c1b0720c726') in 0.003603 seconds
Number of updated asset objects reloaded before import = 0
Number of asset objects unloaded after import = 0
========================================================================
Received Import Request.
  Time since last request: 0.000159 seconds.
  path: Assets/AllSkyFree/Epic_GloriousPink/Epic_GloriousPink.mat
  artifactKey: Guid(8b7dd0809c7c6498789fa32a61eaa6cb) Importer(815301076,1909f56bfc062723c751e8b465ee728b)
Start importing Assets/AllSkyFree/Epic_GloriousPink/Epic_GloriousPink.mat using Guid(8b7dd0809c7c6498789fa32a61eaa6cb) Importer(815301076,1909f56bfc062723c751e8b465ee728b) [PhysX] Initialized MultithreadedTaskDispatcher with 8 workers.
[PhysX] Initialized MultithreadedTaskDispatcher with 8 workers.
 -> (artifact id: '728face6fb3314177d345b773836eae7') in 0.125121 seconds
Number of updated asset objects reloaded before import = 0
Number of asset objects unloaded after import = 8
========================================================================
Received Import Request.
  Time since last request: 0.000062 seconds.
  path: Assets/AllSkyFree/Epic_GloriousPink/Epic_GloriousPink_Cam_1_Back-Z.png
  artifactKey: Guid(8e7251cff63ea413db367d2893f57bf6) Importer(815301076,1909f56bfc062723c751e8b465ee728b)
Start importing Assets/AllSkyFree/Epic_GloriousPink/Epic_GloriousPink_Cam_1_Back-Z.png using Guid(8e7251cff63ea413db367d2893f57bf6) Importer(815301076,1909f56bfc062723c751e8b465ee728b) [PhysX] Initialized MultithreadedTaskDispatcher with 8 workers.
[PhysX] Initialized MultithreadedTaskDispatcher with 8 workers.
 -> (artifact id: '4a5cbc1e222dafdea574c9262212573f') in 0.028100 seconds
Number of updated asset objects reloaded before import = 0
Number of asset objects unloaded after import = 2
========================================================================
Received Import Request.
  Time since last request: 0.000287 seconds.
  path: Assets/AllSkyFree/Epic_GloriousPink/Epic_GloriousPink_Cam_4_Up+Y.png
  artifactKey: Guid(c3e1d31cf8ef742ad8aed75a1fdaff49) Importer(815301076,1909f56bfc062723c751e8b465ee728b)
Start importing Assets/AllSkyFree/Epic_GloriousPink/Epic_GloriousPink_Cam_4_Up+Y.png using Guid(c3e1d31cf8ef742ad8aed75a1fdaff49) Importer(815301076,1909f56bfc062723c751e8b465ee728b) [PhysX] Initialized MultithreadedTaskDispatcher with 8 workers.
[PhysX] Initialized MultithreadedTaskDispatcher with 8 workers.
 -> (artifact id: '3b124bda1b86cf9d6322c98029c9277d') in 0.011803 seconds
Number of updated asset objects reloaded before import = 0
Number of asset objects unloaded after import = 2
========================================================================
Received Import Request.
  Time since last request: 0.000133 seconds.
  path: Assets/AllSkyFree/Epic_GloriousPink/Epic_GloriousPink_EquiRect.png
  artifactKey: Guid(8a293ce833d584fc98516e0e74f495a4) Importer(815301076,1909f56bfc062723c751e8b465ee728b)
Start importing Assets/AllSkyFree/Epic_GloriousPink/Epic_GloriousPink_EquiRect.png using Guid(8a293ce833d584fc98516e0e74f495a4) Importer(815301076,1909f56bfc062723c751e8b465ee728b) [PhysX] Initialized MultithreadedTaskDispatcher with 8 workers.
[PhysX] Initialized MultithreadedTaskDispatcher with 8 workers.
[PhysX] Initialized MultithreadedTaskDispatcher with 8 workers.
 -> (artifact id: '90afc5f13c7f6e11d461010261ebf343') in 0.040985 seconds
Number of updated asset objects reloaded before import = 0
Number of asset objects unloaded after import = 2
========================================================================
Received Import Request.
  Time since last request: 6.461364 seconds.
  path: Assets/AllSkyFree/Night MoonBurst
  artifactKey: Guid(26e352704e0b94af78a547c6d44125d9) Importer(815301076,1909f56bfc062723c751e8b465ee728b)
Start importing Assets/AllSkyFree/Night MoonBurst using Guid(26e352704e0b94af78a547c6d44125d9) Importer(815301076,1909f56bfc062723c751e8b465ee728b) [PhysX] Initialized MultithreadedTaskDispatcher with 8 workers.
 -> (artifact id: '795f82fc59c933cf6c7f0128c9ff16ad') in 0.004806 seconds
Number of updated asset objects reloaded before import = 0
Number of asset objects unloaded after import = 0
========================================================================
Received Import Request.
  Time since last request: 0.048038 seconds.
  path: Assets/AllSkyFree/Night MoonBurst/AllSky_Night_MoonBurst Equirect.mat
  artifactKey: Guid(51b74d7bad397457d883c5940f7664d8) Importer(815301076,1909f56bfc062723c751e8b465ee728b)
Start importing Assets/AllSkyFree/Night MoonBurst/AllSky_Night_MoonBurst Equirect.mat using Guid(51b74d7bad397457d883c5940f7664d8) Importer(815301076,1909f56bfc062723c751e8b465ee728b) [PhysX] Initialized MultithreadedTaskDispatcher with 8 workers.
[PhysX] Initialized MultithreadedTaskDispatcher with 8 workers.
 -> (artifact id: '08c45ce2765e6a59e53b38872ff8f704') in 0.101196 seconds
Number of updated asset objects reloaded before import = 0
Number of asset objects unloaded after import = 3
========================================================================
Received Import Request.
  Time since last request: 0.000356 seconds.
  path: Assets/AllSkyFree/Night MoonBurst/Night Moon Burst.mat
  artifactKey: Guid(c494c335823f54b52b2e87e1b7a63a23) Importer(815301076,1909f56bfc062723c751e8b465ee728b)
Start importing Assets/AllSkyFree/Night MoonBurst/Night Moon Burst.mat using Guid(c494c335823f54b52b2e87e1b7a63a23) Importer(815301076,1909f56bfc062723c751e8b465ee728b) [PhysX] Initialized MultithreadedTaskDispatcher with 8 workers.
[PhysX] Initialized MultithreadedTaskDispatcher with 8 workers.
 -> (artifact id: '8ec0512d9f478deeb822e813bf0e03fa') in 0.074014 seconds
Number of updated asset objects reloaded before import = 0
Number of asset objects unloaded after import = 8
========================================================================
Received Import Request.
  Time since last request: 0.000116 seconds.
  path: Assets/AllSkyFree/Night MoonBurst/Night Moon Burst_Cam_3_Right-X.png
  artifactKey: Guid(8e462a9bf0b1941148e4318e741d7b09) Importer(815301076,1909f56bfc062723c751e8b465ee728b)
Start importing Assets/AllSkyFree/Night MoonBurst/Night Moon Burst_Cam_3_Right-X.png using Guid(8e462a9bf0b1941148e4318e741d7b09) Importer(815301076,1909f56bfc062723c751e8b465ee728b) [PhysX] Initialized MultithreadedTaskDispatcher with 8 workers.
[PhysX] Initialized MultithreadedTaskDispatcher with 8 workers.
 -> (artifact id: '8637bfcf22d5ad50cc240c7213300397') in 0.036263 seconds
Number of updated asset objects reloaded before import = 0
Number of asset objects unloaded after import = 2
========================================================================
Received Import Request.
  Time since last request: 0.006680 seconds.
  path: Assets/AllSkyFree/Night MoonBurst/Night Moon Burst_Cam_1_Back-Z.png
  artifactKey: Guid(88710d7f2a0fa4bfeacbf7045be893fc) Importer(815301076,1909f56bfc062723c751e8b465ee728b)
Start importing Assets/AllSkyFree/Night MoonBurst/Night Moon Burst_Cam_1_Back-Z.png using Guid(88710d7f2a0fa4bfeacbf7045be893fc) Importer(815301076,1909f56bfc062723c751e8b465ee728b) [PhysX] Initialized MultithreadedTaskDispatcher with 8 workers.
[PhysX] Initialized MultithreadedTaskDispatcher with 8 workers.
 -> (artifact id: '758c0f69e0ad02870a5bbbe032c6623d') in 0.023544 seconds
Number of updated asset objects reloaded before import = 0
Number of asset objects unloaded after import = 2
========================================================================
Received Import Request.
  Time since last request: 7.339492 seconds.
  path: Assets/AllSkyFree/Overcast Low
  artifactKey: Guid(63e1d590517f54841ad8cf519edf1256) Importer(815301076,1909f56bfc062723c751e8b465ee728b)
Start importing Assets/AllSkyFree/Overcast Low using Guid(63e1d590517f54841ad8cf519edf1256) Importer(815301076,1909f56bfc062723c751e8b465ee728b) [PhysX] Initialized MultithreadedTaskDispatcher with 8 workers.
 -> (artifact id: '46c86210c0e9a63a91118cb83288fac2') in 0.002057 seconds
Number of updated asset objects reloaded before import = 0
Number of asset objects unloaded after import = 0
========================================================================
Received Import Request.
  Time since last request: 0.070376 seconds.
  path: Assets/AllSkyFree/Overcast Low/AllSky_Overcast4_Low.mat
  artifactKey: Guid(f2b5f3f20933f434e850db1b710542fd) Importer(815301076,1909f56bfc062723c751e8b465ee728b)
Start importing Assets/AllSkyFree/Overcast Low/AllSky_Overcast4_Low.mat using Guid(f2b5f3f20933f434e850db1b710542fd) Importer(815301076,1909f56bfc062723c751e8b465ee728b) [PhysX] Initialized MultithreadedTaskDispatcher with 8 workers.
[PhysX] Initialized MultithreadedTaskDispatcher with 8 workers.
 -> (artifact id: '96ca7222fdb92d294156a5b085e69f70') in 0.105966 seconds
Number of updated asset objects reloaded before import = 0
Number of asset objects unloaded after import = 8
========================================================================
Received Import Request.
  Time since last request: 0.000160 seconds.
  path: Assets/AllSkyFree/Overcast Low/Sky_AllSky_Overcast4_Low_Cam_2_Left+X.png
  artifactKey: Guid(4b922104744dc4f5ab309b556a7677da) Importer(815301076,1909f56bfc062723c751e8b465ee728b)
Start importing Assets/AllSkyFree/Overcast Low/Sky_AllSky_Overcast4_Low_Cam_2_Left+X.png using Guid(4b922104744dc4f5ab309b556a7677da) Importer(815301076,1909f56bfc062723c751e8b465ee728b) [PhysX] Initialized MultithreadedTaskDispatcher with 8 workers.
[PhysX] Initialized MultithreadedTaskDispatcher with 8 workers.
 -> (artifact id: '2e6d4278f85bf803905c9c2b77f69d66') in 0.038397 seconds
Number of updated asset objects reloaded before import = 0
Number of asset objects unloaded after import = 2
========================================================================
Received Import Request.
  Time since last request: 0.000537 seconds.
  path: Assets/AllSkyFree/Overcast Low/AllSky_Overcast4_Low Equirect.mat
  artifactKey: Guid(54fe2f000ad8f424fb63cc3ea0ae2bb2) Importer(815301076,1909f56bfc062723c751e8b465ee728b)
Start importing Assets/AllSkyFree/Overcast Low/AllSky_Overcast4_Low Equirect.mat using Guid(54fe2f000ad8f424fb63cc3ea0ae2bb2) Importer(815301076,1909f56bfc062723c751e8b465ee728b) [PhysX] Initialized MultithreadedTaskDispatcher with 8 workers.
[PhysX] Initialized MultithreadedTaskDispatcher with 8 workers.
 -> (artifact id: 'b0268b07792603227f3b35a6a4103ebd') in 0.029507 seconds
Number of updated asset objects reloaded before import = 0
Number of asset objects unloaded after import = 3
========================================================================
Received Import Request.
  Time since last request: 0.000061 seconds.
  path: Assets/AllSkyFree/Overcast Low/Sky_AllSky_Overcast4_Low_Cam_4_Up+Y.png
  artifactKey: Guid(93ce6277acd7243f685c04cc3c1d0cc4) Importer(815301076,1909f56bfc062723c751e8b465ee728b)
Start importing Assets/AllSkyFree/Overcast Low/Sky_AllSky_Overcast4_Low_Cam_4_Up+Y.png using Guid(93ce6277acd7243f685c04cc3c1d0cc4) Importer(815301076,1909f56bfc062723c751e8b465ee728b) [PhysX] Initialized MultithreadedTaskDispatcher with 8 workers.
[PhysX] Initialized MultithreadedTaskDispatcher with 8 workers.
 -> (artifact id: 'cf2062b339c15385ffe9dd835c937bf0') in 0.011025 seconds
Number of updated asset objects reloaded before import = 0
Number of asset objects unloaded after import = 2
========================================================================
Received Import Request.
  Time since last request: 6.465406 seconds.
  path: Assets/AllSkyFree/Space_AnotherPlanet
  artifactKey: Guid(5aa7b9311704b43fa88e82c5ec3baa46) Importer(815301076,1909f56bfc062723c751e8b465ee728b)
Start importing Assets/AllSkyFree/Space_AnotherPlanet using Guid(5aa7b9311704b43fa88e82c5ec3baa46) Importer(815301076,1909f56bfc062723c751e8b465ee728b) [PhysX] Initialized MultithreadedTaskDispatcher with 8 workers.
 -> (artifact id: '83ef7be045e1262c18bc2fb72c08633b') in 0.010226 seconds
Number of updated asset objects reloaded before import = 0
Number of asset objects unloaded after import = 0
========================================================================
Received Import Request.
  Time since last request: 0.041131 seconds.
  path: Assets/AllSkyFree/Space_AnotherPlanet/AllSky_Space_AnotherPlanet.mat
  artifactKey: Guid(656058fe318eb48558d21d66d1a79a2b) Importer(815301076,1909f56bfc062723c751e8b465ee728b)
Start importing Assets/AllSkyFree/Space_AnotherPlanet/AllSky_Space_AnotherPlanet.mat using Guid(656058fe318eb48558d21d66d1a79a2b) Importer(815301076,1909f56bfc062723c751e8b465ee728b) [PhysX] Initialized MultithreadedTaskDispatcher with 8 workers.
[PhysX] Initialized MultithreadedTaskDispatcher with 8 workers.
 -> (artifact id: '631c2dd9bcf860889caed822b37bdfbc') in 0.189842 seconds
Number of updated asset objects reloaded before import = 0
Number of asset objects unloaded after import = 8
========================================================================
Received Import Request.
  Time since last request: 0.000115 seconds.
  path: Assets/AllSkyFree/Space_AnotherPlanet/AllSky_Space_AnotherPlanet_Cam_1_Back-Z.png
  artifactKey: Guid(0264465325ebb45239163258479c2a60) Importer(815301076,1909f56bfc062723c751e8b465ee728b)
Start importing Assets/AllSkyFree/Space_AnotherPlanet/AllSky_Space_AnotherPlanet_Cam_1_Back-Z.png using Guid(0264465325ebb45239163258479c2a60) Importer(815301076,1909f56bfc062723c751e8b465ee728b) [PhysX] Initialized MultithreadedTaskDispatcher with 8 workers.
[PhysX] Initialized MultithreadedTaskDispatcher with 8 workers.
 -> (artifact id: 'd55769614002809a06349a0a9c76269b') in 0.047743 seconds
Number of updated asset objects reloaded before import = 0
Number of asset objects unloaded after import = 2
========================================================================
Received Import Request.
  Time since last request: 0.000175 seconds.
  path: Assets/AllSkyFree/Space_AnotherPlanet/AllSky_Space_AnotherPlanet Equirect.png
  artifactKey: Guid(393dd4c82e2a04ec08ef9f57528230c6) Importer(815301076,1909f56bfc062723c751e8b465ee728b)
Start importing Assets/AllSkyFree/Space_AnotherPlanet/AllSky_Space_AnotherPlanet Equirect.png using Guid(393dd4c82e2a04ec08ef9f57528230c6) Importer(815301076,1909f56bfc062723c751e8b465ee728b) [PhysX] Initialized MultithreadedTaskDispatcher with 8 workers.
[PhysX] Initialized MultithreadedTaskDispatcher with 8 workers.
[PhysX] Initialized MultithreadedTaskDispatcher with 8 workers.
 -> (artifact id: '9be2723de5312b7b0c6353c2adf8fac7') in 0.091180 seconds
Number of updated asset objects reloaded before import = 0
Number of asset objects unloaded after import = 2
========================================================================
Received Import Request.
  Time since last request: 0.000667 seconds.
  path: Assets/AllSkyFree/Space_AnotherPlanet/AllSky_Space_AnotherPlanet_Cam_3_Right-X.png
  artifactKey: Guid(ca9af6b5ce9284592aabb781392ff61e) Importer(815301076,1909f56bfc062723c751e8b465ee728b)
Start importing Assets/AllSkyFree/Space_AnotherPlanet/AllSky_Space_AnotherPlanet_Cam_3_Right-X.png using Guid(ca9af6b5ce9284592aabb781392ff61e) Importer(815301076,1909f56bfc062723c751e8b465ee728b) [PhysX] Initialized MultithreadedTaskDispatcher with 8 workers.
[PhysX] Initialized MultithreadedTaskDispatcher with 8 workers.
 -> (artifact id: '49ae4681d950f2a382875a796477d1b0') in 0.018690 seconds
Number of updated asset objects reloaded before import = 0
Number of asset objects unloaded after import = 2
========================================================================
Received Prepare
Caller must complete domain reload
Begin MonoManager ReloadAssembly
Thread 0x16cf47000 may have been prematurely finalized
- Loaded All Assemblies, in  0.870 seconds
Native extension for Android target not found
Native extension for OSXStandalone target not found
Mono: successfully reloaded assembly
- Finished resetting the current domain, in  2.745 seconds
Domain Reload Profiling: 3668ms
	BeginReloadAssembly (384ms)
		ExecutionOrderSort (0ms)
		DisableScriptedObjects (33ms)
		BackupInstance (0ms)
		ReleaseScriptingObjects (0ms)
		CreateAndSetChildDomain (121ms)
	RebuildCommonClasses (62ms)
	RebuildNativeTypeToScriptingClass (18ms)
	initialDomainReloadingComplete (34ms)
	LoadAllAssembliesAndSetupDomain (423ms)
		LoadAssemblies (493ms)
		RebuildTransferFunctionScriptingTraits (0ms)
		AnalyzeDomain (33ms)
			TypeCache.Refresh (13ms)
				TypeCache.ScanAssembly (0ms)
			ScanForSourceGeneratedMonoScriptInfo (0ms)
			ResolveRequiredComponents (16ms)
	FinalizeReload (2747ms)
		ReleaseScriptCaches (0ms)
		RebuildScriptCaches (0ms)
		SetupLoadedEditorAssemblies (1496ms)
			LogAssemblyErrors (0ms)
			InitializePlatformSupportModulesInManaged (17ms)
			SetLoadedEditorAssemblies (8ms)
			RefreshPlugins (0ms)
			BeforeProcessingInitializeOnLoad (160ms)
			ProcessInitializeOnLoadAttributes (1150ms)
			ProcessInitializeOnLoadMethodAttributes (159ms)
			AfterProcessingInitializeOnLoad (2ms)
			EditorAssembliesLoaded (0ms)
		ExecutionOrderSort2 (0ms)
		AwakeInstancesAfterBackupRestoration (57ms)
Refreshing native plugins compatible for Editor in 3.35 ms, found 2 plugins.
Preloading 0 native plugins for Editor in 0.00 ms.
Unloading 5409 Unused Serialized files (Serialized files now loaded: 0)
Unloading 45 unused Assets / (2.7 MB). Loaded Objects now: 6731.
Memory consumption went from 457.7 MB to 455.0 MB.
Total: 11.392167 ms (FindLiveObjects: 0.599000 ms CreateObjectMapping: 0.297791 ms MarkObjects: 8.839917 ms  DeleteObjects: 1.653791 ms)

Prepare: number of updated asset objects reloaded= 0
AssetImportParameters requested are different than current active one (requested -> active):
  custom:container-demuxer-ogg: 62fdf1f143b41e24485cea50d1cbac27 -> 
  custom:scripting/monoscript/fileName/scfr.cs: 75e39e9eaeb1fe37b86637421086a64a -> 
  custom:video-decoder-ogg-theora: a1e56fd34408186e4bbccfd4996cb3dc -> 
  custom:scripting/monoscript/fileName/LevitationSimple.cs: 7f9641633186756a309fd611f9f20ddb -> 
  custom:scripting/monoscript/fileName/DamageText.cs: aaefcd28d501d1d3134b3d2b8b0e09a3 -> 
  custom:CustomObjectIndexerAttribute: 3ead1caaecf1c488f20bcfeb224b6af5 -> 
  custom:container-demuxer-webm: 4f35f7cbe854078d1ac9338744f61a02 -> 
  custom:container-muxer-webm: aa71ff27fc2769a1b78a27578f13a17b -> 
  custom:video-decoder-webm-vp8: 9c59270c3fd7afecdb556c50c9e8de78 -> 
  custom:SearchIndexIgnoredProperties: e643bd26f0fe6173181afceb89e7c659 -> 
  custom:AudioImporter_EditorPlatform: 3918e3fc78b5a79bad01e8451be0beb8 -> 
  custom:scripting/monoscript/fileName/ArmeFlottante.cs: f6e6b68c285c689b35f5bb933184e350 -> 
  custom:framework-osx-AVFoundation: e770b220cccbd017edd2c1fefb359320 -> 
  custom:video-encoder-webm-vp8: eb34c28f22e8b96e1ab97ce403110664 -> 
  custom:audio-decoder-ogg-vorbis: bf7c407c2cedff20999df2af8eb42d56 -> 
  custom:audio-encoder-webm-vorbis: bf7c407c2cedff20999df2af8eb42d56 -> 
  custom:scripting/precompiled-assembly-types:Assembly-CSharp: b3f0294f022856da6f203ccecf808779 -> 6f568ef1cfb45685900e534eb7cdc9ec
========================================================================
Received Prepare
Caller must complete domain reload
Begin MonoManager ReloadAssembly
Thread 0x16cf47000 may have been prematurely finalized
- Loaded All Assemblies, in  0.614 seconds
Native extension for Android target not found
Native extension for OSXStandalone target not found
Mono: successfully reloaded assembly
- Finished resetting the current domain, in  2.745 seconds
Domain Reload Profiling: 3361ms
	BeginReloadAssembly (223ms)
		ExecutionOrderSort (0ms)
		DisableScriptedObjects (16ms)
		BackupInstance (0ms)
		ReleaseScriptingObjects (0ms)
		CreateAndSetChildDomain (79ms)
	RebuildCommonClasses (58ms)
	RebuildNativeTypeToScriptingClass (19ms)
	initialDomainReloadingComplete (35ms)
	LoadAllAssembliesAndSetupDomain (279ms)
		LoadAssemblies (331ms)
		RebuildTransferFunctionScriptingTraits (0ms)
		AnalyzeDomain (30ms)
			TypeCache.Refresh (12ms)
				TypeCache.ScanAssembly (0ms)
			ScanForSourceGeneratedMonoScriptInfo (0ms)
			ResolveRequiredComponents (17ms)
	FinalizeReload (2747ms)
		ReleaseScriptCaches (0ms)
		RebuildScriptCaches (0ms)
		SetupLoadedEditorAssemblies (1331ms)
			LogAssemblyErrors (0ms)
			InitializePlatformSupportModulesInManaged (46ms)
			SetLoadedEditorAssemblies (16ms)
			RefreshPlugins (0ms)
			BeforeProcessingInitializeOnLoad (180ms)
			ProcessInitializeOnLoadAttributes (948ms)
			ProcessInitializeOnLoadMethodAttributes (137ms)
			AfterProcessingInitializeOnLoad (2ms)
			EditorAssembliesLoaded (0ms)
		ExecutionOrderSort2 (0ms)
		AwakeInstancesAfterBackupRestoration (49ms)
Refreshing native plugins compatible for Editor in 5.54 ms, found 2 plugins.
Preloading 0 native plugins for Editor in 0.00 ms.
Unloading 5409 Unused Serialized files (Serialized files now loaded: 0)
Unloading 45 unused Assets / (2.7 MB). Loaded Objects now: 6736.
Memory consumption went from 461.5 MB to 458.8 MB.
Total: 12.266875 ms (FindLiveObjects: 0.772417 ms CreateObjectMapping: 0.277000 ms MarkObjects: 8.966250 ms  DeleteObjects: 2.250166 ms)

Prepare: number of updated asset objects reloaded= 0
AssetImportParameters requested are different than current active one (requested -> active):
  custom:container-demuxer-ogg: 62fdf1f143b41e24485cea50d1cbac27 -> 
  custom:scripting/monoscript/fileName/scfr.cs: 75e39e9eaeb1fe37b86637421086a64a -> 
  custom:video-decoder-ogg-theora: a1e56fd34408186e4bbccfd4996cb3dc -> 
  custom:scripting/monoscript/fileName/LevitationSimple.cs: 7f9641633186756a309fd611f9f20ddb -> 
  custom:scripting/monoscript/fileName/DamageText.cs: aaefcd28d501d1d3134b3d2b8b0e09a3 -> 
  custom:CustomObjectIndexerAttribute: 3ead1caaecf1c488f20bcfeb224b6af5 -> 
  custom:container-demuxer-webm: 4f35f7cbe854078d1ac9338744f61a02 -> 
  custom:container-muxer-webm: aa71ff27fc2769a1b78a27578f13a17b -> 
  custom:video-decoder-webm-vp8: 9c59270c3fd7afecdb556c50c9e8de78 -> 
  custom:SearchIndexIgnoredProperties: e643bd26f0fe6173181afceb89e7c659 -> 
  custom:AudioImporter_EditorPlatform: 3918e3fc78b5a79bad01e8451be0beb8 -> 
  custom:scripting/monoscript/fileName/ArmeFlottante.cs: f6e6b68c285c689b35f5bb933184e350 -> 
  custom:framework-osx-AVFoundation: e770b220cccbd017edd2c1fefb359320 -> 
  custom:video-encoder-webm-vp8: eb34c28f22e8b96e1ab97ce403110664 -> 
  custom:audio-decoder-ogg-vorbis: bf7c407c2cedff20999df2af8eb42d56 -> 
  custom:audio-encoder-webm-vorbis: bf7c407c2cedff20999df2af8eb42d56 -> 
  custom:scripting/precompiled-assembly-types:Assembly-CSharp: b3f0294f022856da6f203ccecf808779 -> 6f568ef1cfb45685900e534eb7cdc9ec
========================================================================
Received Prepare
Caller must complete domain reload
Begin MonoManager ReloadAssembly
Thread 0x16cf47000 may have been prematurely finalized
- Loaded All Assemblies, in  1.244 seconds
Native extension for Android target not found
Native extension for OSXStandalone target not found
Mono: successfully reloaded assembly
- Finished resetting the current domain, in  1.514 seconds
Domain Reload Profiling: 2762ms
	BeginReloadAssembly (411ms)
		ExecutionOrderSort (0ms)
		DisableScriptedObjects (8ms)
		BackupInstance (0ms)
		ReleaseScriptingObjects (0ms)
		CreateAndSetChildDomain (202ms)
	RebuildCommonClasses (72ms)
	RebuildNativeTypeToScriptingClass (19ms)
	initialDomainReloadingComplete (31ms)
	LoadAllAssembliesAndSetupDomain (716ms)
		LoadAssemblies (623ms)
		RebuildTransferFunctionScriptingTraits (0ms)
		AnalyzeDomain (228ms)
			TypeCache.Refresh (62ms)
				TypeCache.ScanAssembly (4ms)
			ScanForSourceGeneratedMonoScriptInfo (130ms)
			ResolveRequiredComponents (35ms)
	FinalizeReload (1514ms)
		ReleaseScriptCaches (0ms)
		RebuildScriptCaches (0ms)
		SetupLoadedEditorAssemblies (551ms)
			LogAssemblyErrors (0ms)
			InitializePlatformSupportModulesInManaged (16ms)
			SetLoadedEditorAssemblies (5ms)
			RefreshPlugins (0ms)
			BeforeProcessingInitializeOnLoad (84ms)
			ProcessInitializeOnLoadAttributes (385ms)
			ProcessInitializeOnLoadMethodAttributes (59ms)
			AfterProcessingInitializeOnLoad (1ms)
			EditorAssembliesLoaded (0ms)
		ExecutionOrderSort2 (0ms)
		AwakeInstancesAfterBackupRestoration (22ms)
Refreshing native plugins compatible for Editor in 1.34 ms, found 2 plugins.
Preloading 0 native plugins for Editor in 0.00 ms.
Unloading 5410 Unused Serialized files (Serialized files now loaded: 0)
Unloading 45 unused Assets / (2.7 MB). Loaded Objects now: 6742.
Memory consumption went from 465.3 MB to 462.6 MB.
Total: 6.236250 ms (FindLiveObjects: 0.486166 ms CreateObjectMapping: 0.128584 ms MarkObjects: 4.396666 ms  DeleteObjects: 1.223833 ms)

Prepare: number of updated asset objects reloaded= 0
AssetImportParameters requested are different than current active one (requested -> active):
  custom:container-demuxer-ogg: 62fdf1f143b41e24485cea50d1cbac27 -> 
  custom:scripting/monoscript/fileName/scfr.cs: 75e39e9eaeb1fe37b86637421086a64a -> 
  custom:video-decoder-ogg-theora: a1e56fd34408186e4bbccfd4996cb3dc -> 
  custom:scripting/monoscript/fileName/PorteAventure.cs: 7109d3db92fbb356cc870c988e849c7a -> 
  custom:scripting/monoscript/fileName/LevitationSimple.cs: 7f9641633186756a309fd611f9f20ddb -> 
  custom:scripting/monoscript/fileName/DamageText.cs: aaefcd28d501d1d3134b3d2b8b0e09a3 -> 
  custom:CustomObjectIndexerAttribute: 3ead1caaecf1c488f20bcfeb224b6af5 -> 
  custom:container-demuxer-webm: 4f35f7cbe854078d1ac9338744f61a02 -> 
  custom:container-muxer-webm: aa71ff27fc2769a1b78a27578f13a17b -> 
  custom:video-decoder-webm-vp8: 9c59270c3fd7afecdb556c50c9e8de78 -> 
  custom:SearchIndexIgnoredProperties: e643bd26f0fe6173181afceb89e7c659 -> 
  custom:AudioImporter_EditorPlatform: 3918e3fc78b5a79bad01e8451be0beb8 -> 
  custom:scripting/monoscript/fileName/ArmeFlottante.cs: f6e6b68c285c689b35f5bb933184e350 -> 
  custom:framework-osx-AVFoundation: e770b220cccbd017edd2c1fefb359320 -> 
  custom:video-encoder-webm-vp8: eb34c28f22e8b96e1ab97ce403110664 -> 
  custom:audio-decoder-ogg-vorbis: bf7c407c2cedff20999df2af8eb42d56 -> 
  custom:audio-encoder-webm-vorbis: bf7c407c2cedff20999df2af8eb42d56 -> 
  custom:scripting/precompiled-assembly-types:Assembly-CSharp: e0ad61b87124db9c8c8261f465591feb -> 6f568ef1cfb45685900e534eb7cdc9ec
========================================================================
Received Prepare
Caller must complete domain reload
Begin MonoManager ReloadAssembly
Thread 0x16cf47000 may have been prematurely finalized
- Loaded All Assemblies, in  1.469 seconds
Native extension for Android target not found
Native extension for OSXStandalone target not found
Mono: successfully reloaded assembly
- Finished resetting the current domain, in  3.427 seconds
Domain Reload Profiling: 4901ms
	BeginReloadAssembly (371ms)
		ExecutionOrderSort (0ms)
		DisableScriptedObjects (5ms)
		BackupInstance (0ms)
		ReleaseScriptingObjects (0ms)
		CreateAndSetChildDomain (163ms)
	RebuildCommonClasses (114ms)
	RebuildNativeTypeToScriptingClass (46ms)
	initialDomainReloadingComplete (96ms)
	LoadAllAssembliesAndSetupDomain (846ms)
		LoadAssemblies (726ms)
		RebuildTransferFunctionScriptingTraits (0ms)
		AnalyzeDomain (275ms)
			TypeCache.Refresh (55ms)
				TypeCache.ScanAssembly (5ms)
			ScanForSourceGeneratedMonoScriptInfo (154ms)
			ResolveRequiredComponents (64ms)
	FinalizeReload (3428ms)
		ReleaseScriptCaches (0ms)
		RebuildScriptCaches (0ms)
		SetupLoadedEditorAssemblies (1026ms)
			LogAssemblyErrors (0ms)
			InitializePlatformSupportModulesInManaged (25ms)
			SetLoadedEditorAssemblies (13ms)
			RefreshPlugins (0ms)
			BeforeProcessingInitializeOnLoad (145ms)
			ProcessInitializeOnLoadAttributes (752ms)
			ProcessInitializeOnLoadMethodAttributes (90ms)
			AfterProcessingInitializeOnLoad (1ms)
			EditorAssembliesLoaded (0ms)
		ExecutionOrderSort2 (0ms)
		AwakeInstancesAfterBackupRestoration (38ms)
Refreshing native plugins compatible for Editor in 8.49 ms, found 2 plugins.
Preloading 0 native plugins for Editor in 0.00 ms.
Unloading 5410 Unused Serialized files (Serialized files now loaded: 0)
Unloading 45 unused Assets / (2.7 MB). Loaded Objects now: 6747.
Memory consumption went from 469.1 MB to 466.4 MB.
Total: 15.976417 ms (FindLiveObjects: 1.935500 ms CreateObjectMapping: 0.342375 ms MarkObjects: 12.139875 ms  DeleteObjects: 1.557166 ms)

Prepare: number of updated asset objects reloaded= 0
AssetImportParameters requested are different than current active one (requested -> active):
  custom:container-demuxer-ogg: 62fdf1f143b41e24485cea50d1cbac27 -> 
  custom:scripting/monoscript/fileName/scfr.cs: 75e39e9eaeb1fe37b86637421086a64a -> 
  custom:video-decoder-ogg-theora: a1e56fd34408186e4bbccfd4996cb3dc -> 
  custom:scripting/monoscript/fileName/PorteAventure.cs: 7109d3db92fbb356cc870c988e849c7a -> 
  custom:scripting/monoscript/fileName/LevitationSimple.cs: 7f9641633186756a309fd611f9f20ddb -> 
  custom:scripting/monoscript/fileName/DamageText.cs: aaefcd28d501d1d3134b3d2b8b0e09a3 -> 
  custom:CustomObjectIndexerAttribute: 3ead1caaecf1c488f20bcfeb224b6af5 -> 
  custom:container-demuxer-webm: 4f35f7cbe854078d1ac9338744f61a02 -> 
  custom:container-muxer-webm: aa71ff27fc2769a1b78a27578f13a17b -> 
  custom:video-decoder-webm-vp8: 9c59270c3fd7afecdb556c50c9e8de78 -> 
  custom:SearchIndexIgnoredProperties: e643bd26f0fe6173181afceb89e7c659 -> 
  custom:AudioImporter_EditorPlatform: 3918e3fc78b5a79bad01e8451be0beb8 -> 
  custom:scripting/monoscript/fileName/ArmeFlottante.cs: f6e6b68c285c689b35f5bb933184e350 -> 
  custom:framework-osx-AVFoundation: e770b220cccbd017edd2c1fefb359320 -> 
  custom:video-encoder-webm-vp8: eb34c28f22e8b96e1ab97ce403110664 -> 
  custom:audio-decoder-ogg-vorbis: bf7c407c2cedff20999df2af8eb42d56 -> 
  custom:audio-encoder-webm-vorbis: bf7c407c2cedff20999df2af8eb42d56 -> 
  custom:scripting/precompiled-assembly-types:Assembly-CSharp: e0ad61b87124db9c8c8261f465591feb -> 6f568ef1cfb45685900e534eb7cdc9ec
========================================================================
Received Import Request.
  Time since last request: 718.167495 seconds.
  path: Assets/Text (TMP).prefab
  artifactKey: Guid(238e0e50c89024ab6a758fc6711225df) Importer(815301076,1909f56bfc062723c751e8b465ee728b)
Start importing Assets/Text (TMP).prefab using Guid(238e0e50c89024ab6a758fc6711225df) Importer(815301076,1909f56bfc062723c751e8b465ee728b) [PhysX] Initialized MultithreadedTaskDispatcher with 8 workers.
 -> (artifact id: 'bd3e3b3c058eeb61bd46762a6a227ced') in 0.553722 seconds
Number of updated asset objects reloaded before import = 0
Number of asset objects unloaded after import = 15
========================================================================
Received Prepare
Caller must complete domain reload
Begin MonoManager ReloadAssembly
Thread 0x16cf47000 may have been prematurely finalized
- Loaded All Assemblies, in  1.028 seconds
Native extension for Android target not found
Native extension for OSXStandalone target not found
Mono: successfully reloaded assembly
- Finished resetting the current domain, in  1.715 seconds
Domain Reload Profiling: 2744ms
	BeginReloadAssembly (310ms)
		ExecutionOrderSort (0ms)
		DisableScriptedObjects (8ms)
		BackupInstance (0ms)
		ReleaseScriptingObjects (0ms)
		CreateAndSetChildDomain (90ms)
	RebuildCommonClasses (49ms)
	RebuildNativeTypeToScriptingClass (15ms)
	initialDomainReloadingComplete (28ms)
	LoadAllAssembliesAndSetupDomain (627ms)
		LoadAssemblies (651ms)
		RebuildTransferFunctionScriptingTraits (0ms)
		AnalyzeDomain (122ms)
			TypeCache.Refresh (30ms)
				TypeCache.ScanAssembly (2ms)
			ScanForSourceGeneratedMonoScriptInfo (73ms)
			ResolveRequiredComponents (19ms)
	FinalizeReload (1715ms)
		ReleaseScriptCaches (0ms)
		RebuildScriptCaches (0ms)
		SetupLoadedEditorAssemblies (552ms)
			LogAssemblyErrors (0ms)
			InitializePlatformSupportModulesInManaged (17ms)
			SetLoadedEditorAssemblies (5ms)
			RefreshPlugins (0ms)
			BeforeProcessingInitializeOnLoad (89ms)
			ProcessInitializeOnLoadAttributes (383ms)
			ProcessInitializeOnLoadMethodAttributes (57ms)
			AfterProcessingInitializeOnLoad (1ms)
			EditorAssembliesLoaded (0ms)
		ExecutionOrderSort2 (0ms)
		AwakeInstancesAfterBackupRestoration (22ms)
Refreshing native plugins compatible for Editor in 1.25 ms, found 2 plugins.
Preloading 0 native plugins for Editor in 0.00 ms.
Unloading 5410 Unused Serialized files (Serialized files now loaded: 0)
Unloading 45 unused Assets / (2.7 MB). Loaded Objects now: 6752.
Memory consumption went from 473.3 MB to 470.6 MB.
Total: 14.197667 ms (FindLiveObjects: 1.413416 ms CreateObjectMapping: 0.198375 ms MarkObjects: 10.188167 ms  DeleteObjects: 2.395708 ms)

Prepare: number of updated asset objects reloaded= 0
AssetImportParameters requested are different than current active one (requested -> active):
  custom:container-demuxer-ogg: 62fdf1f143b41e24485cea50d1cbac27 -> 
  custom:scripting/monoscript/fileName/scfr.cs: 75e39e9eaeb1fe37b86637421086a64a -> 
  custom:video-decoder-ogg-theora: a1e56fd34408186e4bbccfd4996cb3dc -> 
  custom:scripting/monoscript/fileName/PorteAventure.cs: 7109d3db92fbb356cc870c988e849c7a -> 
  custom:scripting/monoscript/fileName/LevitationSimple.cs: 7f9641633186756a309fd611f9f20ddb -> 
  custom:scripting/monoscript/fileName/DamageText.cs: aaefcd28d501d1d3134b3d2b8b0e09a3 -> 
  custom:CustomObjectIndexerAttribute: 3ead1caaecf1c488f20bcfeb224b6af5 -> 
  custom:container-demuxer-webm: 4f35f7cbe854078d1ac9338744f61a02 -> 
  custom:container-muxer-webm: aa71ff27fc2769a1b78a27578f13a17b -> 
  custom:video-decoder-webm-vp8: 9c59270c3fd7afecdb556c50c9e8de78 -> 
  custom:SearchIndexIgnoredProperties: e643bd26f0fe6173181afceb89e7c659 -> 
  custom:AudioImporter_EditorPlatform: 3918e3fc78b5a79bad01e8451be0beb8 -> 
  custom:scripting/monoscript/fileName/ArmeFlottante.cs: f6e6b68c285c689b35f5bb933184e350 -> 
  custom:framework-osx-AVFoundation: e770b220cccbd017edd2c1fefb359320 -> 
  custom:video-encoder-webm-vp8: eb34c28f22e8b96e1ab97ce403110664 -> 
  custom:audio-decoder-ogg-vorbis: bf7c407c2cedff20999df2af8eb42d56 -> 
  custom:audio-encoder-webm-vorbis: bf7c407c2cedff20999df2af8eb42d56 -> 
  custom:scripting/precompiled-assembly-types:Assembly-CSharp: e0ad61b87124db9c8c8261f465591feb -> 6f568ef1cfb45685900e534eb7cdc9ec
========================================================================
Received Prepare
Caller must complete domain reload
Begin MonoManager ReloadAssembly
Thread 0x16cf47000 may have been prematurely finalized
- Loaded All Assemblies, in  0.607 seconds
Native extension for Android target not found
Native extension for OSXStandalone target not found
Mono: successfully reloaded assembly
- Finished resetting the current domain, in  1.547 seconds
Domain Reload Profiling: 2159ms
	BeginReloadAssembly (194ms)
		ExecutionOrderSort (0ms)
		DisableScriptedObjects (6ms)
		BackupInstance (0ms)
		ReleaseScriptingObjects (0ms)
		CreateAndSetChildDomain (79ms)
	RebuildCommonClasses (53ms)
	RebuildNativeTypeToScriptingClass (16ms)
	initialDomainReloadingComplete (27ms)
	LoadAllAssembliesAndSetupDomain (322ms)
		LoadAssemblies (337ms)
		RebuildTransferFunctionScriptingTraits (0ms)
		AnalyzeDomain (41ms)
			TypeCache.Refresh (22ms)
				TypeCache.ScanAssembly (0ms)
			ScanForSourceGeneratedMonoScriptInfo (0ms)
			ResolveRequiredComponents (18ms)
	FinalizeReload (1548ms)
		ReleaseScriptCaches (0ms)
		RebuildScriptCaches (0ms)
		SetupLoadedEditorAssemblies (809ms)
			LogAssemblyErrors (0ms)
			InitializePlatformSupportModulesInManaged (19ms)
			SetLoadedEditorAssemblies (7ms)
			RefreshPlugins (0ms)
			BeforeProcessingInitializeOnLoad (97ms)
			ProcessInitializeOnLoadAttributes (592ms)
			ProcessInitializeOnLoadMethodAttributes (92ms)
			AfterProcessingInitializeOnLoad (1ms)
			EditorAssembliesLoaded (0ms)
		ExecutionOrderSort2 (0ms)
		AwakeInstancesAfterBackupRestoration (30ms)
Refreshing native plugins compatible for Editor in 2.51 ms, found 2 plugins.
Preloading 0 native plugins for Editor in 0.00 ms.
Unloading 5410 Unused Serialized files (Serialized files now loaded: 0)
Unloading 45 unused Assets / (2.7 MB). Loaded Objects now: 6757.
Memory consumption went from 477.0 MB to 474.3 MB.
Total: 21.665583 ms (FindLiveObjects: 5.769167 ms CreateObjectMapping: 0.452500 ms MarkObjects: 13.410084 ms  DeleteObjects: 2.032250 ms)

Prepare: number of updated asset objects reloaded= 0
AssetImportParameters requested are different than current active one (requested -> active):
  custom:container-demuxer-ogg: 62fdf1f143b41e24485cea50d1cbac27 -> 
  custom:scripting/monoscript/fileName/scfr.cs: 75e39e9eaeb1fe37b86637421086a64a -> 
  custom:video-decoder-ogg-theora: a1e56fd34408186e4bbccfd4996cb3dc -> 
  custom:scripting/monoscript/fileName/PorteAventure.cs: 7109d3db92fbb356cc870c988e849c7a -> 
  custom:scripting/monoscript/fileName/LevitationSimple.cs: 7f9641633186756a309fd611f9f20ddb -> 
  custom:scripting/monoscript/fileName/DamageText.cs: aaefcd28d501d1d3134b3d2b8b0e09a3 -> 
  custom:CustomObjectIndexerAttribute: 3ead1caaecf1c488f20bcfeb224b6af5 -> 
  custom:container-demuxer-webm: 4f35f7cbe854078d1ac9338744f61a02 -> 
  custom:container-muxer-webm: aa71ff27fc2769a1b78a27578f13a17b -> 
  custom:video-decoder-webm-vp8: 9c59270c3fd7afecdb556c50c9e8de78 -> 
  custom:SearchIndexIgnoredProperties: e643bd26f0fe6173181afceb89e7c659 -> 
  custom:AudioImporter_EditorPlatform: 3918e3fc78b5a79bad01e8451be0beb8 -> 
  custom:scripting/monoscript/fileName/ArmeFlottante.cs: f6e6b68c285c689b35f5bb933184e350 -> 
  custom:framework-osx-AVFoundation: e770b220cccbd017edd2c1fefb359320 -> 
  custom:video-encoder-webm-vp8: eb34c28f22e8b96e1ab97ce403110664 -> 
  custom:audio-decoder-ogg-vorbis: bf7c407c2cedff20999df2af8eb42d56 -> 
  custom:audio-encoder-webm-vorbis: bf7c407c2cedff20999df2af8eb42d56 -> 
  custom:scripting/precompiled-assembly-types:Assembly-CSharp: e0ad61b87124db9c8c8261f465591feb -> 6f568ef1cfb45685900e534eb7cdc9ec
========================================================================
Received Prepare
Caller must complete domain reload
Begin MonoManager ReloadAssembly
Thread 0x16cf47000 may have been prematurely finalized
- Loaded All Assemblies, in  0.695 seconds
Native extension for Android target not found
Native extension for OSXStandalone target not found
Mono: successfully reloaded assembly
- Finished resetting the current domain, in  2.752 seconds
Domain Reload Profiling: 3451ms
	BeginReloadAssembly (260ms)
		ExecutionOrderSort (0ms)
		DisableScriptedObjects (9ms)
		BackupInstance (0ms)
		ReleaseScriptingObjects (0ms)
		CreateAndSetChildDomain (98ms)
	RebuildCommonClasses (67ms)
	RebuildNativeTypeToScriptingClass (21ms)
	initialDomainReloadingComplete (34ms)
	LoadAllAssembliesAndSetupDomain (316ms)
		LoadAssemblies (356ms)
		RebuildTransferFunctionScriptingTraits (0ms)
		AnalyzeDomain (49ms)
			TypeCache.Refresh (27ms)
				TypeCache.ScanAssembly (0ms)
			ScanForSourceGeneratedMonoScriptInfo (0ms)
			ResolveRequiredComponents (20ms)
	FinalizeReload (2753ms)
		ReleaseScriptCaches (0ms)
		RebuildScriptCaches (0ms)
		SetupLoadedEditorAssemblies (1474ms)
			LogAssemblyErrors (0ms)
			InitializePlatformSupportModulesInManaged (29ms)
			SetLoadedEditorAssemblies (16ms)
			RefreshPlugins (0ms)
			BeforeProcessingInitializeOnLoad (209ms)
			ProcessInitializeOnLoadAttributes (1052ms)
			ProcessInitializeOnLoadMethodAttributes (164ms)
			AfterProcessingInitializeOnLoad (3ms)
			EditorAssembliesLoaded (1ms)
		ExecutionOrderSort2 (1ms)
		AwakeInstancesAfterBackupRestoration (49ms)
Refreshing native plugins compatible for Editor in 5.71 ms, found 2 plugins.
Preloading 0 native plugins for Editor in 0.00 ms.
Unloading 5410 Unused Serialized files (Serialized files now loaded: 0)
Unloading 45 unused Assets / (2.7 MB). Loaded Objects now: 6762.
Memory consumption went from 480.8 MB to 478.1 MB.
Total: 10.056666 ms (FindLiveObjects: 0.553166 ms CreateObjectMapping: 0.259125 ms MarkObjects: 8.090625 ms  DeleteObjects: 1.152458 ms)

Prepare: number of updated asset objects reloaded= 0
AssetImportParameters requested are different than current active one (requested -> active):
  custom:container-demuxer-ogg: 62fdf1f143b41e24485cea50d1cbac27 -> 
  custom:scripting/monoscript/fileName/scfr.cs: 75e39e9eaeb1fe37b86637421086a64a -> 
  custom:video-decoder-ogg-theora: a1e56fd34408186e4bbccfd4996cb3dc -> 
  custom:scripting/monoscript/fileName/PorteAventure.cs: 7109d3db92fbb356cc870c988e849c7a -> 
  custom:scripting/monoscript/fileName/LevitationSimple.cs: 7f9641633186756a309fd611f9f20ddb -> 
  custom:scripting/monoscript/fileName/DamageText.cs: aaefcd28d501d1d3134b3d2b8b0e09a3 -> 
  custom:CustomObjectIndexerAttribute: 3ead1caaecf1c488f20bcfeb224b6af5 -> 
  custom:container-demuxer-webm: 4f35f7cbe854078d1ac9338744f61a02 -> 
  custom:container-muxer-webm: aa71ff27fc2769a1b78a27578f13a17b -> 
  custom:video-decoder-webm-vp8: 9c59270c3fd7afecdb556c50c9e8de78 -> 
  custom:SearchIndexIgnoredProperties: e643bd26f0fe6173181afceb89e7c659 -> 
  custom:AudioImporter_EditorPlatform: 3918e3fc78b5a79bad01e8451be0beb8 -> 
  custom:scripting/monoscript/fileName/ArmeFlottante.cs: f6e6b68c285c689b35f5bb933184e350 -> 
  custom:framework-osx-AVFoundation: e770b220cccbd017edd2c1fefb359320 -> 
  custom:video-encoder-webm-vp8: eb34c28f22e8b96e1ab97ce403110664 -> 
  custom:audio-decoder-ogg-vorbis: bf7c407c2cedff20999df2af8eb42d56 -> 
  custom:audio-encoder-webm-vorbis: bf7c407c2cedff20999df2af8eb42d56 -> 
  custom:scripting/precompiled-assembly-types:Assembly-CSharp: e0ad61b87124db9c8c8261f465591feb -> 6f568ef1cfb45685900e534eb7cdc9ec
========================================================================
Received Import Request.
  Time since last request: 290.717136 seconds.
  path: Assets/Text (TMP).prefab
  artifactKey: Guid(238e0e50c89024ab6a758fc6711225df) Importer(815301076,1909f56bfc062723c751e8b465ee728b)
Start importing Assets/Text (TMP).prefab using Guid(238e0e50c89024ab6a758fc6711225df) Importer(815301076,1909f56bfc062723c751e8b465ee728b) [PhysX] Initialized MultithreadedTaskDispatcher with 8 workers.
 -> (artifact id: 'fae90ba72608453a01ea87d3a0a1762d') in 0.215329 seconds
Number of updated asset objects reloaded before import = 0
Number of asset objects unloaded after import = 15
========================================================================
Received Prepare
Caller must complete domain reload
Begin MonoManager ReloadAssembly
Thread 0x16cf47000 may have been prematurely finalized
- Loaded All Assemblies, in  3.857 seconds
Native extension for Android target not found
Native extension for OSXStandalone target not found
Mono: successfully reloaded assembly
- Finished resetting the current domain, in  3.500 seconds
Domain Reload Profiling: 7372ms
	BeginReloadAssembly (2808ms)
		ExecutionOrderSort (0ms)
		DisableScriptedObjects (93ms)
		BackupInstance (0ms)
		ReleaseScriptingObjects (4ms)
		CreateAndSetChildDomain (975ms)
	RebuildCommonClasses (73ms)
	RebuildNativeTypeToScriptingClass (16ms)
	initialDomainReloadingComplete (43ms)
	LoadAllAssembliesAndSetupDomain (930ms)
		LoadAssemblies (2089ms)
		RebuildTransferFunctionScriptingTraits (0ms)
		AnalyzeDomain (79ms)
			TypeCache.Refresh (33ms)
				TypeCache.ScanAssembly (0ms)
			ScanForSourceGeneratedMonoScriptInfo (0ms)
			ResolveRequiredComponents (42ms)
	FinalizeReload (3502ms)
		ReleaseScriptCaches (0ms)
		RebuildScriptCaches (0ms)
		SetupLoadedEditorAssemblies (1107ms)
			LogAssemblyErrors (0ms)
			InitializePlatformSupportModulesInManaged (39ms)
			SetLoadedEditorAssemblies (15ms)
			RefreshPlugins (0ms)
			BeforeProcessingInitializeOnLoad (215ms)
			ProcessInitializeOnLoadAttributes (743ms)
			ProcessInitializeOnLoadMethodAttributes (92ms)
			AfterProcessingInitializeOnLoad (2ms)
			EditorAssembliesLoaded (0ms)
		ExecutionOrderSort2 (0ms)
		AwakeInstancesAfterBackupRestoration (53ms)
Refreshing native plugins compatible for Editor in 8.86 ms, found 2 plugins.
Preloading 0 native plugins for Editor in 0.00 ms.
Unloading 5410 Unused Serialized files (Serialized files now loaded: 0)
Unloading 45 unused Assets / (2.7 MB). Loaded Objects now: 6767.
Memory consumption went from 484.5 MB to 481.8 MB.
Total: 34.910084 ms (FindLiveObjects: 4.021834 ms CreateObjectMapping: 0.645667 ms MarkObjects: 27.154875 ms  DeleteObjects: 3.086417 ms)

Prepare: number of updated asset objects reloaded= 0
AssetImportParameters requested are different than current active one (requested -> active):
  custom:container-demuxer-ogg: 62fdf1f143b41e24485cea50d1cbac27 -> 
  custom:scripting/monoscript/fileName/scfr.cs: 75e39e9eaeb1fe37b86637421086a64a -> 
  custom:video-decoder-ogg-theora: a1e56fd34408186e4bbccfd4996cb3dc -> 
  custom:scripting/monoscript/fileName/PorteAventure.cs: 7109d3db92fbb356cc870c988e849c7a -> 
  custom:scripting/monoscript/fileName/LevitationSimple.cs: 7f9641633186756a309fd611f9f20ddb -> 
  custom:scripting/monoscript/fileName/DamageText.cs: aaefcd28d501d1d3134b3d2b8b0e09a3 -> 
  custom:CustomObjectIndexerAttribute: 3ead1caaecf1c488f20bcfeb224b6af5 -> 
  custom:container-demuxer-webm: 4f35f7cbe854078d1ac9338744f61a02 -> 
  custom:container-muxer-webm: aa71ff27fc2769a1b78a27578f13a17b -> 
  custom:video-decoder-webm-vp8: 9c59270c3fd7afecdb556c50c9e8de78 -> 
  custom:SearchIndexIgnoredProperties: e643bd26f0fe6173181afceb89e7c659 -> 
  custom:AudioImporter_EditorPlatform: 3918e3fc78b5a79bad01e8451be0beb8 -> 
  custom:scripting/monoscript/fileName/ArmeFlottante.cs: f6e6b68c285c689b35f5bb933184e350 -> 
  custom:framework-osx-AVFoundation: e770b220cccbd017edd2c1fefb359320 -> 
  custom:video-encoder-webm-vp8: eb34c28f22e8b96e1ab97ce403110664 -> 
  custom:audio-decoder-ogg-vorbis: bf7c407c2cedff20999df2af8eb42d56 -> 
  custom:audio-encoder-webm-vorbis: bf7c407c2cedff20999df2af8eb42d56 -> 
  custom:scripting/precompiled-assembly-types:Assembly-CSharp: e0ad61b87124db9c8c8261f465591feb -> 6f568ef1cfb45685900e534eb7cdc9ec
========================================================================
Received Prepare
Caller must complete domain reload
Begin MonoManager ReloadAssembly
Thread 0x16cf47000 may have been prematurely finalized
- Loaded All Assemblies, in  0.530 seconds
Native extension for Android target not found
Native extension for OSXStandalone target not found
Mono: successfully reloaded assembly
- Finished resetting the current domain, in  2.333 seconds
Domain Reload Profiling: 2873ms
	BeginReloadAssembly (195ms)
		ExecutionOrderSort (0ms)
		DisableScriptedObjects (5ms)
		BackupInstance (0ms)
		ReleaseScriptingObjects (0ms)
		CreateAndSetChildDomain (79ms)
	RebuildCommonClasses (46ms)
	RebuildNativeTypeToScriptingClass (14ms)
	initialDomainReloadingComplete (24ms)
	LoadAllAssembliesAndSetupDomain (259ms)
		LoadAssemblies (270ms)
		RebuildTransferFunctionScriptingTraits (0ms)
		AnalyzeDomain (42ms)
			TypeCache.Refresh (26ms)
				TypeCache.ScanAssembly (0ms)
			ScanForSourceGeneratedMonoScriptInfo (0ms)
			ResolveRequiredComponents (14ms)
	FinalizeReload (2334ms)
		ReleaseScriptCaches (0ms)
		RebuildScriptCaches (0ms)
		SetupLoadedEditorAssemblies (1231ms)
			LogAssemblyErrors (2ms)
			InitializePlatformSupportModulesInManaged (42ms)
			SetLoadedEditorAssemblies (9ms)
			RefreshPlugins (0ms)
			BeforeProcessingInitializeOnLoad (116ms)
			ProcessInitializeOnLoadAttributes (924ms)
			ProcessInitializeOnLoadMethodAttributes (135ms)
			AfterProcessingInitializeOnLoad (3ms)
			EditorAssembliesLoaded (1ms)
		ExecutionOrderSort2 (0ms)
		AwakeInstancesAfterBackupRestoration (53ms)
Refreshing native plugins compatible for Editor in 4.15 ms, found 2 plugins.
Preloading 0 native plugins for Editor in 0.00 ms.
Unloading 5410 Unused Serialized files (Serialized files now loaded: 0)
Unloading 45 unused Assets / (2.7 MB). Loaded Objects now: 6772.
Memory consumption went from 488.3 MB to 485.6 MB.
Total: 10.299584 ms (FindLiveObjects: 0.485667 ms CreateObjectMapping: 0.224875 ms MarkObjects: 8.549459 ms  DeleteObjects: 1.038417 ms)

Prepare: number of updated asset objects reloaded= 0
AssetImportParameters requested are different than current active one (requested -> active):
  custom:container-demuxer-ogg: 62fdf1f143b41e24485cea50d1cbac27 -> 
  custom:scripting/monoscript/fileName/scfr.cs: 75e39e9eaeb1fe37b86637421086a64a -> 
  custom:video-decoder-ogg-theora: a1e56fd34408186e4bbccfd4996cb3dc -> 
  custom:scripting/monoscript/fileName/PorteAventure.cs: 7109d3db92fbb356cc870c988e849c7a -> 
  custom:scripting/monoscript/fileName/LevitationSimple.cs: 7f9641633186756a309fd611f9f20ddb -> 
  custom:scripting/monoscript/fileName/DamageText.cs: aaefcd28d501d1d3134b3d2b8b0e09a3 -> 
  custom:CustomObjectIndexerAttribute: 3ead1caaecf1c488f20bcfeb224b6af5 -> 
  custom:container-demuxer-webm: 4f35f7cbe854078d1ac9338744f61a02 -> 
  custom:container-muxer-webm: aa71ff27fc2769a1b78a27578f13a17b -> 
  custom:video-decoder-webm-vp8: 9c59270c3fd7afecdb556c50c9e8de78 -> 
  custom:SearchIndexIgnoredProperties: e643bd26f0fe6173181afceb89e7c659 -> 
  custom:AudioImporter_EditorPlatform: 3918e3fc78b5a79bad01e8451be0beb8 -> 
  custom:scripting/monoscript/fileName/ArmeFlottante.cs: f6e6b68c285c689b35f5bb933184e350 -> 
  custom:framework-osx-AVFoundation: e770b220cccbd017edd2c1fefb359320 -> 
  custom:video-encoder-webm-vp8: eb34c28f22e8b96e1ab97ce403110664 -> 
  custom:audio-decoder-ogg-vorbis: bf7c407c2cedff20999df2af8eb42d56 -> 
  custom:audio-encoder-webm-vorbis: bf7c407c2cedff20999df2af8eb42d56 -> 
  custom:scripting/precompiled-assembly-types:Assembly-CSharp: e0ad61b87124db9c8c8261f465591feb -> 6f568ef1cfb45685900e534eb7cdc9ec
========================================================================
Received Prepare
Caller must complete domain reload
Begin MonoManager ReloadAssembly
Thread 0x16cf47000 may have been prematurely finalized
- Loaded All Assemblies, in  1.174 seconds
Native extension for Android target not found
Native extension for OSXStandalone target not found
Mono: successfully reloaded assembly
- Finished resetting the current domain, in  3.293 seconds
Domain Reload Profiling: 4476ms
	BeginReloadAssembly (561ms)
		ExecutionOrderSort (0ms)
		DisableScriptedObjects (26ms)
		BackupInstance (0ms)
		ReleaseScriptingObjects (1ms)
		CreateAndSetChildDomain (151ms)
	RebuildCommonClasses (59ms)
	RebuildNativeTypeToScriptingClass (16ms)
	initialDomainReloadingComplete (38ms)
	LoadAllAssembliesAndSetupDomain (508ms)
		LoadAssemblies (723ms)
		RebuildTransferFunctionScriptingTraits (0ms)
		AnalyzeDomain (78ms)
			TypeCache.Refresh (44ms)
				TypeCache.ScanAssembly (0ms)
			ScanForSourceGeneratedMonoScriptInfo (1ms)
			ResolveRequiredComponents (32ms)
	FinalizeReload (3294ms)
		ReleaseScriptCaches (0ms)
		RebuildScriptCaches (0ms)
		SetupLoadedEditorAssemblies (1389ms)
			LogAssemblyErrors (0ms)
			InitializePlatformSupportModulesInManaged (35ms)
			SetLoadedEditorAssemblies (12ms)
			RefreshPlugins (0ms)
			BeforeProcessingInitializeOnLoad (206ms)
			ProcessInitializeOnLoadAttributes (980ms)
			ProcessInitializeOnLoadMethodAttributes (153ms)
			AfterProcessingInitializeOnLoad (2ms)
			EditorAssembliesLoaded (0ms)
		ExecutionOrderSort2 (0ms)
		AwakeInstancesAfterBackupRestoration (54ms)
Refreshing native plugins compatible for Editor in 3.71 ms, found 2 plugins.
Preloading 0 native plugins for Editor in 0.00 ms.
Unloading 5410 Unused Serialized files (Serialized files now loaded: 0)
Unloading 45 unused Assets / (2.7 MB). Loaded Objects now: 6777.
Memory consumption went from 491.9 MB to 489.2 MB.
Total: 10.008875 ms (FindLiveObjects: 1.010417 ms CreateObjectMapping: 0.212833 ms MarkObjects: 7.462791 ms  DeleteObjects: 1.321958 ms)

Prepare: number of updated asset objects reloaded= 0
AssetImportParameters requested are different than current active one (requested -> active):
  custom:container-demuxer-ogg: 62fdf1f143b41e24485cea50d1cbac27 -> 
  custom:scripting/monoscript/fileName/scfr.cs: 75e39e9eaeb1fe37b86637421086a64a -> 
  custom:video-decoder-ogg-theora: a1e56fd34408186e4bbccfd4996cb3dc -> 
  custom:scripting/monoscript/fileName/PorteAventure.cs: 7109d3db92fbb356cc870c988e849c7a -> 
  custom:scripting/monoscript/fileName/LevitationSimple.cs: 7f9641633186756a309fd611f9f20ddb -> 
  custom:scripting/monoscript/fileName/DamageText.cs: aaefcd28d501d1d3134b3d2b8b0e09a3 -> 
  custom:CustomObjectIndexerAttribute: 3ead1caaecf1c488f20bcfeb224b6af5 -> 
  custom:container-demuxer-webm: 4f35f7cbe854078d1ac9338744f61a02 -> 
  custom:container-muxer-webm: aa71ff27fc2769a1b78a27578f13a17b -> 
  custom:video-decoder-webm-vp8: 9c59270c3fd7afecdb556c50c9e8de78 -> 
  custom:SearchIndexIgnoredProperties: e643bd26f0fe6173181afceb89e7c659 -> 
  custom:AudioImporter_EditorPlatform: 3918e3fc78b5a79bad01e8451be0beb8 -> 
  custom:scripting/monoscript/fileName/ArmeFlottante.cs: f6e6b68c285c689b35f5bb933184e350 -> 
  custom:framework-osx-AVFoundation: e770b220cccbd017edd2c1fefb359320 -> 
  custom:video-encoder-webm-vp8: eb34c28f22e8b96e1ab97ce403110664 -> 
  custom:audio-decoder-ogg-vorbis: bf7c407c2cedff20999df2af8eb42d56 -> 
  custom:audio-encoder-webm-vorbis: bf7c407c2cedff20999df2af8eb42d56 -> 
  custom:scripting/precompiled-assembly-types:Assembly-CSharp: e0ad61b87124db9c8c8261f465591feb -> 6f568ef1cfb45685900e534eb7cdc9ec
========================================================================
Received Prepare
Caller must complete domain reload
Begin MonoManager ReloadAssembly
Thread 0x16cf47000 may have been prematurely finalized
- Loaded All Assemblies, in  0.745 seconds
Native extension for Android target not found
Native extension for OSXStandalone target not found
Mono: successfully reloaded assembly
- Finished resetting the current domain, in  2.656 seconds
Domain Reload Profiling: 3406ms
	BeginReloadAssembly (286ms)
		ExecutionOrderSort (0ms)
		DisableScriptedObjects (7ms)
		BackupInstance (0ms)
		ReleaseScriptingObjects (0ms)
		CreateAndSetChildDomain (86ms)
	RebuildCommonClasses (53ms)
	RebuildNativeTypeToScriptingClass (18ms)
	initialDomainReloadingComplete (34ms)
	LoadAllAssembliesAndSetupDomain (358ms)
		LoadAssemblies (440ms)
		RebuildTransferFunctionScriptingTraits (0ms)
		AnalyzeDomain (42ms)
			TypeCache.Refresh (17ms)
				TypeCache.ScanAssembly (0ms)
			ScanForSourceGeneratedMonoScriptInfo (1ms)
			ResolveRequiredComponents (24ms)
	FinalizeReload (2658ms)
		ReleaseScriptCaches (0ms)
		RebuildScriptCaches (0ms)
		SetupLoadedEditorAssemblies (1245ms)
			LogAssemblyErrors (0ms)
			InitializePlatformSupportModulesInManaged (29ms)
			SetLoadedEditorAssemblies (11ms)
			RefreshPlugins (0ms)
			BeforeProcessingInitializeOnLoad (126ms)
			ProcessInitializeOnLoadAttributes (943ms)
			ProcessInitializeOnLoadMethodAttributes (133ms)
			AfterProcessingInitializeOnLoad (2ms)
			EditorAssembliesLoaded (1ms)
		ExecutionOrderSort2 (0ms)
		AwakeInstancesAfterBackupRestoration (53ms)
Refreshing native plugins compatible for Editor in 4.51 ms, found 2 plugins.
Preloading 0 native plugins for Editor in 0.00 ms.
Unloading 5410 Unused Serialized files (Serialized files now loaded: 0)
Unloading 45 unused Assets / (2.7 MB). Loaded Objects now: 6782.
Memory consumption went from 495.7 MB to 493.0 MB.
Total: 10.619208 ms (FindLiveObjects: 0.567959 ms CreateObjectMapping: 0.256167 ms MarkObjects: 8.640625 ms  DeleteObjects: 1.152875 ms)

Prepare: number of updated asset objects reloaded= 0
AssetImportParameters requested are different than current active one (requested -> active):
  custom:container-demuxer-ogg: 62fdf1f143b41e24485cea50d1cbac27 -> 
  custom:scripting/monoscript/fileName/scfr.cs: 75e39e9eaeb1fe37b86637421086a64a -> 
  custom:video-decoder-ogg-theora: a1e56fd34408186e4bbccfd4996cb3dc -> 
  custom:scripting/monoscript/fileName/PorteAventure.cs: 7109d3db92fbb356cc870c988e849c7a -> 
  custom:scripting/monoscript/fileName/LevitationSimple.cs: 7f9641633186756a309fd611f9f20ddb -> 
  custom:scripting/monoscript/fileName/DamageText.cs: aaefcd28d501d1d3134b3d2b8b0e09a3 -> 
  custom:CustomObjectIndexerAttribute: 3ead1caaecf1c488f20bcfeb224b6af5 -> 
  custom:container-demuxer-webm: 4f35f7cbe854078d1ac9338744f61a02 -> 
  custom:container-muxer-webm: aa71ff27fc2769a1b78a27578f13a17b -> 
  custom:video-decoder-webm-vp8: 9c59270c3fd7afecdb556c50c9e8de78 -> 
  custom:SearchIndexIgnoredProperties: e643bd26f0fe6173181afceb89e7c659 -> 
  custom:AudioImporter_EditorPlatform: 3918e3fc78b5a79bad01e8451be0beb8 -> 
  custom:scripting/monoscript/fileName/ArmeFlottante.cs: f6e6b68c285c689b35f5bb933184e350 -> 
  custom:framework-osx-AVFoundation: e770b220cccbd017edd2c1fefb359320 -> 
  custom:video-encoder-webm-vp8: eb34c28f22e8b96e1ab97ce403110664 -> 
  custom:audio-decoder-ogg-vorbis: bf7c407c2cedff20999df2af8eb42d56 -> 
  custom:audio-encoder-webm-vorbis: bf7c407c2cedff20999df2af8eb42d56 -> 
  custom:scripting/precompiled-assembly-types:Assembly-CSharp: e0ad61b87124db9c8c8261f465591feb -> 6f568ef1cfb45685900e534eb7cdc9ec
========================================================================
Received Import Request.
  Time since last request: 17201.867818 seconds.
  path: Assets/Scenes/Maison_Hades.scenetemplate
  artifactKey: Guid(da305f8319132421c9097ed7445d25da) Importer(815301076,1909f56bfc062723c751e8b465ee728b)
Start importing Assets/Scenes/Maison_Hades.scenetemplate using Guid(da305f8319132421c9097ed7445d25da) Importer(815301076,1909f56bfc062723c751e8b465ee728b) [PhysX] Initialized MultithreadedTaskDispatcher with 8 workers.
 -> (artifact id: '9781dc956dde8094dcd3620fd681fcc3') in 1.808628 seconds
Number of updated asset objects reloaded before import = 0
Number of asset objects unloaded after import = 664
========================================================================
Received Import Request.
  Time since last request: 5.109991 seconds.
  path: Assets/Scenes/Maison_Hades.unity
  artifactKey: Guid(5612655dbd59e44cd91f63d16ddca4c2) Importer(815301076,1909f56bfc062723c751e8b465ee728b)
Start importing Assets/Scenes/Maison_Hades.unity using Guid(5612655dbd59e44cd91f63d16ddca4c2) Importer(815301076,1909f56bfc062723c751e8b465ee728b) [PhysX] Initialized MultithreadedTaskDispatcher with 8 workers.
 -> (artifact id: '44d043c2c8aaedc7b853913bb4e37d4a') in 0.015529 seconds
Number of updated asset objects reloaded before import = 0
Number of asset objects unloaded after import = 0
========================================================================
Received Import Request.
  Time since last request: 925.294105 seconds.
  path: Assets/Scenes/Animations_TD/MannequinIA.cs
  artifactKey: Guid(d3c2f8a2d7ee945d8a7662a2ad12d5ec) Importer(2089858483,0ecaa5967403d082aa24f35e1b516d23)
Start importing Assets/Scenes/Animations_TD/MannequinIA.cs using Guid(d3c2f8a2d7ee945d8a7662a2ad12d5ec) Importer(2089858483,0ecaa5967403d082aa24f35e1b516d23) [PhysX] Initialized MultithreadedTaskDispatcher with 8 workers.
 -> (artifact id: '653eb83e0edfca674d323af36ea0d069') in 0.759395 seconds
Number of updated asset objects reloaded before import = 0
Number of asset objects unloaded after import = 1
========================================================================
Received Import Request.
  Time since last request: 0.000097 seconds.
  path: Assets/TextMesh Pro/Resources/Fonts & Materials/LiberationSans SDF - Drop Shadow.mat
  artifactKey: Guid(e73a58f6e2794ae7b1b7e50b7fb811b0) Importer(2089858483,0ecaa5967403d082aa24f35e1b516d23)
Start importing Assets/TextMesh Pro/Resources/Fonts & Materials/LiberationSans SDF - Drop Shadow.mat using Guid(e73a58f6e2794ae7b1b7e50b7fb811b0) Importer(2089858483,0ecaa5967403d082aa24f35e1b516d23) [PhysX] Initialized MultithreadedTaskDispatcher with 8 workers.
 -> (artifact id: '1bc64aad12275b2ecf954f679dc35300') in 0.112575 seconds
Number of updated asset objects reloaded before import = 0
Number of asset objects unloaded after import = 3
========================================================================
Received Import Request.
  Time since last request: 0.000054 seconds.
  path: Assets/TextMesh Pro/Shaders/TMPro_Mobile.cginc
  artifactKey: Guid(c334973cef89a9840b0b0c507e0377ab) Importer(2089858483,0ecaa5967403d082aa24f35e1b516d23)
Start importing Assets/TextMesh Pro/Shaders/TMPro_Mobile.cginc using Guid(c334973cef89a9840b0b0c507e0377ab) Importer(2089858483,0ecaa5967403d082aa24f35e1b516d23) [PhysX] Initialized MultithreadedTaskDispatcher with 8 workers.
 -> (artifact id: 'ac903b4b47e23d20f9d225da0e69878c') in 0.009616 seconds
Number of updated asset objects reloaded before import = 0
Number of asset objects unloaded after import = 1
========================================================================
Received Import Request.
  Time since last request: 0.001074 seconds.
  path: Assets/TextMesh Pro/Resources/LineBreaking Leading Characters.txt
  artifactKey: Guid(d82c1b31c7e74239bff1220585707d2b) Importer(2089858483,0ecaa5967403d082aa24f35e1b516d23)
Start importing Assets/TextMesh Pro/Resources/LineBreaking Leading Characters.txt using Guid(d82c1b31c7e74239bff1220585707d2b) Importer(2089858483,0ecaa5967403d082aa24f35e1b516d23) [PhysX] Initialized MultithreadedTaskDispatcher with 8 workers.
 -> (artifact id: '9f50ae9ae7dfef7a97ae4ce853081d25') in 0.010192 seconds
Number of updated asset objects reloaded before import = 0
Number of asset objects unloaded after import = 1
========================================================================
Received Import Request.
  Time since last request: 0.000091 seconds.
  path: Assets/PurePoly/Free Fantasy RPG Weapons/Meshes/PP_Theme_09_Horn_003.fbx
  artifactKey: Guid(5114a0f6a24efb649a3502c4856bbd21) Importer(2089858483,0ecaa5967403d082aa24f35e1b516d23)
Start importing Assets/PurePoly/Free Fantasy RPG Weapons/Meshes/PP_Theme_09_Horn_003.fbx using Guid(5114a0f6a24efb649a3502c4856bbd21) Importer(2089858483,0ecaa5967403d082aa24f35e1b516d23) [PhysX] Initialized MultithreadedTaskDispatcher with 8 workers.
 -> (artifact id: '9bc094d4e930d82b3149b85cfeec86d3') in 0.090066 seconds
Number of updated asset objects reloaded before import = 0
Number of asset objects unloaded after import = 7
========================================================================
Received Import Request.
  Time since last request: 0.000859 seconds.
  path: Assets/PurePoly/Free Fantasy RPG Weapons/Materials/PP_Standard_Material_Transparent.mat
  artifactKey: Guid(a26a901f60bf24c41a61724f3f606c8f) Importer(2089858483,0ecaa5967403d082aa24f35e1b516d23)
Start importing Assets/PurePoly/Free Fantasy RPG Weapons/Materials/PP_Standard_Material_Transparent.mat using Guid(a26a901f60bf24c41a61724f3f606c8f) Importer(2089858483,0ecaa5967403d082aa24f35e1b516d23) [PhysX] Initialized MultithreadedTaskDispatcher with 8 workers.
 -> (artifact id: '8ac34de89946824221743ae8e7f9e3d9') in 0.025440 seconds
Number of updated asset objects reloaded before import = 0
Number of asset objects unloaded after import = 2
========================================================================
Received Import Request.
  Time since last request: 0.000071 seconds.
  path: Assets/PurePoly/Free Fantasy RPG Weapons/Meshes/PP_Theme_01_Arrow_001.fbx
  artifactKey: Guid(ad69428b44c938e48ad6d8d96d1c7e78) Importer(2089858483,0ecaa5967403d082aa24f35e1b516d23)
Start importing Assets/PurePoly/Free Fantasy RPG Weapons/Meshes/PP_Theme_01_Arrow_001.fbx using Guid(ad69428b44c938e48ad6d8d96d1c7e78) Importer(2089858483,0ecaa5967403d082aa24f35e1b516d23) [PhysX] Initialized MultithreadedTaskDispatcher with 8 workers.
 -> (artifact id: 'e12e3252dcdb6a6e69d85c19932172b8') in 0.022896 seconds
Number of updated asset objects reloaded before import = 0
Number of asset objects unloaded after import = 7
========================================================================
Received Import Request.
  Time since last request: 0.000104 seconds.
  path: Assets/TextMesh Pro/Sprites/EmojiOne.json
  artifactKey: Guid(8f05276190cf498a8153f6cbe761d4e6) Importer(2089858483,0ecaa5967403d082aa24f35e1b516d23)
Start importing Assets/TextMesh Pro/Sprites/EmojiOne.json using Guid(8f05276190cf498a8153f6cbe761d4e6) Importer(2089858483,0ecaa5967403d082aa24f35e1b516d23) [PhysX] Initialized MultithreadedTaskDispatcher with 8 workers.
 -> (artifact id: '5e5f51846e108c28d55ae9372fb53fec') in 0.006010 seconds
Number of updated asset objects reloaded before import = 0
Number of asset objects unloaded after import = 1
========================================================================
Received Import Request.
  Time since last request: 0.000146 seconds.
  path: Assets/TextMesh Pro/Shaders/TMPro.cginc
  artifactKey: Guid(407bc68d299748449bbf7f48ee690f8d) Importer(2089858483,0ecaa5967403d082aa24f35e1b516d23)
Start importing Assets/TextMesh Pro/Shaders/TMPro.cginc using Guid(407bc68d299748449bbf7f48ee690f8d) Importer(2089858483,0ecaa5967403d082aa24f35e1b516d23) [PhysX] Initialized MultithreadedTaskDispatcher with 8 workers.
 -> (artifact id: 'c83a722d0c649d120eb08e4d6da4150d') in 0.005716 seconds
Number of updated asset objects reloaded before import = 0
Number of asset objects unloaded after import = 1
========================================================================
Received Import Request.
  Time since last request: 0.000898 seconds.
  path: Assets/PurePoly/Free Fantasy RPG Weapons/Prefabs/PP_Theme_10_Torch_001.prefab
  artifactKey: Guid(3edd5014e6a3fc54c8a31dee96544be5) Importer(2089858483,0ecaa5967403d082aa24f35e1b516d23)
Start importing Assets/PurePoly/Free Fantasy RPG Weapons/Prefabs/PP_Theme_10_Torch_001.prefab using Guid(3edd5014e6a3fc54c8a31dee96544be5) Importer(2089858483,0ecaa5967403d082aa24f35e1b516d23) [PhysX] Initialized MultithreadedTaskDispatcher with 8 workers.
 -> (artifact id: '608661331e258319aa62b352877e730e') in 0.021770 seconds
Number of updated asset objects reloaded before import = 0
Number of asset objects unloaded after import = 8
========================================================================
Received Import Request.
  Time since last request: 0.000076 seconds.
  path: Assets/Scenes/Maison_Hades.scenetemplate
  artifactKey: Guid(da305f8319132421c9097ed7445d25da) Importer(2089858483,0ecaa5967403d082aa24f35e1b516d23)
Start importing Assets/Scenes/Maison_Hades.scenetemplate using Guid(da305f8319132421c9097ed7445d25da) Importer(2089858483,0ecaa5967403d082aa24f35e1b516d23) [PhysX] Initialized MultithreadedTaskDispatcher with 8 workers.
 -> (artifact id: '694564f01ef033a34c7cad31936be4e3') in 0.896492 seconds
Number of updated asset objects reloaded before import = 0
Number of asset objects unloaded after import = 664
========================================================================
Received Import Request.
  Time since last request: 0.000181 seconds.
  path: Assets/Scenes/Animations_TD/retargetController.controller
  artifactKey: Guid(63f36f7259cbb4940b8e548a787c80fb) Importer(2089858483,0ecaa5967403d082aa24f35e1b516d23)
Start importing Assets/Scenes/Animations_TD/retargetController.controller using Guid(63f36f7259cbb4940b8e548a787c80fb) Importer(2089858483,0ecaa5967403d082aa24f35e1b516d23) [PhysX] Initialized MultithreadedTaskDispatcher with 8 workers.
 -> (artifact id: '66eee46bd01c8f267c3b0e0b6c478592') in 0.029139 seconds
Number of updated asset objects reloaded before import = 0
Number of asset objects unloaded after import = 12
========================================================================
Received Import Request.
  Time since last request: 0.000052 seconds.
  path: Assets/TextMesh Pro/Documentation
  artifactKey: Guid(8e7e8f5a82a3a134e91c54efd2274ea9) Importer(2089858483,0ecaa5967403d082aa24f35e1b516d23)
Start importing Assets/TextMesh Pro/Documentation using Guid(8e7e8f5a82a3a134e91c54efd2274ea9) Importer(2089858483,0ecaa5967403d082aa24f35e1b516d23) [PhysX] Initialized MultithreadedTaskDispatcher with 8 workers.
 -> (artifact id: 'df6616c6f3ddd011a9defebfc6fff4ed') in 0.003016 seconds
Number of updated asset objects reloaded before import = 0
Number of asset objects unloaded after import = 1
========================================================================
Received Import Request.
  Time since last request: 0.000114 seconds.
  path: Assets/TextMesh Pro/Resources/Fonts & Materials
  artifactKey: Guid(731f1baa9d144a9897cb1d341c2092b8) Importer(2089858483,0ecaa5967403d082aa24f35e1b516d23)
Start importing Assets/TextMesh Pro/Resources/Fonts & Materials using Guid(731f1baa9d144a9897cb1d341c2092b8) Importer(2089858483,0ecaa5967403d082aa24f35e1b516d23) [PhysX] Initialized MultithreadedTaskDispatcher with 8 workers.
 -> (artifact id: '6df60138e93a38e14e9d24d5482fb58d') in 0.002979 seconds
Number of updated asset objects reloaded before import = 0
Number of asset objects unloaded after import = 1
========================================================================
Received Import Request.
  Time since last request: 0.000115 seconds.
  path: Assets/PurePoly/Free Fantasy RPG Weapons/Meshes/PP_Theme_09_Throwing_Knife_003.fbx
  artifactKey: Guid(f9ae6c89b08847149a4ea799204f2451) Importer(2089858483,0ecaa5967403d082aa24f35e1b516d23)
Start importing Assets/PurePoly/Free Fantasy RPG Weapons/Meshes/PP_Theme_09_Throwing_Knife_003.fbx using Guid(f9ae6c89b08847149a4ea799204f2451) Importer(2089858483,0ecaa5967403d082aa24f35e1b516d23) [PhysX] Initialized MultithreadedTaskDispatcher with 8 workers.
 -> (artifact id: '7ce2d475f99e9651c98aa1623a777b74') in 0.019279 seconds
Number of updated asset objects reloaded before import = 0
Number of asset objects unloaded after import = 7
========================================================================
Received Import Request.
  Time since last request: 0.000048 seconds.
  path: Assets/TextMesh Pro/Fonts
  artifactKey: Guid(6ab70aee4d56447429c680537fbf93ed) Importer(2089858483,0ecaa5967403d082aa24f35e1b516d23)
Start importing Assets/TextMesh Pro/Fonts using Guid(6ab70aee4d56447429c680537fbf93ed) Importer(2089858483,0ecaa5967403d082aa24f35e1b516d23) [PhysX] Initialized MultithreadedTaskDispatcher with 8 workers.
 -> (artifact id: 'c803d2db4d0347c11f7be333a3b03aeb') in 0.002632 seconds
Number of updated asset objects reloaded before import = 0
Number of asset objects unloaded after import = 1
========================================================================
Received Import Request.
  Time since last request: 0.000121 seconds.
  path: Assets/PurePoly/Free Fantasy RPG Weapons/Meshes/PP_Theme_04_Scythe_001.fbx
  artifactKey: Guid(5a4446db03809d543a7d95819c9e14e2) Importer(2089858483,0ecaa5967403d082aa24f35e1b516d23)
Start importing Assets/PurePoly/Free Fantasy RPG Weapons/Meshes/PP_Theme_04_Scythe_001.fbx using Guid(5a4446db03809d543a7d95819c9e14e2) Importer(2089858483,0ecaa5967403d082aa24f35e1b516d23) [PhysX] Initialized MultithreadedTaskDispatcher with 8 workers.
 -> (artifact id: '39c4757ce6558e93bb45453177883be5') in 0.013509 seconds
Number of updated asset objects reloaded before import = 0
Number of asset objects unloaded after import = 7
========================================================================
Received Import Request.
  Time since last request: 0.000076 seconds.
  path: Assets/PurePoly/Free Fantasy RPG Weapons/Meshes/PP_Theme_01_Shield_005.fbx
  artifactKey: Guid(07a73b60d63894b41aa76b897185aaff) Importer(2089858483,0ecaa5967403d082aa24f35e1b516d23)
Start importing Assets/PurePoly/Free Fantasy RPG Weapons/Meshes/PP_Theme_01_Shield_005.fbx using Guid(07a73b60d63894b41aa76b897185aaff) Importer(2089858483,0ecaa5967403d082aa24f35e1b516d23) [PhysX] Initialized MultithreadedTaskDispatcher with 8 workers.
 -> (artifact id: '6354f6bf920099f4a820e884c91f23a4') in 0.014427 seconds
Number of updated asset objects reloaded before import = 0
Number of asset objects unloaded after import = 7
========================================================================
Received Import Request.
  Time since last request: 0.000082 seconds.
  path: Assets/TextMesh Pro/Documentation/TextMesh Pro User Guide 2016.pdf
  artifactKey: Guid(1b8d251f9af63b746bf2f7ffe00ebb9b) Importer(2089858483,0ecaa5967403d082aa24f35e1b516d23)
Start importing Assets/TextMesh Pro/Documentation/TextMesh Pro User Guide 2016.pdf using Guid(1b8d251f9af63b746bf2f7ffe00ebb9b) Importer(2089858483,0ecaa5967403d082aa24f35e1b516d23) [PhysX] Initialized MultithreadedTaskDispatcher with 8 workers.
 -> (artifact id: 'f5e07063a45455211c9341c02d89038d') in 0.003162 seconds
Number of updated asset objects reloaded before import = 0
Number of asset objects unloaded after import = 1
========================================================================
Received Import Request.
  Time since last request: 0.000114 seconds.
  path: Assets/PurePoly/Free Fantasy RPG Weapons/Prefabs/PP_Theme_01_Arrow_001.prefab
  artifactKey: Guid(96711372ac71aa94d8ef04b40e9445f9) Importer(2089858483,0ecaa5967403d082aa24f35e1b516d23)
Start importing Assets/PurePoly/Free Fantasy RPG Weapons/Prefabs/PP_Theme_01_Arrow_001.prefab using Guid(96711372ac71aa94d8ef04b40e9445f9) Importer(2089858483,0ecaa5967403d082aa24f35e1b516d23) [PhysX] Initialized MultithreadedTaskDispatcher with 8 workers.
 -> (artifact id: '11e5e880f2776b714eef56dba3e9dcf8') in 0.009289 seconds
Number of updated asset objects reloaded before import = 0
Number of asset objects unloaded after import = 8
========================================================================
Received Import Request.
  Time since last request: 0.000114 seconds.
  path: Assets/PurePoly/Free Fantasy RPG Weapons/Prefabs/PP_Theme_10_Dagger_002.prefab
  artifactKey: Guid(87b744073f89d274ea9986018a77d4e4) Importer(2089858483,0ecaa5967403d082aa24f35e1b516d23)
Start importing Assets/PurePoly/Free Fantasy RPG Weapons/Prefabs/PP_Theme_10_Dagger_002.prefab using Guid(87b744073f89d274ea9986018a77d4e4) Importer(2089858483,0ecaa5967403d082aa24f35e1b516d23) [PhysX] Initialized MultithreadedTaskDispatcher with 8 workers.
 -> (artifact id: '804bfde326cd3a50b292b1062f1dffad') in 0.012681 seconds
Number of updated asset objects reloaded before import = 0
Number of asset objects unloaded after import = 8
========================================================================
Received Import Request.
  Time since last request: 0.000057 seconds.
  path: Assets/PurePoly/Free Fantasy RPG Weapons/Materials
  artifactKey: Guid(1b811862007a15a4d85203eeb8a706d7) Importer(2089858483,0ecaa5967403d082aa24f35e1b516d23)
Start importing Assets/PurePoly/Free Fantasy RPG Weapons/Materials using Guid(1b811862007a15a4d85203eeb8a706d7) Importer(2089858483,0ecaa5967403d082aa24f35e1b516d23) [PhysX] Initialized MultithreadedTaskDispatcher with 8 workers.
 -> (artifact id: '700a908ff44eb0777d6ab76414372595') in 0.002829 seconds
Number of updated asset objects reloaded before import = 0
Number of asset objects unloaded after import = 1
========================================================================
Received Import Request.
  Time since last request: 0.000134 seconds.
  path: Assets/PurePoly/Free Fantasy RPG Weapons/Materials/PP_Standard_Material.mat
  artifactKey: Guid(1ed5c689ba8eacc4c8e9d3b8ba968880) Importer(2089858483,0ecaa5967403d082aa24f35e1b516d23)
Start importing Assets/PurePoly/Free Fantasy RPG Weapons/Materials/PP_Standard_Material.mat using Guid(1ed5c689ba8eacc4c8e9d3b8ba968880) Importer(2089858483,0ecaa5967403d082aa24f35e1b516d23) [PhysX] Initialized MultithreadedTaskDispatcher with 8 workers.
 -> (artifact id: '02838e76cab6e34ee33c8a1af274a2c4') in 0.006051 seconds
Number of updated asset objects reloaded before import = 0
Number of asset objects unloaded after import = 2
========================================================================
Received Import Request.
  Time since last request: 0.000078 seconds.
  path: Assets/TextMesh Pro/Shaders/TMP_Sprite.shader
  artifactKey: Guid(cf81c85f95fe47e1a27f6ae460cf182c) Importer(2089858483,0ecaa5967403d082aa24f35e1b516d23)
Start importing Assets/TextMesh Pro/Shaders/TMP_Sprite.shader using Guid(cf81c85f95fe47e1a27f6ae460cf182c) Importer(2089858483,0ecaa5967403d082aa24f35e1b516d23) [PhysX] Initialized MultithreadedTaskDispatcher with 8 workers.
 -> (artifact id: 'f85bdd8d169844cde3a369255afed457') in 0.009526 seconds
Number of updated asset objects reloaded before import = 0
Number of asset objects unloaded after import = 1
========================================================================
Received Import Request.
  Time since last request: 0.000142 seconds.
  path: Assets/TextMesh Pro/Sprites/EmojiOne Attribution.txt
  artifactKey: Guid(381dcb09d5029d14897e55f98031fca5) Importer(2089858483,0ecaa5967403d082aa24f35e1b516d23)
Start importing Assets/TextMesh Pro/Sprites/EmojiOne Attribution.txt using Guid(381dcb09d5029d14897e55f98031fca5) Importer(2089858483,0ecaa5967403d082aa24f35e1b516d23) [PhysX] Initialized MultithreadedTaskDispatcher with 8 workers.
 -> (artifact id: '48996b467283ce3795e03a9b7e955755') in 0.003095 seconds
Number of updated asset objects reloaded before import = 0
Number of asset objects unloaded after import = 1
========================================================================
Received Import Request.
  Time since last request: 0.000122 seconds.
  path: Assets/PurePoly/Free Fantasy RPG Weapons/Scenes
  artifactKey: Guid(268de5470b782784c8c8705d23cdd0ed) Importer(2089858483,0ecaa5967403d082aa24f35e1b516d23)
Start importing Assets/PurePoly/Free Fantasy RPG Weapons/Scenes using Guid(268de5470b782784c8c8705d23cdd0ed) Importer(2089858483,0ecaa5967403d082aa24f35e1b516d23) [PhysX] Initialized MultithreadedTaskDispatcher with 8 workers.
 -> (artifact id: '131797da16d17c58b350016e1caf6737') in 0.002575 seconds
Number of updated asset objects reloaded before import = 0
Number of asset objects unloaded after import = 1
========================================================================
Received Import Request.
  Time since last request: 0.000163 seconds.
  path: Assets/TextMesh Pro/Resources/Fonts & Materials/LiberationSans SDF - Outline.mat
  artifactKey: Guid(79459efec17a4d00a321bdcc27bbc385) Importer(2089858483,0ecaa5967403d082aa24f35e1b516d23)
Start importing Assets/TextMesh Pro/Resources/Fonts & Materials/LiberationSans SDF - Outline.mat using Guid(79459efec17a4d00a321bdcc27bbc385) Importer(2089858483,0ecaa5967403d082aa24f35e1b516d23) [PhysX] Initialized MultithreadedTaskDispatcher with 8 workers.
 -> (artifact id: '3cbfee3e0e7871a13a48a5a8b192f109') in 0.023883 seconds
Number of updated asset objects reloaded before import = 0
Number of asset objects unloaded after import = 3
========================================================================
Received Import Request.
  Time since last request: 0.000040 seconds.
  path: Assets/TextMesh Pro/Shaders/TMPro_Surface.cginc
  artifactKey: Guid(d930090c0cd643c7b55f19a38538c162) Importer(2089858483,0ecaa5967403d082aa24f35e1b516d23)
Start importing Assets/TextMesh Pro/Shaders/TMPro_Surface.cginc using Guid(d930090c0cd643c7b55f19a38538c162) Importer(2089858483,0ecaa5967403d082aa24f35e1b516d23) [PhysX] Initialized MultithreadedTaskDispatcher with 8 workers.
 -> (artifact id: 'e8a0db85d3e8a7587612a38f03b18c05') in 0.003322 seconds
Number of updated asset objects reloaded before import = 0
Number of asset objects unloaded after import = 1
========================================================================
Received Import Request.
  Time since last request: 0.000082 seconds.
  path: Assets/Scenes/Animations_TD/Meshy_AI_quadruped/Meshy_AI_model_Animation_Walking_withSkin.fbx
  artifactKey: Guid(25e02d948936d4478849aad82de49b62) Importer(2089858483,0ecaa5967403d082aa24f35e1b516d23)
Start importing Assets/Scenes/Animations_TD/Meshy_AI_quadruped/Meshy_AI_model_Animation_Walking_withSkin.fbx using Guid(25e02d948936d4478849aad82de49b62) Importer(2089858483,0ecaa5967403d082aa24f35e1b516d23) [PhysX] Initialized MultithreadedTaskDispatcher with 8 workers.
 -> (artifact id: 'db6d99ed90c4b5c5efea5c8ab3c58577') in 0.035188 seconds
Number of updated asset objects reloaded before import = 0
Number of asset objects unloaded after import = 66
========================================================================
Received Import Request.
  Time since last request: 0.000042 seconds.
  path: Assets/Scenes/Animations_TD/Meshy_AI_Warrior_of_the_Underw_0119010351_texture_fbx/Meshy_AI_Warrior_of_the_Underw_0119010351_texture_metallic.png
  artifactKey: Guid(01005f5cda8ef470e911d837c7bfd42b) Importer(2089858483,0ecaa5967403d082aa24f35e1b516d23)
Start importing Assets/Scenes/Animations_TD/Meshy_AI_Warrior_of_the_Underw_0119010351_texture_fbx/Meshy_AI_Warrior_of_the_Underw_0119010351_texture_metallic.png using Guid(01005f5cda8ef470e911d837c7bfd42b) Importer(2089858483,0ecaa5967403d082aa24f35e1b516d23) [PhysX] Initialized MultithreadedTaskDispatcher with 8 workers.
 -> (artifact id: '029ea89b07987ba82320b7d704e94cba') in 0.048418 seconds
Number of updated asset objects reloaded before import = 0
Number of asset objects unloaded after import = 1
========================================================================
Received Import Request.
  Time since last request: 0.000085 seconds.
  path: Assets/Scenes/Animations_TD/Meshy_AI_Warrior_of_the_Underw_0119010351_texture_fbx/Materials/Meshy_AI_Warrior_of_the_Underw_0119010351_texture.mat
  artifactKey: Guid(5f23c5bb1b63a418093f2bcd5a8f6bf9) Importer(2089858483,0ecaa5967403d082aa24f35e1b516d23)
Start importing Assets/Scenes/Animations_TD/Meshy_AI_Warrior_of_the_Underw_0119010351_texture_fbx/Materials/Meshy_AI_Warrior_of_the_Underw_0119010351_texture.mat using Guid(5f23c5bb1b63a418093f2bcd5a8f6bf9) Importer(2089858483,0ecaa5967403d082aa24f35e1b516d23) [PhysX] Initialized MultithreadedTaskDispatcher with 8 workers.
 -> (artifact id: 'bcc294b04b058eae07f7d2e557c8dea3') in 0.010132 seconds
Number of updated asset objects reloaded before import = 0
Number of asset objects unloaded after import = 2
========================================================================
Received Import Request.
  Time since last request: 0.000045 seconds.
  path: Assets/Scenes/Animations_TD/Meshy_AI_Skeletonbot_Expressiv_0119015102_texture_fbx 1
  artifactKey: Guid(6532fb2c035564c918753c3bddc46b5c) Importer(2089858483,0ecaa5967403d082aa24f35e1b516d23)
Start importing Assets/Scenes/Animations_TD/Meshy_AI_Skeletonbot_Expressiv_0119015102_texture_fbx 1 using Guid(6532fb2c035564c918753c3bddc46b5c) Importer(2089858483,0ecaa5967403d082aa24f35e1b516d23) [PhysX] Initialized MultithreadedTaskDispatcher with 8 workers.
 -> (artifact id: '7d74dc6f8b80b0ec2594549bedfb00c7') in 0.003964 seconds
Number of updated asset objects reloaded before import = 0
Number of asset objects unloaded after import = 1
========================================================================
Received Import Request.
  Time since last request: 0.000098 seconds.
  path: Assets/Scenes/Animations_TD/Mesh_skibby/Materials/Meshy_AI_Skeletonbot_Expressiv_0119015102_texture 3.mat
  artifactKey: Guid(03b4c71dab88c41bda2629cd706eec7b) Importer(2089858483,0ecaa5967403d082aa24f35e1b516d23)
Start importing Assets/Scenes/Animations_TD/Mesh_skibby/Materials/Meshy_AI_Skeletonbot_Expressiv_0119015102_texture 3.mat using Guid(03b4c71dab88c41bda2629cd706eec7b) Importer(2089858483,0ecaa5967403d082aa24f35e1b516d23) [PhysX] Initialized MultithreadedTaskDispatcher with 8 workers.
 -> (artifact id: 'c24b3c44b0d96a3c5c8f55bf7e576e6e') in 0.007248 seconds
Number of updated asset objects reloaded before import = 0
Number of asset objects unloaded after import = 1
========================================================================
Received Import Request.
  Time since last request: 0.000364 seconds.
  path: Assets/Scenes/Animations_TD/Meshy_AI_quadruped/Materials/Meshy_AI_texture_0_metallic.mat
  artifactKey: Guid(65ce15fe4cab04a76a9d4021e24d1091) Importer(2089858483,0ecaa5967403d082aa24f35e1b516d23)
Start importing Assets/Scenes/Animations_TD/Meshy_AI_quadruped/Materials/Meshy_AI_texture_0_metallic.mat using Guid(65ce15fe4cab04a76a9d4021e24d1091) Importer(2089858483,0ecaa5967403d082aa24f35e1b516d23) [PhysX] Initialized MultithreadedTaskDispatcher with 8 workers.
 -> (artifact id: '50e430924ab9448944f9c2074ac2f089') in 0.009853 seconds
Number of updated asset objects reloaded before import = 0
Number of asset objects unloaded after import = 2
========================================================================
Received Import Request.
  Time since last request: 0.000152 seconds.
  path: Assets/Scenes/Animations_TD/Meshy_AI_Warrior_of_the_Underw_0119010351_texture_fbx/Meshy_AI_Warrior_of_the_Underw_0119010351_texture_roughness.png
  artifactKey: Guid(68512f8a0aa5a4649951d3e061ad0eb7) Importer(2089858483,0ecaa5967403d082aa24f35e1b516d23)
Start importing Assets/Scenes/Animations_TD/Meshy_AI_Warrior_of_the_Underw_0119010351_texture_fbx/Meshy_AI_Warrior_of_the_Underw_0119010351_texture_roughness.png using Guid(68512f8a0aa5a4649951d3e061ad0eb7) Importer(2089858483,0ecaa5967403d082aa24f35e1b516d23) [PhysX] Initialized MultithreadedTaskDispatcher with 8 workers.
 -> (artifact id: '6aea557f2c5e2b928ad35962a92c0691') in 0.016437 seconds
Number of updated asset objects reloaded before import = 0
Number of asset objects unloaded after import = 1
========================================================================
Received Import Request.
  Time since last request: 0.000078 seconds.
  path: Assets/Scenes/Animations_TD/Orc Idle.fbx
  artifactKey: Guid(2135e6dd9c5a045c3a04eb8d4373c2fa) Importer(2089858483,0ecaa5967403d082aa24f35e1b516d23)
Start importing Assets/Scenes/Animations_TD/Orc Idle.fbx using Guid(2135e6dd9c5a045c3a04eb8d4373c2fa) Importer(2089858483,0ecaa5967403d082aa24f35e1b516d23) [PhysX] Initialized MultithreadedTaskDispatcher with 8 workers.
 -> (artifact id: '04ab4b52eebf4423e374cf988de57602') in 0.080014 seconds
Number of updated asset objects reloaded before import = 0
Number of asset objects unloaded after import = 108
========================================================================
Received Import Request.
  Time since last request: 0.000095 seconds.
  path: Assets/Scenes/Animations_TD/Meshy_AI_Warrior_of_the_Underw_0119010351_texture_fbx/Meshy_AI_Warrior_of_the_Underw_0119010351_texture.png
  artifactKey: Guid(71b56f08b581948edbea1d4ab228c7c6) Importer(2089858483,0ecaa5967403d082aa24f35e1b516d23)
Start importing Assets/Scenes/Animations_TD/Meshy_AI_Warrior_of_the_Underw_0119010351_texture_fbx/Meshy_AI_Warrior_of_the_Underw_0119010351_texture.png using Guid(71b56f08b581948edbea1d4ab228c7c6) Importer(2089858483,0ecaa5967403d082aa24f35e1b516d23) [PhysX] Initialized MultithreadedTaskDispatcher with 8 workers.
 -> (artifact id: 'ec0dcf6647762c64379d0039f28d42dd') in 0.030173 seconds
Number of updated asset objects reloaded before import = 0
Number of asset objects unloaded after import = 1
========================================================================
Received Import Request.
  Time since last request: 0.000427 seconds.
  path: Assets/ArmeFlottante.cs
  artifactKey: Guid(27fd43c9af76b494dbe0e460cfb5b25f) Importer(2089858483,0ecaa5967403d082aa24f35e1b516d23)
Start importing Assets/ArmeFlottante.cs using Guid(27fd43c9af76b494dbe0e460cfb5b25f) Importer(2089858483,0ecaa5967403d082aa24f35e1b516d23) [PhysX] Initialized MultithreadedTaskDispatcher with 8 workers.
 -> (artifact id: '993be2df01e3deec9bd15c990fc6bb26') in 0.008568 seconds
Number of updated asset objects reloaded before import = 0
Number of asset objects unloaded after import = 1
========================================================================
Received Import Request.
  Time since last request: 0.000280 seconds.
  path: Assets/Scenes/Animations_TD/Mesh_skibby/Materials/Meshy_AI_Skeletonbot_Expressiv_0119015102_texture 2.mat
  artifactKey: Guid(b80079d0aa6a84597ae6cfa0c0a13218) Importer(2089858483,0ecaa5967403d082aa24f35e1b516d23)
Start importing Assets/Scenes/Animations_TD/Mesh_skibby/Materials/Meshy_AI_Skeletonbot_Expressiv_0119015102_texture 2.mat using Guid(b80079d0aa6a84597ae6cfa0c0a13218) Importer(2089858483,0ecaa5967403d082aa24f35e1b516d23) [PhysX] Initialized MultithreadedTaskDispatcher with 8 workers.
 -> (artifact id: '8120aa62ce77e5c0ebd20a3cdb9635f9') in 0.014745 seconds
Number of updated asset objects reloaded before import = 0
Number of asset objects unloaded after import = 2
========================================================================
Received Import Request.
  Time since last request: 0.000817 seconds.
  path: Assets/Scenes/Animations_TD/Mesh_skibby/Meshy_AI_Skeletonbot_Expressiv_0119015102_texture.fbx
  artifactKey: Guid(a576687ab935b456097955c7473613d7) Importer(2089858483,0ecaa5967403d082aa24f35e1b516d23)
Start importing Assets/Scenes/Animations_TD/Mesh_skibby/Meshy_AI_Skeletonbot_Expressiv_0119015102_texture.fbx using Guid(a576687ab935b456097955c7473613d7) Importer(2089858483,0ecaa5967403d082aa24f35e1b516d23) [PhysX] Initialized MultithreadedTaskDispatcher with 8 workers.
 -> (artifact id: 'd6d1e0a887b5dd327ce420c14266e39e') in 0.071121 seconds
Number of updated asset objects reloaded before import = 0
Number of asset objects unloaded after import = 10
========================================================================
Received Import Request.
  Time since last request: 0.001021 seconds.
  path: Assets/Scenes/Animations_TD/Meshy_AI_quadruped/Meshy_AI_Cerberus_Inferno_0119032321_texture_fbx/Materials/Meshy_AI_Cerberus_Inferno_0119032321_texture_normal.mat
  artifactKey: Guid(b6b74c5943b7544e99e0bd81847edbe3) Importer(2089858483,0ecaa5967403d082aa24f35e1b516d23)
Start importing Assets/Scenes/Animations_TD/Meshy_AI_quadruped/Meshy_AI_Cerberus_Inferno_0119032321_texture_fbx/Materials/Meshy_AI_Cerberus_Inferno_0119032321_texture_normal.mat using Guid(b6b74c5943b7544e99e0bd81847edbe3) Importer(2089858483,0ecaa5967403d082aa24f35e1b516d23) [PhysX] Initialized MultithreadedTaskDispatcher with 8 workers.
 -> (artifact id: 'fa7651593bc51d1ceebc2f20708a8989') in 0.014608 seconds
Number of updated asset objects reloaded before import = 0
Number of asset objects unloaded after import = 2
========================================================================
Received Import Request.
  Time since last request: 0.001657 seconds.
  path: Assets/AllSkyFree/Cartoon Base BlueSky/Sky_Day_BlueSky_Nothing_Cam_0_Front+Z.png
  artifactKey: Guid(d731d71c2b8e94c18b5ef8be277e6773) Importer(2089858483,0ecaa5967403d082aa24f35e1b516d23)
Start importing Assets/AllSkyFree/Cartoon Base BlueSky/Sky_Day_BlueSky_Nothing_Cam_0_Front+Z.png using Guid(d731d71c2b8e94c18b5ef8be277e6773) Importer(2089858483,0ecaa5967403d082aa24f35e1b516d23) [PhysX] Initialized MultithreadedTaskDispatcher with 8 workers.
 -> (artifact id: '3230da01ddd38ac37da985e0008ba135') in 0.037824 seconds
Number of updated asset objects reloaded before import = 0
Number of asset objects unloaded after import = 1
========================================================================
Received Import Request.
  Time since last request: 0.000339 seconds.
  path: Assets/AllSkyFree/Cartoon Base BlueSky/Day_BlueSky_Nothing.unity
  artifactKey: Guid(c227f157df13b418c8ebb9e0b483e121) Importer(2089858483,0ecaa5967403d082aa24f35e1b516d23)
Start importing Assets/AllSkyFree/Cartoon Base BlueSky/Day_BlueSky_Nothing.unity using Guid(c227f157df13b418c8ebb9e0b483e121) Importer(2089858483,0ecaa5967403d082aa24f35e1b516d23) [PhysX] Initialized MultithreadedTaskDispatcher with 8 workers.
 -> (artifact id: 'a1e64c801f33b98b85ae1aab56fc1589') in 0.005625 seconds
Number of updated asset objects reloaded before import = 0
Number of asset objects unloaded after import = 1
========================================================================
Received Import Request.
  Time since last request: 0.000195 seconds.
  path: Assets/AllSkyFree/_AllSkyFreeDemoEnvironment/Materials/AllSkyDemoEnv_Landscape.mat
  artifactKey: Guid(010dd68491d1d4a1692a6d2272e5cb69) Importer(2089858483,0ecaa5967403d082aa24f35e1b516d23)
Start importing Assets/AllSkyFree/_AllSkyFreeDemoEnvironment/Materials/AllSkyDemoEnv_Landscape.mat using Guid(010dd68491d1d4a1692a6d2272e5cb69) Importer(2089858483,0ecaa5967403d082aa24f35e1b516d23) [PhysX] Initialized MultithreadedTaskDispatcher with 8 workers.
 -> (artifact id: '0552048ae0963e399579db82229d891e') in 0.019709 seconds
Number of updated asset objects reloaded before import = 0
Number of asset objects unloaded after import = 1
========================================================================
Received Import Request.
  Time since last request: 0.000129 seconds.
  path: Assets/Scenes/Animations_TD/Meshy_AI_quadruped/Meshy_AI_Cerberus_Inferno_0119032321_texture_fbx/Materials/Meshy_AI_Cerberus_Inferno_0119032321_texture_metallic.mat
  artifactKey: Guid(7ad1a5bdb12154aefb282e9d676ba250) Importer(2089858483,0ecaa5967403d082aa24f35e1b516d23)
Start importing Assets/Scenes/Animations_TD/Meshy_AI_quadruped/Meshy_AI_Cerberus_Inferno_0119032321_texture_fbx/Materials/Meshy_AI_Cerberus_Inferno_0119032321_texture_metallic.mat using Guid(7ad1a5bdb12154aefb282e9d676ba250) Importer(2089858483,0ecaa5967403d082aa24f35e1b516d23) [PhysX] Initialized MultithreadedTaskDispatcher with 8 workers.
 -> (artifact id: 'f1adb562079e4c6e95ece8342962fff1') in 0.015170 seconds
Number of updated asset objects reloaded before import = 0
Number of asset objects unloaded after import = 2
========================================================================
Received Import Request.
  Time since last request: 0.000150 seconds.
  path: Assets/Scenes/Animations_TD/Meshy_AI_quadruped/Meshy_AI_Cerberus_Inferno_0119032321_texture_fbx/Meshy_AI_Cerberus_Inferno_0119032321_texture_normal.png
  artifactKey: Guid(9059c793e51054c628640586391d2f51) Importer(2089858483,0ecaa5967403d082aa24f35e1b516d23)
Start importing Assets/Scenes/Animations_TD/Meshy_AI_quadruped/Meshy_AI_Cerberus_Inferno_0119032321_texture_fbx/Meshy_AI_Cerberus_Inferno_0119032321_texture_normal.png using Guid(9059c793e51054c628640586391d2f51) Importer(2089858483,0ecaa5967403d082aa24f35e1b516d23) [PhysX] Initialized MultithreadedTaskDispatcher with 8 workers.
 -> (artifact id: 'a96b7740ec00fb02ff161759bb14f7e9') in 0.023266 seconds
Number of updated asset objects reloaded before import = 0
Number of asset objects unloaded after import = 1
========================================================================
Received Import Request.
  Time since last request: 0.000757 seconds.
  path: Assets/Scenes/Animations_TD/Meshy_AI_quadruped/Meshy_AI_Cerberus_Inferno_0119032321_texture_fbx/Materials
  artifactKey: Guid(51c10365da37040678c48aaffce27e7e) Importer(2089858483,0ecaa5967403d082aa24f35e1b516d23)
Start importing Assets/Scenes/Animations_TD/Meshy_AI_quadruped/Meshy_AI_Cerberus_Inferno_0119032321_texture_fbx/Materials using Guid(51c10365da37040678c48aaffce27e7e) Importer(2089858483,0ecaa5967403d082aa24f35e1b516d23) [PhysX] Initialized MultithreadedTaskDispatcher with 8 workers.
 -> (artifact id: '372e76a6ef60953dc45e4983d254d116') in 0.003962 seconds
Number of updated asset objects reloaded before import = 0
Number of asset objects unloaded after import = 1
========================================================================
Received Import Request.
  Time since last request: 0.000119 seconds.
  path: Assets/Scenes/Animations_TD/Meshy_AI_quadruped/Meshy_AI_Cerberus_Inferno_0119032321_texture_fbx
  artifactKey: Guid(f9f333b2f374d4d05bda455affdc4c4b) Importer(2089858483,0ecaa5967403d082aa24f35e1b516d23)
Start importing Assets/Scenes/Animations_TD/Meshy_AI_quadruped/Meshy_AI_Cerberus_Inferno_0119032321_texture_fbx using Guid(f9f333b2f374d4d05bda455affdc4c4b) Importer(2089858483,0ecaa5967403d082aa24f35e1b516d23) [PhysX] Initialized MultithreadedTaskDispatcher with 8 workers.
 -> (artifact id: '5eb47fc7abda1e240f6912adc9b7329c') in 0.006567 seconds
Number of updated asset objects reloaded before import = 0
Number of asset objects unloaded after import = 1
========================================================================
Received Import Request.
  Time since last request: 0.000215 seconds.
  path: Assets/AllSkyFree/Cartoon Base BlueSky/Day_BlueSky_Nothing Equirect.mat
  artifactKey: Guid(73324b55f67f54c7bbf43204788b8bbe) Importer(2089858483,0ecaa5967403d082aa24f35e1b516d23)
Start importing Assets/AllSkyFree/Cartoon Base BlueSky/Day_BlueSky_Nothing Equirect.mat using Guid(73324b55f67f54c7bbf43204788b8bbe) Importer(2089858483,0ecaa5967403d082aa24f35e1b516d23) [PhysX] Initialized MultithreadedTaskDispatcher with 8 workers.
 -> (artifact id: '70b59abfdd07c978d13c5fa52a7d93fa') in 0.086523 seconds
Number of updated asset objects reloaded before import = 0
Number of asset objects unloaded after import = 2
========================================================================
Received Import Request.
  Time since last request: 0.000226 seconds.
  path: Assets/AllSkyFree/_AllSkyFreeDemoEnvironment/Materials
  artifactKey: Guid(d01d162f3fa514c82bb2896086de4bc6) Importer(2089858483,0ecaa5967403d082aa24f35e1b516d23)
Start importing Assets/AllSkyFree/_AllSkyFreeDemoEnvironment/Materials using Guid(d01d162f3fa514c82bb2896086de4bc6) Importer(2089858483,0ecaa5967403d082aa24f35e1b516d23) [PhysX] Initialized MultithreadedTaskDispatcher with 8 workers.
 -> (artifact id: '13bc59af44a5c7d2239a736b957d2737') in 0.010308 seconds
Number of updated asset objects reloaded before import = 0
Number of asset objects unloaded after import = 1
========================================================================
Received Import Request.
  Time since last request: 0.000293 seconds.
  path: Assets/Scenes/Animations_TD/Meshy_AI_quadruped/Meshy_AI_Cerberus_Inferno_0119032321_texture_fbx/Meshy_AI_Cerberus_Inferno_0119032321_texture_roughness.png
  artifactKey: Guid(cb0c65ef8c4294dd091ccb64dea205a2) Importer(2089858483,0ecaa5967403d082aa24f35e1b516d23)
Start importing Assets/Scenes/Animations_TD/Meshy_AI_quadruped/Meshy_AI_Cerberus_Inferno_0119032321_texture_fbx/Meshy_AI_Cerberus_Inferno_0119032321_texture_roughness.png using Guid(cb0c65ef8c4294dd091ccb64dea205a2) Importer(2089858483,0ecaa5967403d082aa24f35e1b516d23) [PhysX] Initialized MultithreadedTaskDispatcher with 8 workers.
 -> (artifact id: '6278b752a4896ab58dd17aba86d4b956') in 0.055333 seconds
Number of updated asset objects reloaded before import = 0
Number of asset objects unloaded after import = 1
========================================================================
Received Import Request.
  Time since last request: 0.000679 seconds.
  path: Assets/AllSkyFree/_AllSkyFreeDemoEnvironment/Materials/TreeTrunk.mat
  artifactKey: Guid(2f225ce8f2fae4ea3b08c9298a6f25e4) Importer(2089858483,0ecaa5967403d082aa24f35e1b516d23)
Start importing Assets/AllSkyFree/_AllSkyFreeDemoEnvironment/Materials/TreeTrunk.mat using Guid(2f225ce8f2fae4ea3b08c9298a6f25e4) Importer(2089858483,0ecaa5967403d082aa24f35e1b516d23) [PhysX] Initialized MultithreadedTaskDispatcher with 8 workers.
 -> (artifact id: '161486b4e9e8a67c3905441cd76c3d8c') in 0.011967 seconds
Number of updated asset objects reloaded before import = 0
Number of asset objects unloaded after import = 1
========================================================================
Received Import Request.
  Time since last request: 0.001927 seconds.
  path: Assets/AllSkyFree/Epic_BlueSunset/Epic_BlueSunset.unity
  artifactKey: Guid(28673ec8420b8493e9588ddb0b4ed7b5) Importer(2089858483,0ecaa5967403d082aa24f35e1b516d23)
Start importing Assets/AllSkyFree/Epic_BlueSunset/Epic_BlueSunset.unity using Guid(28673ec8420b8493e9588ddb0b4ed7b5) Importer(2089858483,0ecaa5967403d082aa24f35e1b516d23) [PhysX] Initialized MultithreadedTaskDispatcher with 8 workers.
 -> (artifact id: 'e19e8f7bcd7c2e6abe94c402c14c5c3d') in 0.011175 seconds
Number of updated asset objects reloaded before import = 0
Number of asset objects unloaded after import = 1
========================================================================
Received Import Request.
  Time since last request: 0.004188 seconds.
  path: Assets/Scenes/Animations_TD/Meshy_AI_quadruped/Meshy_AI_texture_0_metallic.png
  artifactKey: Guid(7a5f4440ede0f484a829fd66f45e15e9) Importer(2089858483,0ecaa5967403d082aa24f35e1b516d23)
Start importing Assets/Scenes/Animations_TD/Meshy_AI_quadruped/Meshy_AI_texture_0_metallic.png using Guid(7a5f4440ede0f484a829fd66f45e15e9) Importer(2089858483,0ecaa5967403d082aa24f35e1b516d23) [PhysX] Initialized MultithreadedTaskDispatcher with 8 workers.
 -> (artifact id: '35fda3c536812d5f7d8cf78b32cf39f8') in 0.049757 seconds
Number of updated asset objects reloaded before import = 0
Number of asset objects unloaded after import = 1
========================================================================
Received Import Request.
  Time since last request: 0.000114 seconds.
  path: Assets/TextMesh Pro/Shaders/TMP_SDF Overlay.shader
  artifactKey: Guid(dd89cf5b9246416f84610a006f916af7) Importer(2089858483,0ecaa5967403d082aa24f35e1b516d23)
Start importing Assets/TextMesh Pro/Shaders/TMP_SDF Overlay.shader using Guid(dd89cf5b9246416f84610a006f916af7) Importer(2089858483,0ecaa5967403d082aa24f35e1b516d23) [PhysX] Initialized MultithreadedTaskDispatcher with 8 workers.
 -> (artifact id: 'e16f636d41ef2cf1fe542013c40e9ccd') in 0.018794 seconds
Number of updated asset objects reloaded before import = 0
Number of asset objects unloaded after import = 2
========================================================================
Received Import Request.
  Time since last request: 0.000112 seconds.
  path: Assets/PurePoly/Free Fantasy RPG Weapons/Prefabs/PP_Theme_09_Spear_005.prefab
  artifactKey: Guid(5b461363c3ad570408bfe9eb2a74ee40) Importer(2089858483,0ecaa5967403d082aa24f35e1b516d23)
Start importing Assets/PurePoly/Free Fantasy RPG Weapons/Prefabs/PP_Theme_09_Spear_005.prefab using Guid(5b461363c3ad570408bfe9eb2a74ee40) Importer(2089858483,0ecaa5967403d082aa24f35e1b516d23) [PhysX] Initialized MultithreadedTaskDispatcher with 8 workers.
 -> (artifact id: '3a27e2f78df8791b443cb466f74db4e0') in 0.035470 seconds
Number of updated asset objects reloaded before import = 0
Number of asset objects unloaded after import = 8
========================================================================
Received Import Request.
  Time since last request: 0.000109 seconds.
  path: Assets/Scenes/Animations_TD/cerberus.zip
  artifactKey: Guid(6f3e827880fc64759b22fb4e37a19ad4) Importer(2089858483,0ecaa5967403d082aa24f35e1b516d23)
Start importing Assets/Scenes/Animations_TD/cerberus.zip using Guid(6f3e827880fc64759b22fb4e37a19ad4) Importer(2089858483,0ecaa5967403d082aa24f35e1b516d23) [PhysX] Initialized MultithreadedTaskDispatcher with 8 workers.
 -> (artifact id: '90632543d156d81dce95b9059a6ce25d') in 0.006207 seconds
Number of updated asset objects reloaded before import = 0
Number of asset objects unloaded after import = 1
========================================================================
Received Import Request.
  Time since last request: 0.000262 seconds.
  path: Assets/TextMesh Pro/Resources/TMP Settings.asset
  artifactKey: Guid(3f5b5dff67a942289a9defa416b206f3) Importer(2089858483,0ecaa5967403d082aa24f35e1b516d23)
Start importing Assets/TextMesh Pro/Resources/TMP Settings.asset using Guid(3f5b5dff67a942289a9defa416b206f3) Importer(2089858483,0ecaa5967403d082aa24f35e1b516d23) [PhysX] Initialized MultithreadedTaskDispatcher with 8 workers.
 -> (artifact id: 'e4990090e1d6c0f43fdb303ace38d399') in 0.071174 seconds
Number of updated asset objects reloaded before import = 0
Number of asset objects unloaded after import = 17
========================================================================
Received Import Request.
  Time since last request: 0.006527 seconds.
  path: Assets/PurePoly/Free Fantasy RPG Weapons/Meshes/PP_Theme_05_Chakram_001.fbx
  artifactKey: Guid(ab4c58d12f8142a4e9e10a8a17f349eb) Importer(2089858483,0ecaa5967403d082aa24f35e1b516d23)
Start importing Assets/PurePoly/Free Fantasy RPG Weapons/Meshes/PP_Theme_05_Chakram_001.fbx using Guid(ab4c58d12f8142a4e9e10a8a17f349eb) Importer(2089858483,0ecaa5967403d082aa24f35e1b516d23) [PhysX] Initialized MultithreadedTaskDispatcher with 8 workers.
 -> (artifact id: 'e8f6ceb1e27d7bb762ca7b7a55c8eac1') in 0.027827 seconds
Number of updated asset objects reloaded before import = 0
Number of asset objects unloaded after import = 7
========================================================================
Received Import Request.
  Time since last request: 0.000453 seconds.
  path: Assets/AllSkyFree/Epic_GloriousPink/Epic_GloriousPinkSettings.lighting
  artifactKey: Guid(9d47ceb579dd24b26b9da988e38ff390) Importer(2089858483,0ecaa5967403d082aa24f35e1b516d23)
Start importing Assets/AllSkyFree/Epic_GloriousPink/Epic_GloriousPinkSettings.lighting using Guid(9d47ceb579dd24b26b9da988e38ff390) Importer(2089858483,0ecaa5967403d082aa24f35e1b516d23) [PhysX] Initialized MultithreadedTaskDispatcher with 8 workers.
LightingSettings: switching bake backend from 2 to 0.
 -> (artifact id: 'af28bbced8c7430e49944badefb0cb2f') in 0.054967 seconds
Number of updated asset objects reloaded before import = 0
Number of asset objects unloaded after import = 1
========================================================================
Received Import Request.
  Time since last request: 0.001176 seconds.
  path: Assets/AllSkyFree/Deep Dusk/Deep Dusk.unity
  artifactKey: Guid(c8a48d1a6bbea47e981602e288f19742) Importer(2089858483,0ecaa5967403d082aa24f35e1b516d23)
Start importing Assets/AllSkyFree/Deep Dusk/Deep Dusk.unity using Guid(c8a48d1a6bbea47e981602e288f19742) Importer(2089858483,0ecaa5967403d082aa24f35e1b516d23) [PhysX] Initialized MultithreadedTaskDispatcher with 8 workers.
 -> (artifact id: '35d1f39cfdbcd0ec6780af718c72110e') in 0.009751 seconds
Number of updated asset objects reloaded before import = 0
Number of asset objects unloaded after import = 1
========================================================================
Received Import Request.
  Time since last request: 0.004344 seconds.
  path: Assets/TextMesh Pro/Shaders/TMP_SDF SSD.shader
  artifactKey: Guid(14eb328de4b8eb245bb7cea29e4ac00b) Importer(2089858483,0ecaa5967403d082aa24f35e1b516d23)
Start importing Assets/TextMesh Pro/Shaders/TMP_SDF SSD.shader using Guid(14eb328de4b8eb245bb7cea29e4ac00b) Importer(2089858483,0ecaa5967403d082aa24f35e1b516d23) [PhysX] Initialized MultithreadedTaskDispatcher with 8 workers.
 -> (artifact id: '0fe9bb311e80c73d529e7e23a671d6d8') in 0.015833 seconds
Number of updated asset objects reloaded before import = 0
Number of asset objects unloaded after import = 2
========================================================================
Received Import Request.
  Time since last request: 0.004773 seconds.
  path: Assets/AllSkyFree/Cold Night/Cold Night Equirect.mat
  artifactKey: Guid(eac2ef371405749e0bd050b4c3272f16) Importer(2089858483,0ecaa5967403d082aa24f35e1b516d23)
Start importing Assets/AllSkyFree/Cold Night/Cold Night Equirect.mat using Guid(eac2ef371405749e0bd050b4c3272f16) Importer(2089858483,0ecaa5967403d082aa24f35e1b516d23) [PhysX] Initialized MultithreadedTaskDispatcher with 8 workers.
 -> (artifact id: '8d7f81945f9d5da2240c458e662e2983') in 0.049308 seconds
Number of updated asset objects reloaded before import = 0
Number of asset objects unloaded after import = 2
========================================================================
Received Import Request.
  Time since last request: 0.000165 seconds.
  path: Assets/TextMesh Pro/Sprites
  artifactKey: Guid(d0603b6d5186471b96c778c3949c7ce2) Importer(2089858483,0ecaa5967403d082aa24f35e1b516d23)
Start importing Assets/TextMesh Pro/Sprites using Guid(d0603b6d5186471b96c778c3949c7ce2) Importer(2089858483,0ecaa5967403d082aa24f35e1b516d23) [PhysX] Initialized MultithreadedTaskDispatcher with 8 workers.
 -> (artifact id: '6c823c5663c52f1ba87e2130663b4c0b') in 0.008254 seconds
Number of updated asset objects reloaded before import = 0
Number of asset objects unloaded after import = 1
========================================================================
Received Import Request.
  Time since last request: 0.000155 seconds.
  path: Assets/PurePoly/Free Fantasy RPG Weapons/Prefabs/PP_Theme_09_Horn_003.prefab
  artifactKey: Guid(3441d49fa3ca7744a95e9dfd2aba3f54) Importer(2089858483,0ecaa5967403d082aa24f35e1b516d23)
Start importing Assets/PurePoly/Free Fantasy RPG Weapons/Prefabs/PP_Theme_09_Horn_003.prefab using Guid(3441d49fa3ca7744a95e9dfd2aba3f54) Importer(2089858483,0ecaa5967403d082aa24f35e1b516d23) [PhysX] Initialized MultithreadedTaskDispatcher with 8 workers.
 -> (artifact id: '729475a1b49298a0b743a9690e6d3469') in 0.031334 seconds
Number of updated asset objects reloaded before import = 0
Number of asset objects unloaded after import = 8
========================================================================
Received Import Request.
  Time since last request: 0.000234 seconds.
  path: Assets/AllSkyFree/_AllSkyFreeDemoEnvironment/Materials/AllSkyDemoEnv_FlagGreen.mat
  artifactKey: Guid(0acfc71c325c54b92add0b07097b6c57) Importer(2089858483,0ecaa5967403d082aa24f35e1b516d23)
Start importing Assets/AllSkyFree/_AllSkyFreeDemoEnvironment/Materials/AllSkyDemoEnv_FlagGreen.mat using Guid(0acfc71c325c54b92add0b07097b6c57) Importer(2089858483,0ecaa5967403d082aa24f35e1b516d23) [PhysX] Initialized MultithreadedTaskDispatcher with 8 workers.
 -> (artifact id: 'f483e61a3930eb55d4b5dd1eea1e9e96') in 0.010075 seconds
Number of updated asset objects reloaded before import = 0
Number of asset objects unloaded after import = 1
========================================================================
Received Import Request.
  Time since last request: 0.000821 seconds.
  path: Assets/PurePoly/Free Fantasy RPG Weapons/Prefabs/PP_Theme_01_Quiver_001.prefab
  artifactKey: Guid(aad88b220de78a8479c297a4c9a83c5a) Importer(2089858483,0ecaa5967403d082aa24f35e1b516d23)
Start importing Assets/PurePoly/Free Fantasy RPG Weapons/Prefabs/PP_Theme_01_Quiver_001.prefab using Guid(aad88b220de78a8479c297a4c9a83c5a) Importer(2089858483,0ecaa5967403d082aa24f35e1b516d23) [PhysX] Initialized MultithreadedTaskDispatcher with 8 workers.
 -> (artifact id: '082caa5011e4654112a5c042feadac46') in 0.019741 seconds
Number of updated asset objects reloaded before import = 0
Number of asset objects unloaded after import = 8
========================================================================
Received Import Request.
  Time since last request: 0.001715 seconds.
  path: Assets/TextMesh Pro/Shaders/TMP_Bitmap-Mobile.shader
  artifactKey: Guid(1e3b057af24249748ff873be7fafee47) Importer(2089858483,0ecaa5967403d082aa24f35e1b516d23)
Start importing Assets/TextMesh Pro/Shaders/TMP_Bitmap-Mobile.shader using Guid(1e3b057af24249748ff873be7fafee47) Importer(2089858483,0ecaa5967403d082aa24f35e1b516d23) [PhysX] Initialized MultithreadedTaskDispatcher with 8 workers.
 -> (artifact id: '2a699207f9ad349fdcf9bbf12382d357') in 0.010681 seconds
Number of updated asset objects reloaded before import = 0
Number of asset objects unloaded after import = 1
========================================================================
Received Import Request.
  Time since last request: 0.001440 seconds.
  path: Assets/PurePoly/Free Fantasy RPG Weapons/Prefabs/PP_Theme_01_Axe_Two_Handed_002.prefab
  artifactKey: Guid(a250c778e48c73742ae531b8c9a9bd17) Importer(2089858483,0ecaa5967403d082aa24f35e1b516d23)
Start importing Assets/PurePoly/Free Fantasy RPG Weapons/Prefabs/PP_Theme_01_Axe_Two_Handed_002.prefab using Guid(a250c778e48c73742ae531b8c9a9bd17) Importer(2089858483,0ecaa5967403d082aa24f35e1b516d23) [PhysX] Initialized MultithreadedTaskDispatcher with 8 workers.
 -> (artifact id: '506feecc8a14820355b480cb29594619') in 0.040626 seconds
Number of updated asset objects reloaded before import = 0
Number of asset objects unloaded after import = 8
========================================================================
Received Import Request.
  Time since last request: 0.002597 seconds.
  path: Assets/AllSkyFree/Space_AnotherPlanet
  artifactKey: Guid(5aa7b9311704b43fa88e82c5ec3baa46) Importer(2089858483,0ecaa5967403d082aa24f35e1b516d23)
Start importing Assets/AllSkyFree/Space_AnotherPlanet using Guid(5aa7b9311704b43fa88e82c5ec3baa46) Importer(2089858483,0ecaa5967403d082aa24f35e1b516d23) [PhysX] Initialized MultithreadedTaskDispatcher with 8 workers.
 -> (artifact id: 'd2d0d89ebf132907a6ea2ee7fb6be136') in 0.005747 seconds
Number of updated asset objects reloaded before import = 0
Number of asset objects unloaded after import = 1
========================================================================
Received Import Request.
  Time since last request: 0.000175 seconds.
  path: Assets/AllSkyFree/Night MoonBurst/Night Moon Burst_Cam_2_Left+X.png
  artifactKey: Guid(c35d875303c454b9a8acaae0f7800313) Importer(2089858483,0ecaa5967403d082aa24f35e1b516d23)
Start importing Assets/AllSkyFree/Night MoonBurst/Night Moon Burst_Cam_2_Left+X.png using Guid(c35d875303c454b9a8acaae0f7800313) Importer(2089858483,0ecaa5967403d082aa24f35e1b516d23) [PhysX] Initialized MultithreadedTaskDispatcher with 8 workers.
 -> (artifact id: 'bb15b6ca62ab8990d81a9f47945cebc8') in 0.028625 seconds
Number of updated asset objects reloaded before import = 0
Number of asset objects unloaded after import = 1
========================================================================
Received Import Request.
  Time since last request: 0.000338 seconds.
  path: Assets/AllSkyFree/Overcast Low
  artifactKey: Guid(63e1d590517f54841ad8cf519edf1256) Importer(2089858483,0ecaa5967403d082aa24f35e1b516d23)
Start importing Assets/AllSkyFree/Overcast Low using Guid(63e1d590517f54841ad8cf519edf1256) Importer(2089858483,0ecaa5967403d082aa24f35e1b516d23) [PhysX] Initialized MultithreadedTaskDispatcher with 8 workers.
 -> (artifact id: '5d187f23883f59a901ae294f18e2c3ec') in 0.005901 seconds
Number of updated asset objects reloaded before import = 0
Number of asset objects unloaded after import = 1
========================================================================
Received Import Request.
  Time since last request: 0.000380 seconds.
  path: Assets/AllSkyFree/Deep Dusk/Deep Dusk__Cam_5_Down-Y.png
  artifactKey: Guid(2e38ed7c39e8e4314930da8a86ae7a88) Importer(2089858483,0ecaa5967403d082aa24f35e1b516d23)
Start importing Assets/AllSkyFree/Deep Dusk/Deep Dusk__Cam_5_Down-Y.png using Guid(2e38ed7c39e8e4314930da8a86ae7a88) Importer(2089858483,0ecaa5967403d082aa24f35e1b516d23) [PhysX] Initialized MultithreadedTaskDispatcher with 8 workers.
 -> (artifact id: '24e2c20e99e72631012ec0f098a6f647') in 0.028113 seconds
Number of updated asset objects reloaded before import = 0
Number of asset objects unloaded after import = 1
========================================================================
Received Import Request.
  Time since last request: 0.000246 seconds.
  path: Assets/AllSkyFree/Epic_GloriousPink/Epic_GloriousPink_Cam_1_Back-Z.png
  artifactKey: Guid(8e7251cff63ea413db367d2893f57bf6) Importer(2089858483,0ecaa5967403d082aa24f35e1b516d23)
Start importing Assets/AllSkyFree/Epic_GloriousPink/Epic_GloriousPink_Cam_1_Back-Z.png using Guid(8e7251cff63ea413db367d2893f57bf6) Importer(2089858483,0ecaa5967403d082aa24f35e1b516d23) [PhysX] Initialized MultithreadedTaskDispatcher with 8 workers.
 -> (artifact id: 'ea5ed2a73762cdec5820b4d199e90881') in 0.040311 seconds
Number of updated asset objects reloaded before import = 0
Number of asset objects unloaded after import = 1
========================================================================
Received Import Request.
  Time since last request: 0.000234 seconds.
  path: Assets/AllSkyFree/Epic_GloriousPink/Epic_GloriousPink_Cam_2_Left+X.png
  artifactKey: Guid(c85a861fbad8f45169567bbfa332ecf8) Importer(2089858483,0ecaa5967403d082aa24f35e1b516d23)
Start importing Assets/AllSkyFree/Epic_GloriousPink/Epic_GloriousPink_Cam_2_Left+X.png using Guid(c85a861fbad8f45169567bbfa332ecf8) Importer(2089858483,0ecaa5967403d082aa24f35e1b516d23) [PhysX] Initialized MultithreadedTaskDispatcher with 8 workers.
 -> (artifact id: '5ee50a8c2dbc44eff210ff66ddaeb314') in 0.026963 seconds
Number of updated asset objects reloaded before import = 0
Number of asset objects unloaded after import = 1
========================================================================
Received Import Request.
  Time since last request: 0.000468 seconds.
  path: Assets/AllSkyFree/Cartoon Base NightSky/Cartoon Base NightSky Equirect.png
  artifactKey: Guid(7659947706e294d97a22faa1d4011724) Importer(2089858483,0ecaa5967403d082aa24f35e1b516d23)
Start importing Assets/AllSkyFree/Cartoon Base NightSky/Cartoon Base NightSky Equirect.png using Guid(7659947706e294d97a22faa1d4011724) Importer(2089858483,0ecaa5967403d082aa24f35e1b516d23) [PhysX] Initialized MultithreadedTaskDispatcher with 8 workers.
 -> (artifact id: '7ad1eacdc6bc9ea809e0933fa1cfbde6') in 0.057273 seconds
Number of updated asset objects reloaded before import = 0
Number of asset objects unloaded after import = 1
========================================================================
Received Import Request.
  Time since last request: 0.000282 seconds.
  path: Assets/AllSkyFree/Space_AnotherPlanet/AllSky_Space_AnotherPlanet Equirect.mat
  artifactKey: Guid(13f6e5eed33d84c76979f1ec06b5e48c) Importer(2089858483,0ecaa5967403d082aa24f35e1b516d23)
Start importing Assets/AllSkyFree/Space_AnotherPlanet/AllSky_Space_AnotherPlanet Equirect.mat using Guid(13f6e5eed33d84c76979f1ec06b5e48c) Importer(2089858483,0ecaa5967403d082aa24f35e1b516d23) [PhysX] Initialized MultithreadedTaskDispatcher with 8 workers.
 -> (artifact id: 'd3c70720798e5224ddfda34ef30b1cc7') in 0.055968 seconds
Number of updated asset objects reloaded before import = 0
Number of asset objects unloaded after import = 2
========================================================================
Received Import Request.
  Time since last request: 0.000105 seconds.
  path: Assets/PurePoly/Free Fantasy RPG Weapons/Meshes/PP_Theme_06_Potion_002.fbx
  artifactKey: Guid(f922323834fbadf4e8c8b6a238620de1) Importer(2089858483,0ecaa5967403d082aa24f35e1b516d23)
Start importing Assets/PurePoly/Free Fantasy RPG Weapons/Meshes/PP_Theme_06_Potion_002.fbx using Guid(f922323834fbadf4e8c8b6a238620de1) Importer(2089858483,0ecaa5967403d082aa24f35e1b516d23) [PhysX] Initialized MultithreadedTaskDispatcher with 8 workers.
 -> (artifact id: 'e76e7f5eb647c7670ffe3fa95e47e4bf') in 0.042552 seconds
Number of updated asset objects reloaded before import = 0
Number of asset objects unloaded after import = 12
========================================================================
Received Import Request.
  Time since last request: 0.000439 seconds.
  path: Assets/AllSkyFree/Epic_GloriousPink/Epic_GloriousPink_EquiRect.png
  artifactKey: Guid(8a293ce833d584fc98516e0e74f495a4) Importer(2089858483,0ecaa5967403d082aa24f35e1b516d23)
Start importing Assets/AllSkyFree/Epic_GloriousPink/Epic_GloriousPink_EquiRect.png using Guid(8a293ce833d584fc98516e0e74f495a4) Importer(2089858483,0ecaa5967403d082aa24f35e1b516d23) [PhysX] Initialized MultithreadedTaskDispatcher with 8 workers.
 -> (artifact id: '76d758376de468b0ee8c683bc582f981') in 0.045683 seconds
Number of updated asset objects reloaded before import = 0
Number of asset objects unloaded after import = 1
========================================================================
Received Import Request.
  Time since last request: 0.000340 seconds.
  path: Assets/AllSkyFree/Space_AnotherPlanet/AllSky_Space_AnotherPlanet_Cam_3_Right-X.png
  artifactKey: Guid(ca9af6b5ce9284592aabb781392ff61e) Importer(2089858483,0ecaa5967403d082aa24f35e1b516d23)
Start importing Assets/AllSkyFree/Space_AnotherPlanet/AllSky_Space_AnotherPlanet_Cam_3_Right-X.png using Guid(ca9af6b5ce9284592aabb781392ff61e) Importer(2089858483,0ecaa5967403d082aa24f35e1b516d23) [PhysX] Initialized MultithreadedTaskDispatcher with 8 workers.
 -> (artifact id: '8c59af96668e94fdbb7b9a6c39064d66') in 0.046365 seconds
Number of updated asset objects reloaded before import = 0
Number of asset objects unloaded after import = 1
========================================================================
Received Import Request.
  Time since last request: 0.000904 seconds.
  path: Assets/PurePoly/Free Fantasy RPG Weapons/Prefabs/PP_Theme_02_Fist_Weapon_001.prefab
  artifactKey: Guid(c4ce080535d87ee41a1553c060fa3144) Importer(2089858483,0ecaa5967403d082aa24f35e1b516d23)
Start importing Assets/PurePoly/Free Fantasy RPG Weapons/Prefabs/PP_Theme_02_Fist_Weapon_001.prefab using Guid(c4ce080535d87ee41a1553c060fa3144) Importer(2089858483,0ecaa5967403d082aa24f35e1b516d23) [PhysX] Initialized MultithreadedTaskDispatcher with 8 workers.
 -> (artifact id: '4eaedfae65e180915ac3f736ca1f82cb') in 0.024924 seconds
Number of updated asset objects reloaded before import = 0
Number of asset objects unloaded after import = 8
========================================================================
Received Import Request.
  Time since last request: 0.011653 seconds.
  path: Assets/PurePoly/Free Fantasy RPG Weapons/Prefabs/PP_Theme_07_Scepter_001.prefab
  artifactKey: Guid(cff5dffe00fae3646b02cf6f01cb6514) Importer(2089858483,0ecaa5967403d082aa24f35e1b516d23)
Start importing Assets/PurePoly/Free Fantasy RPG Weapons/Prefabs/PP_Theme_07_Scepter_001.prefab using Guid(cff5dffe00fae3646b02cf6f01cb6514) Importer(2089858483,0ecaa5967403d082aa24f35e1b516d23) [PhysX] Initialized MultithreadedTaskDispatcher with 8 workers.
 -> (artifact id: 'd96ec58edf4b026a9821a98434dd2fdb') in 0.028859 seconds
Number of updated asset objects reloaded before import = 0
Number of asset objects unloaded after import = 8
========================================================================
Received Import Request.
  Time since last request: 0.000110 seconds.
  path: Assets/TextMesh Pro/Shaders/TMP_SDF-Surface.shader
  artifactKey: Guid(f7ada0af4f174f0694ca6a487b8f543d) Importer(2089858483,0ecaa5967403d082aa24f35e1b516d23)
Start importing Assets/TextMesh Pro/Shaders/TMP_SDF-Surface.shader using Guid(f7ada0af4f174f0694ca6a487b8f543d) Importer(2089858483,0ecaa5967403d082aa24f35e1b516d23) [PhysX] Initialized MultithreadedTaskDispatcher with 8 workers.
 -> (artifact id: '1ae41111e9d52664973c5cc2bd809e9c') in 0.040994 seconds
Number of updated asset objects reloaded before import = 0
Number of asset objects unloaded after import = 1
========================================================================
Received Import Request.
  Time since last request: 0.004817 seconds.
  path: Assets/TextMesh Pro/Shaders/TMPro_Properties.cginc
  artifactKey: Guid(3997e2241185407d80309a82f9148466) Importer(2089858483,0ecaa5967403d082aa24f35e1b516d23)
Start importing Assets/TextMesh Pro/Shaders/TMPro_Properties.cginc using Guid(3997e2241185407d80309a82f9148466) Importer(2089858483,0ecaa5967403d082aa24f35e1b516d23) [PhysX] Initialized MultithreadedTaskDispatcher with 8 workers.
 -> (artifact id: '1bcff1e783eef84fbdee240451432d45') in 0.021503 seconds
Number of updated asset objects reloaded before import = 0
Number of asset objects unloaded after import = 1
========================================================================
Received Import Request.
  Time since last request: 0.000751 seconds.
  path: Assets/AllSkyFree/Space_AnotherPlanet/AllSky_Space_AnotherPlanet_Cam_2_Left+X.png
  artifactKey: Guid(40cd83628508d406497f3b21ff220644) Importer(2089858483,0ecaa5967403d082aa24f35e1b516d23)
Start importing Assets/AllSkyFree/Space_AnotherPlanet/AllSky_Space_AnotherPlanet_Cam_2_Left+X.png using Guid(40cd83628508d406497f3b21ff220644) Importer(2089858483,0ecaa5967403d082aa24f35e1b516d23) [PhysX] Initialized MultithreadedTaskDispatcher with 8 workers.
 -> (artifact id: 'ee4b619717b3661d8cbf3098790d90fd') in 0.047214 seconds
Number of updated asset objects reloaded before import = 0
Number of asset objects unloaded after import = 1
========================================================================
Received Import Request.
  Time since last request: 0.003054 seconds.
  path: Assets/PurePoly/Free Fantasy RPG Weapons/Prefabs/PP_Theme_11_Sword_One-Handed_003.prefab
  artifactKey: Guid(b99eeca4b92b0b2408bdea5f80af2b65) Importer(2089858483,0ecaa5967403d082aa24f35e1b516d23)
Start importing Assets/PurePoly/Free Fantasy RPG Weapons/Prefabs/PP_Theme_11_Sword_One-Handed_003.prefab using Guid(b99eeca4b92b0b2408bdea5f80af2b65) Importer(2089858483,0ecaa5967403d082aa24f35e1b516d23) [PhysX] Initialized MultithreadedTaskDispatcher with 8 workers.
 -> (artifact id: '8a4070587352013eed9d72daf465630a') in 0.020600 seconds
Number of updated asset objects reloaded before import = 0
Number of asset objects unloaded after import = 8
========================================================================
Received Import Request.
  Time since last request: 0.016276 seconds.
  path: Assets/AllSkyFree/Space_AnotherPlanet/AllSky_Space_AnotherPlanet Equirect.png
  artifactKey: Guid(393dd4c82e2a04ec08ef9f57528230c6) Importer(2089858483,0ecaa5967403d082aa24f35e1b516d23)
Start importing Assets/AllSkyFree/Space_AnotherPlanet/AllSky_Space_AnotherPlanet Equirect.png using Guid(393dd4c82e2a04ec08ef9f57528230c6) Importer(2089858483,0ecaa5967403d082aa24f35e1b516d23) [PhysX] Initialized MultithreadedTaskDispatcher with 8 workers.
 -> (artifact id: '012d94fb1205657192f7e934aee55623') in 0.073400 seconds
Number of updated asset objects reloaded before import = 0
Number of asset objects unloaded after import = 1
========================================================================
Received Import Request.
  Time since last request: 0.001941 seconds.
  path: Assets/AllSkyFree/_AllSkyFreeDemoEnvironment/AdditiveSprite.mat
  artifactKey: Guid(55c04ce684cb542debc357409498bc4e) Importer(2089858483,0ecaa5967403d082aa24f35e1b516d23)
Start importing Assets/AllSkyFree/_AllSkyFreeDemoEnvironment/AdditiveSprite.mat using Guid(55c04ce684cb542debc357409498bc4e) Importer(2089858483,0ecaa5967403d082aa24f35e1b516d23) [PhysX] Initialized MultithreadedTaskDispatcher with 8 workers.
 -> (artifact id: '80210cbf8ae02d3306733524dd267c01') in 0.018646 seconds
Number of updated asset objects reloaded before import = 0
Number of asset objects unloaded after import = 1
========================================================================
Received Import Request.
  Time since last request: 0.003732 seconds.
  path: Assets/AllSkyFree/Epic_BlueSunset/Epic_BlueSunsetSettings.lighting
  artifactKey: Guid(e5291d3d443bc47e591ef599f12828a2) Importer(2089858483,0ecaa5967403d082aa24f35e1b516d23)
Start importing Assets/AllSkyFree/Epic_BlueSunset/Epic_BlueSunsetSettings.lighting using Guid(e5291d3d443bc47e591ef599f12828a2) Importer(2089858483,0ecaa5967403d082aa24f35e1b516d23) [PhysX] Initialized MultithreadedTaskDispatcher with 8 workers.
LightingSettings: switching bake backend from 2 to 0.
 -> (artifact id: '220e785e64cb3d98d4ff3ad88aeb63ae') in 0.018124 seconds
Number of updated asset objects reloaded before import = 0
Number of asset objects unloaded after import = 1
========================================================================
Received Import Request.
  Time since last request: 0.000728 seconds.
  path: Assets/PurePoly/Free Fantasy RPG Weapons/Meshes/PP_Theme_11_Axe_One_Handed_002.fbx
  artifactKey: Guid(0d77a1fcdec05354f98d25852e9c8c09) Importer(2089858483,0ecaa5967403d082aa24f35e1b516d23)
Start importing Assets/PurePoly/Free Fantasy RPG Weapons/Meshes/PP_Theme_11_Axe_One_Handed_002.fbx using Guid(0d77a1fcdec05354f98d25852e9c8c09) Importer(2089858483,0ecaa5967403d082aa24f35e1b516d23) [PhysX] Initialized MultithreadedTaskDispatcher with 8 workers.
 -> (artifact id: '1874b46285bf092f9ff87f68b849f070') in 0.032364 seconds
Number of updated asset objects reloaded before import = 0
Number of asset objects unloaded after import = 7
========================================================================
Received Import Request.
  Time since last request: 0.000449 seconds.
  path: Assets/AllSkyFree/Deep Dusk/Deep Dusk__Cam_2_Left+X.png
  artifactKey: Guid(519e05b7b3cd14409b4a22d07660cfc8) Importer(2089858483,0ecaa5967403d082aa24f35e1b516d23)
Start importing Assets/AllSkyFree/Deep Dusk/Deep Dusk__Cam_2_Left+X.png using Guid(519e05b7b3cd14409b4a22d07660cfc8) Importer(2089858483,0ecaa5967403d082aa24f35e1b516d23) [PhysX] Initialized MultithreadedTaskDispatcher with 8 workers.
 -> (artifact id: 'f2b965cd9d5e030135c6d117901c5569') in 0.031798 seconds
Number of updated asset objects reloaded before import = 0
Number of asset objects unloaded after import = 1
========================================================================
Received Import Request.
  Time since last request: 0.019499 seconds.
  path: Assets/PurePoly/Free Fantasy RPG Weapons/Meshes/PP_Theme_01_Quiver_001.fbx
  artifactKey: Guid(a2bf7a146aa41214b81bb9f4f7557463) Importer(2089858483,0ecaa5967403d082aa24f35e1b516d23)
Start importing Assets/PurePoly/Free Fantasy RPG Weapons/Meshes/PP_Theme_01_Quiver_001.fbx using Guid(a2bf7a146aa41214b81bb9f4f7557463) Importer(2089858483,0ecaa5967403d082aa24f35e1b516d23) [PhysX] Initialized MultithreadedTaskDispatcher with 8 workers.
 -> (artifact id: '65eec4d8eab214850666fcaf485cd3da') in 0.028926 seconds
Number of updated asset objects reloaded before import = 0
Number of asset objects unloaded after import = 7
========================================================================
Received Import Request.
  Time since last request: 0.003031 seconds.
  path: Assets/AllSkyFree/Cold Sunset
  artifactKey: Guid(e45cb2dd63729436e93f61f9933371db) Importer(2089858483,0ecaa5967403d082aa24f35e1b516d23)
Start importing Assets/AllSkyFree/Cold Sunset using Guid(e45cb2dd63729436e93f61f9933371db) Importer(2089858483,0ecaa5967403d082aa24f35e1b516d23) [PhysX] Initialized MultithreadedTaskDispatcher with 8 workers.
 -> (artifact id: '3b04e4bf1ef31b04f2ae9c018f0b39c8') in 0.006867 seconds
Number of updated asset objects reloaded before import = 0
Number of asset objects unloaded after import = 1
========================================================================
Received Import Request.
  Time since last request: 0.003019 seconds.
  path: Assets/AllSkyFree/Cold Night/Cold Night__Cam_4_Up+Y.png
  artifactKey: Guid(3d6928c404a7c46c3991bb1b73521d66) Importer(2089858483,0ecaa5967403d082aa24f35e1b516d23)
Start importing Assets/AllSkyFree/Cold Night/Cold Night__Cam_4_Up+Y.png using Guid(3d6928c404a7c46c3991bb1b73521d66) Importer(2089858483,0ecaa5967403d082aa24f35e1b516d23) [PhysX] Initialized MultithreadedTaskDispatcher with 8 workers.
 -> (artifact id: '5254893d1f09ecd1e8ea3b688febf6f2') in 0.029903 seconds
Number of updated asset objects reloaded before import = 0
Number of asset objects unloaded after import = 1
========================================================================
Received Import Request.
  Time since last request: 0.004023 seconds.
  path: Assets/AllSkyFree/Deep Dusk/Deep DuskSettings.lighting
  artifactKey: Guid(677c92681da694462b5eeed904a4d4a5) Importer(2089858483,0ecaa5967403d082aa24f35e1b516d23)
Start importing Assets/AllSkyFree/Deep Dusk/Deep DuskSettings.lighting using Guid(677c92681da694462b5eeed904a4d4a5) Importer(2089858483,0ecaa5967403d082aa24f35e1b516d23) [PhysX] Initialized MultithreadedTaskDispatcher with 8 workers.
LightingSettings: switching bake backend from 2 to 0.
 -> (artifact id: 'b02e1f43276d69ccedbb27617a2556b2') in 0.014869 seconds
Number of updated asset objects reloaded before import = 0
Number of asset objects unloaded after import = 1
========================================================================
Received Import Request.
  Time since last request: 0.000700 seconds.
  path: Assets/AllSkyFree/Cartoon Base NightSky/Cartoon Base NightSky_Cam_4_Up+Y.png
  artifactKey: Guid(d8144633fec3342d9b7d9388377fb2a6) Importer(2089858483,0ecaa5967403d082aa24f35e1b516d23)
Start importing Assets/AllSkyFree/Cartoon Base NightSky/Cartoon Base NightSky_Cam_4_Up+Y.png using Guid(d8144633fec3342d9b7d9388377fb2a6) Importer(2089858483,0ecaa5967403d082aa24f35e1b516d23) [PhysX] Initialized MultithreadedTaskDispatcher with 8 workers.
 -> (artifact id: '2f9fb21bf1a45324f8358ce0c7c0d7fc') in 0.053905 seconds
Number of updated asset objects reloaded before import = 0
Number of asset objects unloaded after import = 1
========================================================================
Received Import Request.
  Time since last request: 0.000431 seconds.
  path: Assets/AllSkyFree/Night MoonBurst/Night Moon Burst_Cam_4_Up+Y.png
  artifactKey: Guid(544d3cf87e24a464fa433d08257479d1) Importer(2089858483,0ecaa5967403d082aa24f35e1b516d23)
Start importing Assets/AllSkyFree/Night MoonBurst/Night Moon Burst_Cam_4_Up+Y.png using Guid(544d3cf87e24a464fa433d08257479d1) Importer(2089858483,0ecaa5967403d082aa24f35e1b516d23) [PhysX] Initialized MultithreadedTaskDispatcher with 8 workers.
 -> (artifact id: '3b7340f540c636e5b02498f93fb7c8cd') in 0.026937 seconds
Number of updated asset objects reloaded before import = 0
Number of asset objects unloaded after import = 1
========================================================================
Received Import Request.
  Time since last request: 0.000561 seconds.
  path: Assets/AllSkyFree/_AllSkyFreeDemoEnvironment/Moon Glare.flare
  artifactKey: Guid(abbc1e6231a944490a02e2ad613ec906) Importer(2089858483,0ecaa5967403d082aa24f35e1b516d23)
Start importing Assets/AllSkyFree/_AllSkyFreeDemoEnvironment/Moon Glare.flare using Guid(abbc1e6231a944490a02e2ad613ec906) Importer(2089858483,0ecaa5967403d082aa24f35e1b516d23) [PhysX] Initialized MultithreadedTaskDispatcher with 8 workers.
 -> (artifact id: '507f9662de7c1b5fb558d65911d7a0f4') in 0.048713 seconds
Number of updated asset objects reloaded before import = 0
Number of asset objects unloaded after import = 1
========================================================================
Received Import Request.
  Time since last request: 0.000377 seconds.
  path: Assets/AllSkyFree/Epic_BlueSunset/Epic_BlueSunset Equirect.mat
  artifactKey: Guid(cdbb40e11399e4a17882ada20a1b896a) Importer(2089858483,0ecaa5967403d082aa24f35e1b516d23)
Start importing Assets/AllSkyFree/Epic_BlueSunset/Epic_BlueSunset Equirect.mat using Guid(cdbb40e11399e4a17882ada20a1b896a) Importer(2089858483,0ecaa5967403d082aa24f35e1b516d23) [PhysX] Initialized MultithreadedTaskDispatcher with 8 workers.
 -> (artifact id: 'cf306fc2d9fd8511dbbdb7d187164430') in 0.047280 seconds
Number of updated asset objects reloaded before import = 0
Number of asset objects unloaded after import = 2
========================================================================
Received Import Request.
  Time since last request: 0.000235 seconds.
  path: Assets/AllSkyFree/Cartoon Base NightSky/Cartoon Base NightSky_Cam_1_Back-Z.png
  artifactKey: Guid(baee46fd4fc8d4898864f4963bb39f34) Importer(2089858483,0ecaa5967403d082aa24f35e1b516d23)
Start importing Assets/AllSkyFree/Cartoon Base NightSky/Cartoon Base NightSky_Cam_1_Back-Z.png using Guid(baee46fd4fc8d4898864f4963bb39f34) Importer(2089858483,0ecaa5967403d082aa24f35e1b516d23) [PhysX] Initialized MultithreadedTaskDispatcher with 8 workers.
 -> (artifact id: 'af3eb2a6b5d8954bc13cd98d5afbb421') in 0.033735 seconds
Number of updated asset objects reloaded before import = 0
Number of asset objects unloaded after import = 1
========================================================================
Received Import Request.
  Time since last request: 0.000138 seconds.
  path: Assets/AllSkyFree/Cold Night/Cold Night__Cam_1_Back-Z.png
  artifactKey: Guid(7a03001a6d7c746a2a2467b3b3f51660) Importer(2089858483,0ecaa5967403d082aa24f35e1b516d23)
Start importing Assets/AllSkyFree/Cold Night/Cold Night__Cam_1_Back-Z.png using Guid(7a03001a6d7c746a2a2467b3b3f51660) Importer(2089858483,0ecaa5967403d082aa24f35e1b516d23) [PhysX] Initialized MultithreadedTaskDispatcher with 8 workers.
 -> (artifact id: '7b4ae1d8dfbfdfc850d287390287f2c2') in 0.038126 seconds
Number of updated asset objects reloaded before import = 0
Number of asset objects unloaded after import = 1
========================================================================
Received Import Request.
  Time since last request: 0.000163 seconds.
  path: Assets/AllSkyFree/Night MoonBurst/AllSky_Night_MoonBurst Equirect.mat
  artifactKey: Guid(51b74d7bad397457d883c5940f7664d8) Importer(2089858483,0ecaa5967403d082aa24f35e1b516d23)
Start importing Assets/AllSkyFree/Night MoonBurst/AllSky_Night_MoonBurst Equirect.mat using Guid(51b74d7bad397457d883c5940f7664d8) Importer(2089858483,0ecaa5967403d082aa24f35e1b516d23) [PhysX] Initialized MultithreadedTaskDispatcher with 8 workers.
 -> (artifact id: '903d7d82f69fe801493ea0b2015a941c') in 0.054587 seconds
Number of updated asset objects reloaded before import = 0
Number of asset objects unloaded after import = 2
========================================================================
Received Import Request.
  Time since last request: 0.000139 seconds.
  path: Assets/AllSkyFree/_AllSkyFreeDemoEnvironment/Sun Glare.flare
  artifactKey: Guid(b5a6cf5f31f1943c587519cdea1e27dc) Importer(2089858483,0ecaa5967403d082aa24f35e1b516d23)
Start importing Assets/AllSkyFree/_AllSkyFreeDemoEnvironment/Sun Glare.flare using Guid(b5a6cf5f31f1943c587519cdea1e27dc) Importer(2089858483,0ecaa5967403d082aa24f35e1b516d23) [PhysX] Initialized MultithreadedTaskDispatcher with 8 workers.
 -> (artifact id: 'e90f58eb8d2d17537d0a305876480987') in 0.006522 seconds
Number of updated asset objects reloaded before import = 0
Number of asset objects unloaded after import = 1
========================================================================
Received Import Request.
  Time since last request: 0.000097 seconds.
  path: Assets/AllSkyFree/Cold Night/Cold Night.mat
  artifactKey: Guid(9af23ba5fa5364ff598888460e0e2759) Importer(2089858483,0ecaa5967403d082aa24f35e1b516d23)
Start importing Assets/AllSkyFree/Cold Night/Cold Night.mat using Guid(9af23ba5fa5364ff598888460e0e2759) Importer(2089858483,0ecaa5967403d082aa24f35e1b516d23) [PhysX] Initialized MultithreadedTaskDispatcher with 8 workers.
 -> (artifact id: 'df71d3a3f9ab3bd6b59ee682390ede9c') in 0.037855 seconds
Number of updated asset objects reloaded before import = 0
Number of asset objects unloaded after import = 7
========================================================================
Received Import Request.
  Time since last request: 0.005564 seconds.
  path: Assets/AllSkyFree/Cartoon Base NightSky/Cartoon Base NightSky_Cam_0_Front+Z.png
  artifactKey: Guid(5cd44424375bd4ad69191a50c41ec04d) Importer(2089858483,0ecaa5967403d082aa24f35e1b516d23)
Start importing Assets/AllSkyFree/Cartoon Base NightSky/Cartoon Base NightSky_Cam_0_Front+Z.png using Guid(5cd44424375bd4ad69191a50c41ec04d) Importer(2089858483,0ecaa5967403d082aa24f35e1b516d23) [PhysX] Initialized MultithreadedTaskDispatcher with 8 workers.
 -> (artifact id: '9712bb06cd8a832385afb65ea893471a') in 0.092122 seconds
Number of updated asset objects reloaded before import = 0
Number of asset objects unloaded after import = 1
========================================================================
Received Import Request.
  Time since last request: 0.022897 seconds.
  path: Assets/AllSkyFree/Night MoonBurst/Night Moon Burst_Cam_5_Down-Y.png
  artifactKey: Guid(771300e956150427f8e4740c74cdd67e) Importer(2089858483,0ecaa5967403d082aa24f35e1b516d23)
Start importing Assets/AllSkyFree/Night MoonBurst/Night Moon Burst_Cam_5_Down-Y.png using Guid(771300e956150427f8e4740c74cdd67e) Importer(2089858483,0ecaa5967403d082aa24f35e1b516d23) [PhysX] Initialized MultithreadedTaskDispatcher with 8 workers.
 -> (artifact id: 'a3f5993e70a2663599de9264a823859e') in 0.054498 seconds
Number of updated asset objects reloaded before import = 0
Number of asset objects unloaded after import = 1
========================================================================
Received Import Request.
  Time since last request: 0.002051 seconds.
  path: Assets/AllSkyFree/Night MoonBurst/Night Moon BurstSettings.lighting
  artifactKey: Guid(964db8239f0ec4f60b893630e6163cf3) Importer(2089858483,0ecaa5967403d082aa24f35e1b516d23)
Start importing Assets/AllSkyFree/Night MoonBurst/Night Moon BurstSettings.lighting using Guid(964db8239f0ec4f60b893630e6163cf3) Importer(2089858483,0ecaa5967403d082aa24f35e1b516d23) [PhysX] Initialized MultithreadedTaskDispatcher with 8 workers.
LightingSettings: switching bake backend from 2 to 0.
 -> (artifact id: '30e56a475ef90c71aa4dce6a5b03f833') in 0.029059 seconds
Number of updated asset objects reloaded before import = 0
Number of asset objects unloaded after import = 1
========================================================================
Received Import Request.
  Time since last request: 0.001899 seconds.
  path: Assets/AllSkyFree/Epic_BlueSunset/Epic_BlueSunset_Cam_0_Front+Z.png
  artifactKey: Guid(33dc9d88f32144697ba9777ee1aaae7b) Importer(2089858483,0ecaa5967403d082aa24f35e1b516d23)
Start importing Assets/AllSkyFree/Epic_BlueSunset/Epic_BlueSunset_Cam_0_Front+Z.png using Guid(33dc9d88f32144697ba9777ee1aaae7b) Importer(2089858483,0ecaa5967403d082aa24f35e1b516d23) [PhysX] Initialized MultithreadedTaskDispatcher with 8 workers.
 -> (artifact id: '500ab8088cb064667e2e031cb738ca41') in 0.038111 seconds
Number of updated asset objects reloaded before import = 0
Number of asset objects unloaded after import = 1
========================================================================
Received Import Request.
  Time since last request: 0.001922 seconds.
  path: Assets/AllSkyFree/Cold Sunset/Cold Sunset Equirect.png
  artifactKey: Guid(6fa3f446deee84c52aec507bd0aca28c) Importer(2089858483,0ecaa5967403d082aa24f35e1b516d23)
Start importing Assets/AllSkyFree/Cold Sunset/Cold Sunset Equirect.png using Guid(6fa3f446deee84c52aec507bd0aca28c) Importer(2089858483,0ecaa5967403d082aa24f35e1b516d23) [PhysX] Initialized MultithreadedTaskDispatcher with 8 workers.
 -> (artifact id: '25597e9a47a199853715a8d4c46c4ddd') in 0.053886 seconds
Number of updated asset objects reloaded before import = 0
Number of asset objects unloaded after import = 1
========================================================================
Received Import Request.
  Time since last request: 0.000803 seconds.
  path: Assets/AllSkyFree/Epic_BlueSunset/Epic_BlueSunset.mat
  artifactKey: Guid(7416536dbe0334cfd888dd1beb75a9fb) Importer(2089858483,0ecaa5967403d082aa24f35e1b516d23)
Start importing Assets/AllSkyFree/Epic_BlueSunset/Epic_BlueSunset.mat using Guid(7416536dbe0334cfd888dd1beb75a9fb) Importer(2089858483,0ecaa5967403d082aa24f35e1b516d23) [PhysX] Initialized MultithreadedTaskDispatcher with 8 workers.
 -> (artifact id: '942bf82a696e2e9629eda412820b27a5') in 0.043879 seconds
Number of updated asset objects reloaded before import = 0
Number of asset objects unloaded after import = 7
========================================================================
Received Import Request.
  Time since last request: 0.000060 seconds.
  path: Assets/AllSkyFree/Cartoon Base NightSky/Cartoon Base NightSky.unity
  artifactKey: Guid(c4ac93a9f488344c29ac272cddb55dda) Importer(2089858483,0ecaa5967403d082aa24f35e1b516d23)
Start importing Assets/AllSkyFree/Cartoon Base NightSky/Cartoon Base NightSky.unity using Guid(c4ac93a9f488344c29ac272cddb55dda) Importer(2089858483,0ecaa5967403d082aa24f35e1b516d23) [PhysX] Initialized MultithreadedTaskDispatcher with 8 workers.
 -> (artifact id: 'f2c1930a52bf46c7f7ab9182cb06d4c0') in 0.005660 seconds
Number of updated asset objects reloaded before import = 0
Number of asset objects unloaded after import = 1
========================================================================
Received Import Request.
  Time since last request: 0.000257 seconds.
  path: Assets/AllSkyFree/Deep Dusk/Deep Dusk__Cam_1_Back-Z.png
  artifactKey: Guid(5e2aba0844c5a4c2ca77ba49a1ea08d5) Importer(2089858483,0ecaa5967403d082aa24f35e1b516d23)
Start importing Assets/AllSkyFree/Deep Dusk/Deep Dusk__Cam_1_Back-Z.png using Guid(5e2aba0844c5a4c2ca77ba49a1ea08d5) Importer(2089858483,0ecaa5967403d082aa24f35e1b516d23) [PhysX] Initialized MultithreadedTaskDispatcher with 8 workers.
 -> (artifact id: 'e2d5d21d681fb7b18e9ad7b41c998272') in 0.020913 seconds
Number of updated asset objects reloaded before import = 0
Number of asset objects unloaded after import = 1
========================================================================
Received Import Request.
  Time since last request: 0.000324 seconds.
  path: Assets/AllSkyFree/Cold Sunset/Cold SunsetSettings.lighting
  artifactKey: Guid(064dcd04918c84039a6ec75e45f4e3fc) Importer(2089858483,0ecaa5967403d082aa24f35e1b516d23)
Start importing Assets/AllSkyFree/Cold Sunset/Cold SunsetSettings.lighting using Guid(064dcd04918c84039a6ec75e45f4e3fc) Importer(2089858483,0ecaa5967403d082aa24f35e1b516d23) [PhysX] Initialized MultithreadedTaskDispatcher with 8 workers.
LightingSettings: switching bake backend from 2 to 0.
 -> (artifact id: '2626e889daebaa411fe1b1bd624ff8ea') in 0.013462 seconds
Number of updated asset objects reloaded before import = 0
Number of asset objects unloaded after import = 1
========================================================================
Received Import Request.
  Time since last request: 0.000133 seconds.
  path: Assets/AllSkyFree/Cartoon Base NightSky/Cartoon Base NightSky_Cam_3_Right-X.png
  artifactKey: Guid(69090bcf98b624e77a2f519630debe54) Importer(2089858483,0ecaa5967403d082aa24f35e1b516d23)
Start importing Assets/AllSkyFree/Cartoon Base NightSky/Cartoon Base NightSky_Cam_3_Right-X.png using Guid(69090bcf98b624e77a2f519630debe54) Importer(2089858483,0ecaa5967403d082aa24f35e1b516d23) [PhysX] Initialized MultithreadedTaskDispatcher with 8 workers.
 -> (artifact id: '66e80a7a2967d40106d2b4c847f9e306') in 0.021874 seconds
Number of updated asset objects reloaded before import = 0
Number of asset objects unloaded after import = 1
========================================================================
Received Import Request.
  Time since last request: 0.000104 seconds.
  path: Assets/AllSkyFree/_AllSkyFreeDemoEnvironment
  artifactKey: Guid(4392334f044e44affbf9f5162eb718ae) Importer(2089858483,0ecaa5967403d082aa24f35e1b516d23)
Start importing Assets/AllSkyFree/_AllSkyFreeDemoEnvironment using Guid(4392334f044e44affbf9f5162eb718ae) Importer(2089858483,0ecaa5967403d082aa24f35e1b516d23) [PhysX] Initialized MultithreadedTaskDispatcher with 8 workers.
 -> (artifact id: '7dfa352846f4ad291d699094e250a5d9') in 0.004577 seconds
Number of updated asset objects reloaded before import = 0
Number of asset objects unloaded after import = 1
========================================================================
Received Import Request.
  Time since last request: 0.000188 seconds.
  path: Assets/AllSkyFree/Space_AnotherPlanet/AllSky_Space_AnotherPlanetSettings.lighting
  artifactKey: Guid(4305950d8bc0e4710b536a3509e91889) Importer(2089858483,0ecaa5967403d082aa24f35e1b516d23)
Start importing Assets/AllSkyFree/Space_AnotherPlanet/AllSky_Space_AnotherPlanetSettings.lighting using Guid(4305950d8bc0e4710b536a3509e91889) Importer(2089858483,0ecaa5967403d082aa24f35e1b516d23) [PhysX] Initialized MultithreadedTaskDispatcher with 8 workers.
LightingSettings: switching bake backend from 2 to 0.
 -> (artifact id: 'c9347c3d41933b29c5e768078845e30e') in 0.009833 seconds
Number of updated asset objects reloaded before import = 0
Number of asset objects unloaded after import = 1
========================================================================
Received Import Request.
  Time since last request: 0.000165 seconds.
  path: Assets/AllSkyFree/Epic_GloriousPink/Epic_GloriousPink.unity
  artifactKey: Guid(a6ac75420f93c4fa99b35113a21e4eff) Importer(2089858483,0ecaa5967403d082aa24f35e1b516d23)
Start importing Assets/AllSkyFree/Epic_GloriousPink/Epic_GloriousPink.unity using Guid(a6ac75420f93c4fa99b35113a21e4eff) Importer(2089858483,0ecaa5967403d082aa24f35e1b516d23) [PhysX] Initialized MultithreadedTaskDispatcher with 8 workers.
 -> (artifact id: '637ede1e686987a9cf27b812804c949e') in 0.003551 seconds
Number of updated asset objects reloaded before import = 0
Number of asset objects unloaded after import = 1
========================================================================
Received Import Request.
  Time since last request: 0.000156 seconds.
  path: Assets/AllSkyFree/_AllSkyFreeDemoEnvironment/Materials/AllSkyDemoEnv_Flag_Blue.mat
  artifactKey: Guid(8e64a72f2cb9c45bba4b11d98489b11f) Importer(2089858483,0ecaa5967403d082aa24f35e1b516d23)
Start importing Assets/AllSkyFree/_AllSkyFreeDemoEnvironment/Materials/AllSkyDemoEnv_Flag_Blue.mat using Guid(8e64a72f2cb9c45bba4b11d98489b11f) Importer(2089858483,0ecaa5967403d082aa24f35e1b516d23) [PhysX] Initialized MultithreadedTaskDispatcher with 8 workers.
 -> (artifact id: 'd7a6b5f7945d7c42affbf0220d59ecef') in 0.007057 seconds
Number of updated asset objects reloaded before import = 0
Number of asset objects unloaded after import = 1
========================================================================
Received Import Request.
  Time since last request: 0.000271 seconds.
  path: Assets/AllSkyFree/Cold Night/Cold NightSettings.lighting
  artifactKey: Guid(c48f649f5bdf549e79cb80596230adb6) Importer(2089858483,0ecaa5967403d082aa24f35e1b516d23)
Start importing Assets/AllSkyFree/Cold Night/Cold NightSettings.lighting using Guid(c48f649f5bdf549e79cb80596230adb6) Importer(2089858483,0ecaa5967403d082aa24f35e1b516d23) [PhysX] Initialized MultithreadedTaskDispatcher with 8 workers.
LightingSettings: switching bake backend from 2 to 0.
 -> (artifact id: '618e7a619d65da97b07a24fccb40cd0b') in 0.011688 seconds
Number of updated asset objects reloaded before import = 0
Number of asset objects unloaded after import = 1
========================================================================
Received Import Request.
  Time since last request: 0.000130 seconds.
  path: Assets/AllSkyFree/_AllSkyFreeDemoEnvironment/Materials/TreeLeaves.mat
  artifactKey: Guid(5a2c0c63420584a7c99a4f89a19e51dd) Importer(2089858483,0ecaa5967403d082aa24f35e1b516d23)
Start importing Assets/AllSkyFree/_AllSkyFreeDemoEnvironment/Materials/TreeLeaves.mat using Guid(5a2c0c63420584a7c99a4f89a19e51dd) Importer(2089858483,0ecaa5967403d082aa24f35e1b516d23) [PhysX] Initialized MultithreadedTaskDispatcher with 8 workers.
 -> (artifact id: '9ad766f33e72f9c6bdf2ec3f5820714e') in 0.009576 seconds
Number of updated asset objects reloaded before import = 0
Number of asset objects unloaded after import = 1
========================================================================
Received Import Request.
  Time since last request: 0.000185 seconds.
  path: Assets/AllSkyFree
  artifactKey: Guid(b1aad8774f65047789a9f57dba3832c1) Importer(2089858483,0ecaa5967403d082aa24f35e1b516d23)
Start importing Assets/AllSkyFree using Guid(b1aad8774f65047789a9f57dba3832c1) Importer(2089858483,0ecaa5967403d082aa24f35e1b516d23) [PhysX] Initialized MultithreadedTaskDispatcher with 8 workers.
 -> (artifact id: 'bb98dfbf1e609ed4cd3ce442fb6036ed') in 0.004333 seconds
Number of updated asset objects reloaded before import = 0
Number of asset objects unloaded after import = 1
========================================================================
Received Import Request.
  Time since last request: 0.000101 seconds.
  path: Assets/AllSkyFree/Epic_GloriousPink/Epic_GloriousPink_Cam_0_Front+Z.png
  artifactKey: Guid(87dff0577f22146db9255e2cf270d6ee) Importer(2089858483,0ecaa5967403d082aa24f35e1b516d23)
Start importing Assets/AllSkyFree/Epic_GloriousPink/Epic_GloriousPink_Cam_0_Front+Z.png using Guid(87dff0577f22146db9255e2cf270d6ee) Importer(2089858483,0ecaa5967403d082aa24f35e1b516d23) [PhysX] Initialized MultithreadedTaskDispatcher with 8 workers.
 -> (artifact id: 'a0d413a7be36bcb2026e26fe94cf3ba2') in 0.021201 seconds
Number of updated asset objects reloaded before import = 0
Number of asset objects unloaded after import = 1
========================================================================
Received Import Request.
  Time since last request: 0.000121 seconds.
  path: Assets/AllSkyFree/Night MoonBurst
  artifactKey: Guid(26e352704e0b94af78a547c6d44125d9) Importer(2089858483,0ecaa5967403d082aa24f35e1b516d23)
Start importing Assets/AllSkyFree/Night MoonBurst using Guid(26e352704e0b94af78a547c6d44125d9) Importer(2089858483,0ecaa5967403d082aa24f35e1b516d23) [PhysX] Initialized MultithreadedTaskDispatcher with 8 workers.
 -> (artifact id: '71a30d8e839b14b92cca01457ba8b016') in 0.003407 seconds
Number of updated asset objects reloaded before import = 0
Number of asset objects unloaded after import = 1
========================================================================
Received Import Request.
  Time since last request: 0.000160 seconds.
  path: Assets/AllSkyFree/Deep Dusk/Deep Dusk__Cam_4_Up+Y.png
  artifactKey: Guid(d6efad16563c1446d86a121dbb004300) Importer(2089858483,0ecaa5967403d082aa24f35e1b516d23)
Start importing Assets/AllSkyFree/Deep Dusk/Deep Dusk__Cam_4_Up+Y.png using Guid(d6efad16563c1446d86a121dbb004300) Importer(2089858483,0ecaa5967403d082aa24f35e1b516d23) [PhysX] Initialized MultithreadedTaskDispatcher with 8 workers.
 -> (artifact id: 'c7360ed7b3d713dbacc6e22e3ecafc5b') in 0.023063 seconds
Number of updated asset objects reloaded before import = 0
Number of asset objects unloaded after import = 1
========================================================================
Received Import Request.
  Time since last request: 0.000443 seconds.
  path: Assets/AllSkyFree/Cold Night/Cold Night Equirect.png
  artifactKey: Guid(97259d0c0ea9f491692be825da27978a) Importer(2089858483,0ecaa5967403d082aa24f35e1b516d23)
Start importing Assets/AllSkyFree/Cold Night/Cold Night Equirect.png using Guid(97259d0c0ea9f491692be825da27978a) Importer(2089858483,0ecaa5967403d082aa24f35e1b516d23) [PhysX] Initialized MultithreadedTaskDispatcher with 8 workers.
 -> (artifact id: 'f14f6a96eacae9c8cb64bce48dfdfef4') in 0.055810 seconds
Number of updated asset objects reloaded before import = 0
Number of asset objects unloaded after import = 1
========================================================================
Received Import Request.
  Time since last request: 0.000157 seconds.
  path: Assets/AllSkyFree/Night MoonBurst/Night Moon Burst_Cam_1_Back-Z.png
  artifactKey: Guid(88710d7f2a0fa4bfeacbf7045be893fc) Importer(2089858483,0ecaa5967403d082aa24f35e1b516d23)
Start importing Assets/AllSkyFree/Night MoonBurst/Night Moon Burst_Cam_1_Back-Z.png using Guid(88710d7f2a0fa4bfeacbf7045be893fc) Importer(2089858483,0ecaa5967403d082aa24f35e1b516d23) [PhysX] Initialized MultithreadedTaskDispatcher with 8 workers.
 -> (artifact id: '57b1ec1e72e910a745b631e6599d31b1') in 0.022258 seconds
Number of updated asset objects reloaded before import = 0
Number of asset objects unloaded after import = 1
========================================================================
Received Import Request.
  Time since last request: 0.000176 seconds.
  path: Assets/AllSkyFree/Overcast Low/Sky_AllSky_Overcast4_Low_Cam_4_Up+Y.png
  artifactKey: Guid(93ce6277acd7243f685c04cc3c1d0cc4) Importer(2089858483,0ecaa5967403d082aa24f35e1b516d23)
Start importing Assets/AllSkyFree/Overcast Low/Sky_AllSky_Overcast4_Low_Cam_4_Up+Y.png using Guid(93ce6277acd7243f685c04cc3c1d0cc4) Importer(2089858483,0ecaa5967403d082aa24f35e1b516d23) [PhysX] Initialized MultithreadedTaskDispatcher with 8 workers.
 -> (artifact id: '1d4014bce40548e97cff610e8227f007') in 0.029481 seconds
Number of updated asset objects reloaded before import = 0
Number of asset objects unloaded after import = 1
========================================================================
Received Import Request.
  Time since last request: 0.000147 seconds.
  path: Assets/AllSkyFree/_AllSkyFreeDemoEnvironment/AllSky_DemoEnvironment_Light.fbx
  artifactKey: Guid(d9ad0f74d68824711bc800186cf63d22) Importer(2089858483,0ecaa5967403d082aa24f35e1b516d23)
Start importing Assets/AllSkyFree/_AllSkyFreeDemoEnvironment/AllSky_DemoEnvironment_Light.fbx using Guid(d9ad0f74d68824711bc800186cf63d22) Importer(2089858483,0ecaa5967403d082aa24f35e1b516d23) [PhysX] Initialized MultithreadedTaskDispatcher with 8 workers.
 -> (artifact id: '64972366b488417bb890bc7417787698') in 0.031215 seconds
Number of updated asset objects reloaded before import = 0
Number of asset objects unloaded after import = 9
========================================================================
Received Import Request.
  Time since last request: 0.000084 seconds.
  path: Assets/AllSkyFree/Epic_BlueSunset/Epic_BlueSunset_EquiRect_flat.png
  artifactKey: Guid(e71fc492f440446b99875b8e1df890ba) Importer(2089858483,0ecaa5967403d082aa24f35e1b516d23)
Start importing Assets/AllSkyFree/Epic_BlueSunset/Epic_BlueSunset_EquiRect_flat.png using Guid(e71fc492f440446b99875b8e1df890ba) Importer(2089858483,0ecaa5967403d082aa24f35e1b516d23) [PhysX] Initialized MultithreadedTaskDispatcher with 8 workers.
 -> (artifact id: '6e23c02191a781ca4ce85093b851b775') in 0.042332 seconds
Number of updated asset objects reloaded before import = 0
Number of asset objects unloaded after import = 1
========================================================================
Received Import Request.
  Time since last request: 0.000163 seconds.
  path: Assets/AllSkyFree/Overcast Low/Sky_AllSky_Overcast4_Low_Cam_0_Front+Z.png
  artifactKey: Guid(402fe3aa91fba453f92dd3bbe820dbd9) Importer(2089858483,0ecaa5967403d082aa24f35e1b516d23)
Start importing Assets/AllSkyFree/Overcast Low/Sky_AllSky_Overcast4_Low_Cam_0_Front+Z.png using Guid(402fe3aa91fba453f92dd3bbe820dbd9) Importer(2089858483,0ecaa5967403d082aa24f35e1b516d23) [PhysX] Initialized MultithreadedTaskDispatcher with 8 workers.
 -> (artifact id: 'c63eb2bedbd520253a7563e1bde0b09f') in 0.023138 seconds
Number of updated asset objects reloaded before import = 0
Number of asset objects unloaded after import = 1
========================================================================
Received Import Request.
  Time since last request: 0.000170 seconds.
  path: Assets/LevitationSimple.cs
  artifactKey: Guid(25b5ae9a7e37648ea93dc7ae30e06597) Importer(2089858483,0ecaa5967403d082aa24f35e1b516d23)
Start importing Assets/LevitationSimple.cs using Guid(25b5ae9a7e37648ea93dc7ae30e06597) Importer(2089858483,0ecaa5967403d082aa24f35e1b516d23) [PhysX] Initialized MultithreadedTaskDispatcher with 8 workers.
 -> (artifact id: '9cbc71095a7ca7a9dfd6649d905bc5db') in 0.009443 seconds
Number of updated asset objects reloaded before import = 0
Number of asset objects unloaded after import = 1
========================================================================
Received Import Request.
  Time since last request: 0.000346 seconds.
  path: Assets/Scenes/Animations_TD/Meshy_AI_Mythical_Sage_0119033914_texture_obj
  artifactKey: Guid(34dc526e0ce9847ea9c79326ac08d195) Importer(2089858483,0ecaa5967403d082aa24f35e1b516d23)
Start importing Assets/Scenes/Animations_TD/Meshy_AI_Mythical_Sage_0119033914_texture_obj using Guid(34dc526e0ce9847ea9c79326ac08d195) Importer(2089858483,0ecaa5967403d082aa24f35e1b516d23) [PhysX] Initialized MultithreadedTaskDispatcher with 8 workers.
 -> (artifact id: '187f4f314ae5c1a5f5884cb37c24fbb5') in 0.005300 seconds
Number of updated asset objects reloaded before import = 0
Number of asset objects unloaded after import = 1
========================================================================
Received Import Request.
  Time since last request: 0.000115 seconds.
  path: Assets/AllSkyFree/Cartoon Base NightSky/Materials/Cartoon Base NightSky Equirect.mat
  artifactKey: Guid(ac68335ff75484531ae97e013a67f7e8) Importer(2089858483,0ecaa5967403d082aa24f35e1b516d23)
Start importing Assets/AllSkyFree/Cartoon Base NightSky/Materials/Cartoon Base NightSky Equirect.mat using Guid(ac68335ff75484531ae97e013a67f7e8) Importer(2089858483,0ecaa5967403d082aa24f35e1b516d23) [PhysX] Initialized MultithreadedTaskDispatcher with 8 workers.
 -> (artifact id: 'db065c6fc27ba7334c7cc77ab3b0ef18') in 0.030027 seconds
Number of updated asset objects reloaded before import = 0
Number of asset objects unloaded after import = 2
========================================================================
Received Import Request.
  Time since last request: 0.000088 seconds.
  path: Assets/AllSkyFree/Cartoon Base NightSky/Materials
  artifactKey: Guid(3a1b9115c39ee435fbdb047d22663f08) Importer(2089858483,0ecaa5967403d082aa24f35e1b516d23)
Start importing Assets/AllSkyFree/Cartoon Base NightSky/Materials using Guid(3a1b9115c39ee435fbdb047d22663f08) Importer(2089858483,0ecaa5967403d082aa24f35e1b516d23) [PhysX] Initialized MultithreadedTaskDispatcher with 8 workers.
 -> (artifact id: '76512c226fc48c28b05cd9cd555e68a4') in 0.004720 seconds
Number of updated asset objects reloaded before import = 0
Number of asset objects unloaded after import = 1
========================================================================
Received Import Request.
  Time since last request: 0.000123 seconds.
  path: Assets/Scenes/Animations_TD/Meshy_AI_Mythical_Sage_0119033914_texture_obj/Meshy_AI_Mythical_Sage_0119033914_texture.mtl
  artifactKey: Guid(5a7b15c33f6c74f0c96f71826979357e) Importer(2089858483,0ecaa5967403d082aa24f35e1b516d23)
Start importing Assets/Scenes/Animations_TD/Meshy_AI_Mythical_Sage_0119033914_texture_obj/Meshy_AI_Mythical_Sage_0119033914_texture.mtl using Guid(5a7b15c33f6c74f0c96f71826979357e) Importer(2089858483,0ecaa5967403d082aa24f35e1b516d23) [PhysX] Initialized MultithreadedTaskDispatcher with 8 workers.
 -> (artifact id: '757b994c5f22d95ff84fb0419d27a7fe') in 0.004808 seconds
Number of updated asset objects reloaded before import = 0
Number of asset objects unloaded after import = 1
========================================================================
Received Import Request.
  Time since last request: 0.000123 seconds.
  path: Assets/scfr.cs
  artifactKey: Guid(92e5dd99472d64c90b827527bd98330c) Importer(2089858483,0ecaa5967403d082aa24f35e1b516d23)
Start importing Assets/scfr.cs using Guid(92e5dd99472d64c90b827527bd98330c) Importer(2089858483,0ecaa5967403d082aa24f35e1b516d23) [PhysX] Initialized MultithreadedTaskDispatcher with 8 workers.
 -> (artifact id: '93e269ad80dfc281776658d1b10a133c') in 0.004810 seconds
Number of updated asset objects reloaded before import = 0
Number of asset objects unloaded after import = 1
========================================================================
Received Import Request.
  Time since last request: 0.000248 seconds.
  path: Assets/AllSkyFree/Deep Dusk/Materials
  artifactKey: Guid(4aae3fe5b090c44f28222184db19e0bb) Importer(2089858483,0ecaa5967403d082aa24f35e1b516d23)
Start importing Assets/AllSkyFree/Deep Dusk/Materials using Guid(4aae3fe5b090c44f28222184db19e0bb) Importer(2089858483,0ecaa5967403d082aa24f35e1b516d23) [PhysX] Initialized MultithreadedTaskDispatcher with 8 workers.
 -> (artifact id: '1dd00e84919747297a142a2fa0ca1fb4') in 0.003597 seconds
Number of updated asset objects reloaded before import = 0
Number of asset objects unloaded after import = 1
========================================================================
Received Import Request.
  Time since last request: 0.000153 seconds.
  path: Assets/AllSkyFree/Deep Dusk/Deep Dusk Equirect.png
  artifactKey: Guid(66e51860485ae4048a30f7e029e65af7) Importer(2089858483,0ecaa5967403d082aa24f35e1b516d23)
Start importing Assets/AllSkyFree/Deep Dusk/Deep Dusk Equirect.png using Guid(66e51860485ae4048a30f7e029e65af7) Importer(2089858483,0ecaa5967403d082aa24f35e1b516d23) [PhysX] Initialized MultithreadedTaskDispatcher with 8 workers.
 -> (artifact id: 'a766dad7e3ae1ea6566d2d279fa52c8a') in 0.040481 seconds
Number of updated asset objects reloaded before import = 0
Number of asset objects unloaded after import = 1
========================================================================
Received Import Request.
  Time since last request: 0.000142 seconds.
  path: Assets/AllSkyFree/Overcast Low/Sky_AllSky_Overcast4_Low_Cam_5_Down-Y.png
  artifactKey: Guid(4164b771c2b784c2da3cbe10847a182e) Importer(2089858483,0ecaa5967403d082aa24f35e1b516d23)
Start importing Assets/AllSkyFree/Overcast Low/Sky_AllSky_Overcast4_Low_Cam_5_Down-Y.png using Guid(4164b771c2b784c2da3cbe10847a182e) Importer(2089858483,0ecaa5967403d082aa24f35e1b516d23) [PhysX] Initialized MultithreadedTaskDispatcher with 8 workers.
 -> (artifact id: '3acb26c4db40792018a4fe917dbaa901') in 0.021740 seconds
Number of updated asset objects reloaded before import = 0
Number of asset objects unloaded after import = 1
========================================================================
Received Import Request.
  Time since last request: 0.000202 seconds.
  path: Assets/AllSkyFree/Overcast Low/AllSky_Overcast4_Low.png
  artifactKey: Guid(c8f21f62fdb3e43c5b32917c84683698) Importer(2089858483,0ecaa5967403d082aa24f35e1b516d23)
Start importing Assets/AllSkyFree/Overcast Low/AllSky_Overcast4_Low.png using Guid(c8f21f62fdb3e43c5b32917c84683698) Importer(2089858483,0ecaa5967403d082aa24f35e1b516d23) [PhysX] Initialized MultithreadedTaskDispatcher with 8 workers.
 -> (artifact id: '8eb430324fbdc6544868e537b7c698d1') in 0.026839 seconds
Number of updated asset objects reloaded before import = 0
Number of asset objects unloaded after import = 1
========================================================================
Received Import Request.
  Time since last request: 0.000244 seconds.
  path: Assets/AllSkyFree/Deep Dusk/Deep Dusk__Cam_0_Front+Z.png
  artifactKey: Guid(5fdaaa9d974104e6d8f9e575170a0c70) Importer(2089858483,0ecaa5967403d082aa24f35e1b516d23)
Start importing Assets/AllSkyFree/Deep Dusk/Deep Dusk__Cam_0_Front+Z.png using Guid(5fdaaa9d974104e6d8f9e575170a0c70) Importer(2089858483,0ecaa5967403d082aa24f35e1b516d23) [PhysX] Initialized MultithreadedTaskDispatcher with 8 workers.
 -> (artifact id: '54586c1cfac5b00c4ff2bca6ecaae08b') in 0.017440 seconds
Number of updated asset objects reloaded before import = 0
Number of asset objects unloaded after import = 1
========================================================================
Received Import Request.
  Time since last request: 0.000152 seconds.
  path: Assets/AllSkyFree/Deep Dusk/Materials/Deep Dusk Equirect.mat
  artifactKey: Guid(4ffb34a3787724fb49d1054285fbcff2) Importer(2089858483,0ecaa5967403d082aa24f35e1b516d23)
Start importing Assets/AllSkyFree/Deep Dusk/Materials/Deep Dusk Equirect.mat using Guid(4ffb34a3787724fb49d1054285fbcff2) Importer(2089858483,0ecaa5967403d082aa24f35e1b516d23) [PhysX] Initialized MultithreadedTaskDispatcher with 8 workers.
 -> (artifact id: '2d3d7114cf027a514da7c75624a531ba') in 0.021868 seconds
Number of updated asset objects reloaded before import = 0
Number of asset objects unloaded after import = 2
========================================================================
Received Import Request.
  Time since last request: 0.000062 seconds.
  path: Assets/AllSkyFree/Cold Sunset/Cold Sunset Equirect.mat
  artifactKey: Guid(01f4eb1c73693428d923f1520032e7f9) Importer(2089858483,0ecaa5967403d082aa24f35e1b516d23)
Start importing Assets/AllSkyFree/Cold Sunset/Cold Sunset Equirect.mat using Guid(01f4eb1c73693428d923f1520032e7f9) Importer(2089858483,0ecaa5967403d082aa24f35e1b516d23) [PhysX] Initialized MultithreadedTaskDispatcher with 8 workers.
 -> (artifact id: '0386a74cc2b5aa779c7b2628c040f4cd') in 0.025979 seconds
Number of updated asset objects reloaded before import = 0
Number of asset objects unloaded after import = 2
========================================================================
Received Import Request.
  Time since last request: 0.000072 seconds.
  path: Assets/AllSkyFree/Overcast Low/Sky_AllSky_Overcast4_Low_Cam_2_Left+X.png
  artifactKey: Guid(4b922104744dc4f5ab309b556a7677da) Importer(2089858483,0ecaa5967403d082aa24f35e1b516d23)
Start importing Assets/AllSkyFree/Overcast Low/Sky_AllSky_Overcast4_Low_Cam_2_Left+X.png using Guid(4b922104744dc4f5ab309b556a7677da) Importer(2089858483,0ecaa5967403d082aa24f35e1b516d23) [PhysX] Initialized MultithreadedTaskDispatcher with 8 workers.
 -> (artifact id: '3d72dd7359624b7fc8a8e8f2a382a776') in 0.029102 seconds
Number of updated asset objects reloaded before import = 0
Number of asset objects unloaded after import = 1
========================================================================
Received Import Request.
  Time since last request: 0.000135 seconds.
  path: Assets/PurePoly/Free Fantasy RPG Weapons/Meshes/PP_Theme_04_Spellbook_003.fbx
  artifactKey: Guid(b25e5ef2999acf7409ace699c8ac2fa4) Importer(2089858483,0ecaa5967403d082aa24f35e1b516d23)
Start importing Assets/PurePoly/Free Fantasy RPG Weapons/Meshes/PP_Theme_04_Spellbook_003.fbx using Guid(b25e5ef2999acf7409ace699c8ac2fa4) Importer(2089858483,0ecaa5967403d082aa24f35e1b516d23) [PhysX] Initialized MultithreadedTaskDispatcher with 8 workers.
 -> (artifact id: '0f8c8a90824cf93a3d3120d67891be44') in 0.024204 seconds
Number of updated asset objects reloaded before import = 0
Number of asset objects unloaded after import = 7
========================================================================
Received Import Request.
  Time since last request: 0.000083 seconds.
  path: Assets/AllSkyFree/Epic_GloriousPink/Materials/Epic_GloriousPink_EquiRect.mat
  artifactKey: Guid(ea63c07f837154254ba3d1780e89d9bb) Importer(2089858483,0ecaa5967403d082aa24f35e1b516d23)
Start importing Assets/AllSkyFree/Epic_GloriousPink/Materials/Epic_GloriousPink_EquiRect.mat using Guid(ea63c07f837154254ba3d1780e89d9bb) Importer(2089858483,0ecaa5967403d082aa24f35e1b516d23) [PhysX] Initialized MultithreadedTaskDispatcher with 8 workers.
 -> (artifact id: 'e996cc8351af8b73361494bd10c3085c') in 0.029906 seconds
Number of updated asset objects reloaded before import = 0
Number of asset objects unloaded after import = 2
========================================================================
Received Import Request.
  Time since last request: 0.000100 seconds.
  path: Assets/AllSkyFree/Space_AnotherPlanet/Materials
  artifactKey: Guid(194a72fc0fc4345ad9ba8f26c6f076f0) Importer(2089858483,0ecaa5967403d082aa24f35e1b516d23)
Start importing Assets/AllSkyFree/Space_AnotherPlanet/Materials using Guid(194a72fc0fc4345ad9ba8f26c6f076f0) Importer(2089858483,0ecaa5967403d082aa24f35e1b516d23) [PhysX] Initialized MultithreadedTaskDispatcher with 8 workers.
 -> (artifact id: '7188b08cc71d37932a0722e0e2385a9a') in 0.005744 seconds
Number of updated asset objects reloaded before import = 0
Number of asset objects unloaded after import = 1
========================================================================
Received Import Request.
  Time since last request: 0.000217 seconds.
  path: Assets/Text (TMP).prefab
  artifactKey: Guid(238e0e50c89024ab6a758fc6711225df) Importer(2089858483,0ecaa5967403d082aa24f35e1b516d23)
Start importing Assets/Text (TMP).prefab using Guid(238e0e50c89024ab6a758fc6711225df) Importer(2089858483,0ecaa5967403d082aa24f35e1b516d23) [PhysX] Initialized MultithreadedTaskDispatcher with 8 workers.
 -> (artifact id: 'ecf1aaef5d7e34350541461aedb54ce6') in 0.241291 seconds
Number of updated asset objects reloaded before import = 0
Number of asset objects unloaded after import = 15
========================================================================
Received Import Request.
  Time since last request: 0.009944 seconds.
  path: Assets/TextMesh Pro/Shaders/TMP_SDF-Mobile SSD.shader
  artifactKey: Guid(c8d12adcee749c344b8117cf7c7eb912) Importer(2089858483,0ecaa5967403d082aa24f35e1b516d23)
Start importing Assets/TextMesh Pro/Shaders/TMP_SDF-Mobile SSD.shader using Guid(c8d12adcee749c344b8117cf7c7eb912) Importer(2089858483,0ecaa5967403d082aa24f35e1b516d23) [PhysX] Initialized MultithreadedTaskDispatcher with 8 workers.
 -> (artifact id: 'd58f64e7aac56a287b23a51bee9ba00b') in 0.015745 seconds
Number of updated asset objects reloaded before import = 0
Number of asset objects unloaded after import = 1
========================================================================
Received Import Request.
  Time since last request: 0.003845 seconds.
  path: Assets/AllSkyFree/Epic_GloriousPink/Epic_GloriousPink_Cam_3_Right-X.png
  artifactKey: Guid(938f8444195114ab791cdba8f627e3e7) Importer(2089858483,0ecaa5967403d082aa24f35e1b516d23)
Start importing Assets/AllSkyFree/Epic_GloriousPink/Epic_GloriousPink_Cam_3_Right-X.png using Guid(938f8444195114ab791cdba8f627e3e7) Importer(2089858483,0ecaa5967403d082aa24f35e1b516d23) [PhysX] Initialized MultithreadedTaskDispatcher with 8 workers.
 -> (artifact id: '8002d77ce44bccc58f7ddfa6fa2654c1') in 0.032081 seconds
Number of updated asset objects reloaded before import = 0
Number of asset objects unloaded after import = 1
========================================================================
Received Import Request.
  Time since last request: 0.000933 seconds.
  path: Assets/AllSkyFree/Epic_GloriousPink/Materials
  artifactKey: Guid(a855f2fde066b4ee1bb19a8573de1f3d) Importer(2089858483,0ecaa5967403d082aa24f35e1b516d23)
Start importing Assets/AllSkyFree/Epic_GloriousPink/Materials using Guid(a855f2fde066b4ee1bb19a8573de1f3d) Importer(2089858483,0ecaa5967403d082aa24f35e1b516d23) [PhysX] Initialized MultithreadedTaskDispatcher with 8 workers.
 -> (artifact id: '4c6cc56d22cf49f7880c31baaf754c4b') in 0.013674 seconds
Number of updated asset objects reloaded before import = 0
Number of asset objects unloaded after import = 1
========================================================================
Received Import Request.
  Time since last request: 0.005034 seconds.
  path: Assets/AllSkyFree/_AllSkyFreeDemoEnvironment/AllSky_DemoEnvironment.fbx
  artifactKey: Guid(3ca2c2ce56b9e44f598f5de419ce4e8a) Importer(2089858483,0ecaa5967403d082aa24f35e1b516d23)
Start importing Assets/AllSkyFree/_AllSkyFreeDemoEnvironment/AllSky_DemoEnvironment.fbx using Guid(3ca2c2ce56b9e44f598f5de419ce4e8a) Importer(2089858483,0ecaa5967403d082aa24f35e1b516d23) [PhysX] Initialized MultithreadedTaskDispatcher with 8 workers.
 -> (artifact id: '679482ea2b7c40efee29008b0a16e35c') in 0.063661 seconds
Number of updated asset objects reloaded before import = 0
Number of asset objects unloaded after import = 7
========================================================================
Received Import Request.
  Time since last request: 0.000066 seconds.
  path: Assets/Scenes/Animations_TD/Meshy_AI_quadruped
  artifactKey: Guid(c4b54044387654b89a5284ac3735160e) Importer(2089858483,0ecaa5967403d082aa24f35e1b516d23)
Start importing Assets/Scenes/Animations_TD/Meshy_AI_quadruped using Guid(c4b54044387654b89a5284ac3735160e) Importer(2089858483,0ecaa5967403d082aa24f35e1b516d23) [PhysX] Initialized MultithreadedTaskDispatcher with 8 workers.
 -> (artifact id: '2fc82b202d08a6c7f926af98cd9a65ac') in 0.004203 seconds
Number of updated asset objects reloaded before import = 0
Number of asset objects unloaded after import = 1
========================================================================
Received Import Request.
  Time since last request: 0.000168 seconds.
  path: Assets/Scenes/Animations_TD/Mesh_skibby/Materials/Meshy_AI_Skeletonbot_Expressiv_0119015102_texture_normal.mat
  artifactKey: Guid(605545696d98c4af68ec65b96c02a169) Importer(2089858483,0ecaa5967403d082aa24f35e1b516d23)
Start importing Assets/Scenes/Animations_TD/Mesh_skibby/Materials/Meshy_AI_Skeletonbot_Expressiv_0119015102_texture_normal.mat using Guid(605545696d98c4af68ec65b96c02a169) Importer(2089858483,0ecaa5967403d082aa24f35e1b516d23) [PhysX] Initialized MultithreadedTaskDispatcher with 8 workers.
 -> (artifact id: '2ddf120597fadbe7684542d188d03dc9') in 0.012125 seconds
Number of updated asset objects reloaded before import = 0
Number of asset objects unloaded after import = 2
========================================================================
Received Import Request.
  Time since last request: 0.000461 seconds.
  path: Assets/AllSkyFree/Cartoon Base NightSky/Cartoon Base NightSky_Cam_2_Left+X.png
  artifactKey: Guid(30795c4c7d28549fc98ea24071c47626) Importer(2089858483,0ecaa5967403d082aa24f35e1b516d23)
Start importing Assets/AllSkyFree/Cartoon Base NightSky/Cartoon Base NightSky_Cam_2_Left+X.png using Guid(30795c4c7d28549fc98ea24071c47626) Importer(2089858483,0ecaa5967403d082aa24f35e1b516d23) [PhysX] Initialized MultithreadedTaskDispatcher with 8 workers.
 -> (artifact id: '418f88441d649fd304f4ae78d55f6945') in 0.029960 seconds
Number of updated asset objects reloaded before import = 0
Number of asset objects unloaded after import = 1
========================================================================
Received Import Request.
  Time since last request: 0.000114 seconds.
  path: Assets/Scenes/Animations_TD/Skibby.controller
  artifactKey: Guid(d9d8867fdf82e46869c50faa49f9b7c9) Importer(2089858483,0ecaa5967403d082aa24f35e1b516d23)
Start importing Assets/Scenes/Animations_TD/Skibby.controller using Guid(d9d8867fdf82e46869c50faa49f9b7c9) Importer(2089858483,0ecaa5967403d082aa24f35e1b516d23) [PhysX] Initialized MultithreadedTaskDispatcher with 8 workers.
 -> (artifact id: '19a18005c1169d1840ccf3b1879d71d0') in 0.016670 seconds
Number of updated asset objects reloaded before import = 0
Number of asset objects unloaded after import = 4
========================================================================
Received Import Request.
  Time since last request: 0.000067 seconds.
  path: Assets/TextMesh Pro/Resources/Style Sheets/Default Style Sheet.asset
  artifactKey: Guid(f952c082cb03451daed3ee968ac6c63e) Importer(2089858483,0ecaa5967403d082aa24f35e1b516d23)
Start importing Assets/TextMesh Pro/Resources/Style Sheets/Default Style Sheet.asset using Guid(f952c082cb03451daed3ee968ac6c63e) Importer(2089858483,0ecaa5967403d082aa24f35e1b516d23) [PhysX] Initialized MultithreadedTaskDispatcher with 8 workers.
 -> (artifact id: '0e47deff0058f1e2b1ae24ebcf2b6f09') in 0.006890 seconds
Number of updated asset objects reloaded before import = 0
Number of asset objects unloaded after import = 1
========================================================================
Received Import Request.
  Time since last request: 0.000148 seconds.
  path: Assets/TextMesh Pro/Resources/Fonts & Materials/LiberationSans SDF.asset
  artifactKey: Guid(8f586378b4e144a9851e7b34d9b748ee) Importer(2089858483,0ecaa5967403d082aa24f35e1b516d23)
Start importing Assets/TextMesh Pro/Resources/Fonts & Materials/LiberationSans SDF.asset using Guid(8f586378b4e144a9851e7b34d9b748ee) Importer(2089858483,0ecaa5967403d082aa24f35e1b516d23) [PhysX] Initialized MultithreadedTaskDispatcher with 8 workers.
 -> (artifact id: '60c24e846c5588960b9e523ddae29cb7') in 0.070038 seconds
Number of updated asset objects reloaded before import = 0
Number of asset objects unloaded after import = 9
========================================================================
Received Import Request.
  Time since last request: 0.000108 seconds.
  path: Assets/Scenes/Animations_TD/Mesh_skibby/Meshy_AI_Skeletonbot_Expressiv_0119015102_texture_roughness.png
  artifactKey: Guid(fa8efe6a2d0c64ddb961a2c467adb8ff) Importer(2089858483,0ecaa5967403d082aa24f35e1b516d23)
Start importing Assets/Scenes/Animations_TD/Mesh_skibby/Meshy_AI_Skeletonbot_Expressiv_0119015102_texture_roughness.png using Guid(fa8efe6a2d0c64ddb961a2c467adb8ff) Importer(2089858483,0ecaa5967403d082aa24f35e1b516d23) [PhysX] Initialized MultithreadedTaskDispatcher with 8 workers.
 -> (artifact id: 'f2f8fa8fbe4b5b9d48f98e3573dc5b55') in 0.026856 seconds
Number of updated asset objects reloaded before import = 0
Number of asset objects unloaded after import = 1
========================================================================
Received Import Request.
  Time since last request: 0.000113 seconds.
  path: Assets/AllSkyFree/Cartoon Base BlueSky/Sky_Day_BlueSky_Nothing_Cam_3_Right-X.png
  artifactKey: Guid(d3b809c8b33ff46faa4245f0bca7e6fe) Importer(2089858483,0ecaa5967403d082aa24f35e1b516d23)
Start importing Assets/AllSkyFree/Cartoon Base BlueSky/Sky_Day_BlueSky_Nothing_Cam_3_Right-X.png using Guid(d3b809c8b33ff46faa4245f0bca7e6fe) Importer(2089858483,0ecaa5967403d082aa24f35e1b516d23) [PhysX] Initialized MultithreadedTaskDispatcher with 8 workers.
 -> (artifact id: '9372de7e284d6f2ac6e354ba420640d3') in 0.022364 seconds
Number of updated asset objects reloaded before import = 0
Number of asset objects unloaded after import = 1
========================================================================
Received Import Request.
  Time since last request: 0.000150 seconds.
  path: Assets/AllSkyFree/Space_AnotherPlanet/AllSky_Space_AnotherPlanet.unity
  artifactKey: Guid(32897540bc73941088749c21da202563) Importer(2089858483,0ecaa5967403d082aa24f35e1b516d23)
Start importing Assets/AllSkyFree/Space_AnotherPlanet/AllSky_Space_AnotherPlanet.unity using Guid(32897540bc73941088749c21da202563) Importer(2089858483,0ecaa5967403d082aa24f35e1b516d23) [PhysX] Initialized MultithreadedTaskDispatcher with 8 workers.
 -> (artifact id: '3d578f2356b40595bc6416818d978bc0') in 0.004087 seconds
Number of updated asset objects reloaded before import = 0
Number of asset objects unloaded after import = 1
========================================================================
Received Import Request.
  Time since last request: 0.000198 seconds.
  path: Assets/Scenes/Animations_TD/Meshy_AI_quadruped/Meshy_AI_Cerberus_Inferno_0119032321_texture_fbx/Meshy_AI_Cerberus_Inferno_0119032321_texture_metallic.png
  artifactKey: Guid(19466442388344d7f85350a1a729ab7f) Importer(2089858483,0ecaa5967403d082aa24f35e1b516d23)
Start importing Assets/Scenes/Animations_TD/Meshy_AI_quadruped/Meshy_AI_Cerberus_Inferno_0119032321_texture_fbx/Meshy_AI_Cerberus_Inferno_0119032321_texture_metallic.png using Guid(19466442388344d7f85350a1a729ab7f) Importer(2089858483,0ecaa5967403d082aa24f35e1b516d23) [PhysX] Initialized MultithreadedTaskDispatcher with 8 workers.
 -> (artifact id: '74c61cdbecfc450527abde3be230056f') in 0.017579 seconds
Number of updated asset objects reloaded before import = 0
Number of asset objects unloaded after import = 1
========================================================================
Received Import Request.
  Time since last request: 0.000297 seconds.
  path: Assets/AllSkyFree/Cold Sunset/Cold Sunset__Cam_5_Down-Y.png
  artifactKey: Guid(6458ffa0dcd6b4ea5b30ac5085d8c68a) Importer(2089858483,0ecaa5967403d082aa24f35e1b516d23)
Start importing Assets/AllSkyFree/Cold Sunset/Cold Sunset__Cam_5_Down-Y.png using Guid(6458ffa0dcd6b4ea5b30ac5085d8c68a) Importer(2089858483,0ecaa5967403d082aa24f35e1b516d23) [PhysX] Initialized MultithreadedTaskDispatcher with 8 workers.
 -> (artifact id: 'aa7e417eeee4372911dff42f9d44d9a4') in 0.025182 seconds
Number of updated asset objects reloaded before import = 0
Number of asset objects unloaded after import = 1
========================================================================
Received Import Request.
  Time since last request: 0.000185 seconds.
  path: Assets/TextMesh Pro/Resources
  artifactKey: Guid(243e06394e614e5d99fab26083b707fa) Importer(2089858483,0ecaa5967403d082aa24f35e1b516d23)
Start importing Assets/TextMesh Pro/Resources using Guid(243e06394e614e5d99fab26083b707fa) Importer(2089858483,0ecaa5967403d082aa24f35e1b516d23) [PhysX] Initialized MultithreadedTaskDispatcher with 8 workers.
 -> (artifact id: '37ca88666466bbb8449bb5c919d5d337') in 0.003122 seconds
Number of updated asset objects reloaded before import = 0
Number of asset objects unloaded after import = 1
========================================================================
Received Import Request.
  Time since last request: 0.000139 seconds.
  path: Assets/AllSkyFree/Deep Dusk
  artifactKey: Guid(6e2365a3b549547b998c293780300ffe) Importer(2089858483,0ecaa5967403d082aa24f35e1b516d23)
Start importing Assets/AllSkyFree/Deep Dusk using Guid(6e2365a3b549547b998c293780300ffe) Importer(2089858483,0ecaa5967403d082aa24f35e1b516d23) [PhysX] Initialized MultithreadedTaskDispatcher with 8 workers.
 -> (artifact id: '4c53d9a124175429dd503a6061d59a86') in 0.003106 seconds
Number of updated asset objects reloaded before import = 0
Number of asset objects unloaded after import = 1
========================================================================
Received Import Request.
  Time since last request: 0.000176 seconds.
  path: Assets/AllSkyFree/Cartoon Base NightSky/Cartoon Base NightSkySettings.lighting
  artifactKey: Guid(ad4ff4a0a8bbf490d928cae6660e451b) Importer(2089858483,0ecaa5967403d082aa24f35e1b516d23)
Start importing Assets/AllSkyFree/Cartoon Base NightSky/Cartoon Base NightSkySettings.lighting using Guid(ad4ff4a0a8bbf490d928cae6660e451b) Importer(2089858483,0ecaa5967403d082aa24f35e1b516d23) [PhysX] Initialized MultithreadedTaskDispatcher with 8 workers.
LightingSettings: switching bake backend from 2 to 0.
 -> (artifact id: '65e115d6ac03ebb60c24f9719a8b83ba') in 0.012361 seconds
Number of updated asset objects reloaded before import = 0
Number of asset objects unloaded after import = 1
========================================================================
Received Import Request.
  Time since last request: 0.000117 seconds.
  path: Assets/PurePoly/Free Fantasy RPG Weapons/Meshes/PP_Theme_10_Torch_001.fbx
  artifactKey: Guid(4a3470166c477034489036bd22aaee91) Importer(2089858483,0ecaa5967403d082aa24f35e1b516d23)
Start importing Assets/PurePoly/Free Fantasy RPG Weapons/Meshes/PP_Theme_10_Torch_001.fbx using Guid(4a3470166c477034489036bd22aaee91) Importer(2089858483,0ecaa5967403d082aa24f35e1b516d23) [PhysX] Initialized MultithreadedTaskDispatcher with 8 workers.
 -> (artifact id: '403d8b8cdc214aa5a4ba8a6454e79180') in 0.018680 seconds
Number of updated asset objects reloaded before import = 0
Number of asset objects unloaded after import = 7
========================================================================
Received Import Request.
  Time since last request: 0.000083 seconds.
  path: Assets/PurePoly/Free Fantasy RPG Weapons/Materials/PP_Ground.mat
  artifactKey: Guid(b6c6c12778742f74587225971bba2556) Importer(2089858483,0ecaa5967403d082aa24f35e1b516d23)
Start importing Assets/PurePoly/Free Fantasy RPG Weapons/Materials/PP_Ground.mat using Guid(b6c6c12778742f74587225971bba2556) Importer(2089858483,0ecaa5967403d082aa24f35e1b516d23) [PhysX] Initialized MultithreadedTaskDispatcher with 8 workers.
 -> (artifact id: 'c133be18b67b7371c2c7d6585fdbff19') in 0.006628 seconds
Number of updated asset objects reloaded before import = 0
Number of asset objects unloaded after import = 1
========================================================================
Received Import Request.
  Time since last request: 0.000241 seconds.
  path: Assets/AllSkyFree/Night MoonBurst/Night Moon Burst_Cam_3_Right-X.png
  artifactKey: Guid(8e462a9bf0b1941148e4318e741d7b09) Importer(2089858483,0ecaa5967403d082aa24f35e1b516d23)
Start importing Assets/AllSkyFree/Night MoonBurst/Night Moon Burst_Cam_3_Right-X.png using Guid(8e462a9bf0b1941148e4318e741d7b09) Importer(2089858483,0ecaa5967403d082aa24f35e1b516d23) [PhysX] Initialized MultithreadedTaskDispatcher with 8 workers.
 -> (artifact id: '55079036ed8a0bc9b35f8ab0f960f4b8') in 0.027110 seconds
Number of updated asset objects reloaded before import = 0
Number of asset objects unloaded after import = 1
========================================================================
Received Import Request.
  Time since last request: 0.000685 seconds.
  path: Assets/PurePoly/Free Fantasy RPG Weapons/Prefabs/PP_Theme_05_Chakram_001.prefab
  artifactKey: Guid(9214597ca565f5840be2b48f71eb9966) Importer(2089858483,0ecaa5967403d082aa24f35e1b516d23)
Start importing Assets/PurePoly/Free Fantasy RPG Weapons/Prefabs/PP_Theme_05_Chakram_001.prefab using Guid(9214597ca565f5840be2b48f71eb9966) Importer(2089858483,0ecaa5967403d082aa24f35e1b516d23) [PhysX] Initialized MultithreadedTaskDispatcher with 8 workers.
 -> (artifact id: '150daccec5c198fecda91d8cf5416801') in 0.015249 seconds
Number of updated asset objects reloaded before import = 0
Number of asset objects unloaded after import = 8
========================================================================
Received Import Request.
  Time since last request: 0.000204 seconds.
  path: Assets/AllSkyFree/_AllSkyFreeDemoEnvironment/Materials/AllSkyDemoEnv_Building.mat
  artifactKey: Guid(4ecd3f24879b0402c92f21617e3db5e1) Importer(2089858483,0ecaa5967403d082aa24f35e1b516d23)
Start importing Assets/AllSkyFree/_AllSkyFreeDemoEnvironment/Materials/AllSkyDemoEnv_Building.mat using Guid(4ecd3f24879b0402c92f21617e3db5e1) Importer(2089858483,0ecaa5967403d082aa24f35e1b516d23) [PhysX] Initialized MultithreadedTaskDispatcher with 8 workers.
 -> (artifact id: '07e3d775289423d44735acee17b25682') in 0.006560 seconds
Number of updated asset objects reloaded before import = 0
Number of asset objects unloaded after import = 1
========================================================================
Received Import Request.
  Time since last request: 0.000127 seconds.
  path: Assets/PurePoly/Free Fantasy RPG Weapons/Prefabs/PP_Theme_09_Throwing_Knife_003.prefab
  artifactKey: Guid(d1861434b39b5f24fa7e382f70176249) Importer(2089858483,0ecaa5967403d082aa24f35e1b516d23)
Start importing Assets/PurePoly/Free Fantasy RPG Weapons/Prefabs/PP_Theme_09_Throwing_Knife_003.prefab using Guid(d1861434b39b5f24fa7e382f70176249) Importer(2089858483,0ecaa5967403d082aa24f35e1b516d23) [PhysX] Initialized MultithreadedTaskDispatcher with 8 workers.
 -> (artifact id: '5670910c98a5a3629bb1b908ed224412') in 0.019195 seconds
Number of updated asset objects reloaded before import = 0
Number of asset objects unloaded after import = 8
========================================================================
Received Import Request.
  Time since last request: 0.000069 seconds.
  path: Assets/TextMesh Pro/Fonts/LiberationSans - OFL.txt
  artifactKey: Guid(6e59c59b81ab47f9b6ec5781fa725d2c) Importer(2089858483,0ecaa5967403d082aa24f35e1b516d23)
Start importing Assets/TextMesh Pro/Fonts/LiberationSans - OFL.txt using Guid(6e59c59b81ab47f9b6ec5781fa725d2c) Importer(2089858483,0ecaa5967403d082aa24f35e1b516d23) [PhysX] Initialized MultithreadedTaskDispatcher with 8 workers.
 -> (artifact id: '70b224d6f95157c275d0674eef60fc8d') in 0.009560 seconds
Number of updated asset objects reloaded before import = 0
Number of asset objects unloaded after import = 1
========================================================================
Received Import Request.
  Time since last request: 0.000371 seconds.
  path: Assets/TextMesh Pro/Resources/Sprite Assets
  artifactKey: Guid(512a49d95c0c4332bdd98131869c23c9) Importer(2089858483,0ecaa5967403d082aa24f35e1b516d23)
Start importing Assets/TextMesh Pro/Resources/Sprite Assets using Guid(512a49d95c0c4332bdd98131869c23c9) Importer(2089858483,0ecaa5967403d082aa24f35e1b516d23) [PhysX] Initialized MultithreadedTaskDispatcher with 8 workers.
 -> (artifact id: '7aaacc0f10eb521c40ffc7de4d617062') in 0.005441 seconds
Number of updated asset objects reloaded before import = 0
Number of asset objects unloaded after import = 1
========================================================================
Received Import Request.
  Time since last request: 0.000183 seconds.
  path: Assets/PurePoly/Free Fantasy RPG Weapons/Meshes/PP_Theme_11_Sword_One-Handed_003.fbx
  artifactKey: Guid(04f985cdf7bfe8a4e8c32f7af2d69cf2) Importer(2089858483,0ecaa5967403d082aa24f35e1b516d23)
Start importing Assets/PurePoly/Free Fantasy RPG Weapons/Meshes/PP_Theme_11_Sword_One-Handed_003.fbx using Guid(04f985cdf7bfe8a4e8c32f7af2d69cf2) Importer(2089858483,0ecaa5967403d082aa24f35e1b516d23) [PhysX] Initialized MultithreadedTaskDispatcher with 8 workers.
 -> (artifact id: 'cfa75d7aab971ca024a3b3e1aa4029bc') in 0.029038 seconds
Number of updated asset objects reloaded before import = 0
Number of asset objects unloaded after import = 7
========================================================================
Received Import Request.
  Time since last request: 0.000058 seconds.
  path: Assets/AllSkyFree/Deep Dusk/Deep Dusk__Cam_3_Right-X.png
  artifactKey: Guid(47551dad0d90646a9a5dac436076f38a) Importer(2089858483,0ecaa5967403d082aa24f35e1b516d23)
Start importing Assets/AllSkyFree/Deep Dusk/Deep Dusk__Cam_3_Right-X.png using Guid(47551dad0d90646a9a5dac436076f38a) Importer(2089858483,0ecaa5967403d082aa24f35e1b516d23) [PhysX] Initialized MultithreadedTaskDispatcher with 8 workers.
 -> (artifact id: '9d4388cdff743e2bb424ce75f43d5da1') in 0.016713 seconds
Number of updated asset objects reloaded before import = 0
Number of asset objects unloaded after import = 1
========================================================================
Received Import Request.
  Time since last request: 0.000155 seconds.
  path: Assets/Scenes/Animations_TD/Meshy_AI_Mythical_Sage_0119033914_texture_obj/Meshy_AI_Mythical_Sage_0119033914_texture.obj
  artifactKey: Guid(08ae49a23320f4bd791f4c6f9d73a757) Importer(2089858483,0ecaa5967403d082aa24f35e1b516d23)
Start importing Assets/Scenes/Animations_TD/Meshy_AI_Mythical_Sage_0119033914_texture_obj/Meshy_AI_Mythical_Sage_0119033914_texture.obj using Guid(08ae49a23320f4bd791f4c6f9d73a757) Importer(2089858483,0ecaa5967403d082aa24f35e1b516d23) [PhysX] Initialized MultithreadedTaskDispatcher with 8 workers.
 -> (artifact id: 'f0377082150e4f59e508d2c9e7818aae') in 0.044133 seconds
Number of updated asset objects reloaded before import = 0
Number of asset objects unloaded after import = 11
========================================================================
Received Import Request.
  Time since last request: 0.000084 seconds.
  path: Assets/PurePoly/Free Fantasy RPG Weapons/Prefabs/PP_Theme_05_Dynamite_003.prefab
  artifactKey: Guid(6cdb04d4ca8080a40ac448e988452783) Importer(2089858483,0ecaa5967403d082aa24f35e1b516d23)
Start importing Assets/PurePoly/Free Fantasy RPG Weapons/Prefabs/PP_Theme_05_Dynamite_003.prefab using Guid(6cdb04d4ca8080a40ac448e988452783) Importer(2089858483,0ecaa5967403d082aa24f35e1b516d23) [PhysX] Initialized MultithreadedTaskDispatcher with 8 workers.
 -> (artifact id: '30a1434fac277ea2e0793f974b243dfc') in 0.017637 seconds
Number of updated asset objects reloaded before import = 0
Number of asset objects unloaded after import = 8
========================================================================
Received Import Request.
  Time since last request: 0.000055 seconds.
  path: Assets/PurePoly/Free Fantasy RPG Weapons/Prefabs/PP_Theme_09_Key_002.prefab
  artifactKey: Guid(fd7df93bfa8c5ae4cbd5c92f89264a47) Importer(2089858483,0ecaa5967403d082aa24f35e1b516d23)
Start importing Assets/PurePoly/Free Fantasy RPG Weapons/Prefabs/PP_Theme_09_Key_002.prefab using Guid(fd7df93bfa8c5ae4cbd5c92f89264a47) Importer(2089858483,0ecaa5967403d082aa24f35e1b516d23) [PhysX] Initialized MultithreadedTaskDispatcher with 8 workers.
 -> (artifact id: '2ae8b25995bce06f06347de610b28b08') in 0.011441 seconds
Number of updated asset objects reloaded before import = 0
Number of asset objects unloaded after import = 8
========================================================================
Received Import Request.
  Time since last request: 0.000043 seconds.
  path: Assets/AllSkyFree/Cartoon Base BlueSky/Sky_Day_BlueSky_Nothing_Cam_1_Back-Z.png
  artifactKey: Guid(33cbefefe2c7f4e77ac959c74eef5d4d) Importer(2089858483,0ecaa5967403d082aa24f35e1b516d23)
Start importing Assets/AllSkyFree/Cartoon Base BlueSky/Sky_Day_BlueSky_Nothing_Cam_1_Back-Z.png using Guid(33cbefefe2c7f4e77ac959c74eef5d4d) Importer(2089858483,0ecaa5967403d082aa24f35e1b516d23) [PhysX] Initialized MultithreadedTaskDispatcher with 8 workers.
 -> (artifact id: 'fcddc7a6cf0cc1262533ca3acd04efce') in 0.020891 seconds
Number of updated asset objects reloaded before import = 0
Number of asset objects unloaded after import = 1
========================================================================
Received Import Request.
  Time since last request: 0.000153 seconds.
  path: Assets/PurePoly/Free Fantasy RPG Weapons/Meshes
  artifactKey: Guid(2491f3228ffda4d46a5aff1979fb602c) Importer(2089858483,0ecaa5967403d082aa24f35e1b516d23)
Start importing Assets/PurePoly/Free Fantasy RPG Weapons/Meshes using Guid(2491f3228ffda4d46a5aff1979fb602c) Importer(2089858483,0ecaa5967403d082aa24f35e1b516d23) [PhysX] Initialized MultithreadedTaskDispatcher with 8 workers.
 -> (artifact id: '80070b1d7ece7c44e5b01eb8199c7f13') in 0.003983 seconds
Number of updated asset objects reloaded before import = 0
Number of asset objects unloaded after import = 1
